prompt_id,category,length,scheme,key_id,value,eligible_positions
replication-0000,classification,128,kgw,kgw-00,2.2569146886503555,121
replication-0000,classification,128,kgw,kgw-01,0.1574591643244434,121
replication-0000,classification,128,kgw,kgw-02,-0.262431940540739,121
replication-0000,classification,128,kgw,kgw-03,0.787295821622217,121
replication-0000,classification,128,kgw,kgw-04,-1.5221052551362861,121
replication-0000,classification,128,kgw,kgw-05,1.4171324789199906,121
replication-0000,classification,128,kgw,kgw-06,0.1574591643244434,121
replication-0000,classification,128,kgw,kgw-07,-0.262431940540739,121
replication-0000,classification,128,kgw,kgw-08,-1.7320508075688774,121
replication-0000,classification,128,kgw,kgw-09,1.4171324789199906,121
replication-0000,classification,128,synthid,synthid-00,0.4962962962962963,120
replication-0000,classification,128,synthid,synthid-01,0.5064814814814815,120
replication-0000,classification,128,synthid,synthid-02,0.5157407407407407,120
replication-0000,classification,128,synthid,synthid-03,0.5,120
replication-0000,classification,128,synthid,synthid-04,0.5333333333333333,120
replication-0000,classification,128,synthid,synthid-05,0.475,120
replication-0000,classification,128,synthid,synthid-06,0.48703703703703705,120
replication-0000,classification,128,synthid,synthid-07,0.5046296296296297,120
replication-0000,classification,128,synthid,synthid-08,0.5222222222222223,120
replication-0000,classification,128,synthid,synthid-09,0.525,120
replication-0000,classification,256,kgw,kgw-00,2.7037037037037037,243
replication-0000,classification,256,kgw,kgw-01,0.037037037037037035,243
replication-0000,classification,256,kgw,kgw-02,-0.25925925925925924,243
replication-0000,classification,256,kgw,kgw-03,-0.25925925925925924,243
replication-0000,classification,256,kgw,kgw-04,-0.5555555555555556,243
replication-0000,classification,256,kgw,kgw-05,0.3333333333333333,243
replication-0000,classification,256,kgw,kgw-06,-0.1111111111111111,243
replication-0000,classification,256,kgw,kgw-07,0.6296296296296297,243
replication-0000,classification,256,kgw,kgw-08,-0.7037037037037037,243
replication-0000,classification,256,kgw,kgw-09,0.3333333333333333,243
replication-0000,classification,256,synthid,synthid-00,0.4898989898989899,242
replication-0000,classification,256,synthid,synthid-01,0.5050505050505051,242
replication-0000,classification,256,synthid,synthid-02,0.5146923783287419,242
replication-0000,classification,256,synthid,synthid-03,0.48622589531680444,242
replication-0000,classification,256,synthid,synthid-04,0.5252525252525253,242
replication-0000,classification,256,synthid,synthid-05,0.4967860422405877,242
replication-0000,classification,256,synthid,synthid-06,0.5087235996326905,242
replication-0000,classification,256,synthid,synthid-07,0.49770431588613406,242
replication-0000,classification,256,synthid,synthid-08,0.5,242
replication-0000,classification,256,synthid,synthid-09,0.5183654729109275,242
replication-0000,classification,512,kgw,kgw-00,2.405589810011704,477
replication-0000,classification,512,kgw,kgw-01,-0.23791547571544322,477
replication-0000,classification,512,kgw,kgw-02,1.453927907149931,477
replication-0000,classification,512,kgw,kgw-03,-0.449395898573615,477
replication-0000,classification,512,kgw,kgw-04,0.8194866385754156,477
replication-0000,classification,512,kgw,kgw-05,0.9252268500045014,477
replication-0000,classification,512,kgw,kgw-06,-0.449395898573615,477
replication-0000,classification,512,kgw,kgw-07,1.0309670614335873,477
replication-0000,classification,512,kgw,kgw-08,0.2907855814299862,477
replication-0000,classification,512,kgw,kgw-09,-0.5551361100027009,477
replication-0000,classification,512,synthid,synthid-00,0.5011671335200747,476
replication-0000,classification,512,synthid,synthid-01,0.5130718954248366,476
replication-0000,classification,512,synthid,synthid-02,0.5207749766573296,476
replication-0000,classification,512,synthid,synthid-03,0.49042950513538747,476
replication-0000,classification,512,synthid,synthid-04,0.5170401493930906,476
replication-0000,classification,512,synthid,synthid-05,0.4969654528478058,476
replication-0000,classification,512,synthid,synthid-06,0.5072362278244631,476
replication-0000,classification,512,synthid,synthid-07,0.4995331465919701,476
replication-0000,classification,512,synthid,synthid-08,0.49533146591970123,476
replication-0000,classification,512,synthid,synthid-09,0.5130718954248366,476
replication-0001,closed_qa,128,kgw,kgw-00,1.0141449740988853,117
replication-0001,closed_qa,128,kgw,kgw-01,-0.4803844614152614,117
replication-0001,closed_qa,128,kgw,kgw-02,0.5871365639519862,117
replication-0001,closed_qa,128,kgw,kgw-03,0.16012815380508716,117
replication-0001,closed_qa,128,kgw,kgw-04,3.1491870248333806,117
replication-0001,closed_qa,128,kgw,kgw-05,1.0141449740988853,117
replication-0001,closed_qa,128,kgw,kgw-06,1.4411533842457842,117
replication-0001,closed_qa,128,kgw,kgw-07,0.3736323588785367,117
replication-0001,closed_qa,128,kgw,kgw-08,-0.9073928715621605,117
replication-0001,closed_qa,128,kgw,kgw-09,-1.1208970766356101,117
replication-0001,closed_qa,128,synthid,synthid-00,0.4846743295019157,116
replication-0001,closed_qa,128,synthid,synthid-01,0.49712643678160917,116
replication-0001,closed_qa,128,synthid,synthid-02,0.49712643678160917,116
replication-0001,closed_qa,128,synthid,synthid-03,0.5095785440613027,116
replication-0001,closed_qa,128,synthid,synthid-04,0.49233716475095785,116
replication-0001,closed_qa,128,synthid,synthid-05,0.4904214559386973,116
replication-0001,closed_qa,128,synthid,synthid-06,0.49712643678160917,116
replication-0001,closed_qa,128,synthid,synthid-07,0.5114942528735632,116
replication-0001,closed_qa,128,synthid,synthid-08,0.5114942528735632,116
replication-0001,closed_qa,128,synthid,synthid-09,0.4789272030651341,116
replication-0001,closed_qa,256,kgw,kgw-00,1.3935006177362124,235
replication-0001,closed_qa,256,kgw,kgw-01,-0.2636352520041483,235
replication-0001,closed_qa,256,kgw,kgw-02,0.03766217885773547,235
replication-0001,closed_qa,256,kgw,kgw-03,-0.11298653657320641,235
replication-0001,closed_qa,256,kgw,kgw-04,1.5441493331671543,235
replication-0001,closed_qa,256,kgw,kgw-05,0.640257040581503,235
replication-0001,closed_qa,256,kgw,kgw-06,1.5441493331671543,235
replication-0001,closed_qa,256,kgw,kgw-07,-0.4142839674350902,235
replication-0001,closed_qa,256,kgw,kgw-08,-1.3181762600207416,235
replication-0001,closed_qa,256,kgw,kgw-09,-0.564932682866032,235
replication-0001,closed_qa,256,synthid,synthid-00,0.48100664767331436,234
replication-0001,closed_qa,256,synthid,synthid-01,0.49335232668566004,234
replication-0001,closed_qa,256,synthid,synthid-02,0.5,234
replication-0001,closed_qa,256,synthid,synthid-03,0.5052231718898386,234
replication-0001,closed_qa,256,synthid,synthid-04,0.4976258309591643,234
replication-0001,closed_qa,256,synthid,synthid-05,0.49810066476733145,234
replication-0001,closed_qa,256,synthid,synthid-06,0.4990503323836657,234
replication-0001,closed_qa,256,synthid,synthid-07,0.4952516619183286,234
replication-0001,closed_qa,256,synthid,synthid-08,0.5004748338081672,234
replication-0001,closed_qa,256,synthid,synthid-09,0.5128205128205128,234
replication-0001,closed_qa,512,kgw,kgw-00,1.0441851275732486,465
replication-0001,closed_qa,512,kgw,kgw-01,2.008048322256247,465
replication-0001,closed_qa,512,kgw,kgw-02,-1.5261167249147478,465
replication-0001,closed_qa,512,kgw,kgw-03,0.6158014854919158,465
replication-0001,closed_qa,512,kgw,kgw-04,1.4725687696545813,465
replication-0001,closed_qa,512,kgw,kgw-05,0.18741784341058307,465
replication-0001,closed_qa,512,kgw,kgw-06,1.258376948613915,465
replication-0001,closed_qa,512,kgw,kgw-07,-0.5622535302317492,465
replication-0001,closed_qa,512,kgw,kgw-08,-1.3119249038740814,465
replication-0001,closed_qa,512,kgw,kgw-09,-1.5261167249147478,465
replication-0001,closed_qa,512,synthid,synthid-00,0.4949712643678161,464
replication-0001,closed_qa,512,synthid,synthid-01,0.49688697318007663,464
replication-0001,closed_qa,512,synthid,synthid-02,0.49952107279693486,464
replication-0001,closed_qa,512,synthid,synthid-03,0.5,464
replication-0001,closed_qa,512,synthid,synthid-04,0.5011973180076629,464
replication-0001,closed_qa,512,synthid,synthid-05,0.5064655172413793,464
replication-0001,closed_qa,512,synthid,synthid-06,0.49712643678160917,464
replication-0001,closed_qa,512,synthid,synthid-07,0.49712643678160917,464
replication-0001,closed_qa,512,synthid,synthid-08,0.5129310344827587,464
replication-0001,closed_qa,512,synthid,synthid-09,0.5136494252873564,464
replication-0002,classification,128,kgw,kgw-00,0.31362502409359,122
replication-0002,classification,128,kgw,kgw-01,0.10454167469786334,122
replication-0002,classification,128,kgw,kgw-02,0.94087507228077,122
replication-0002,classification,128,kgw,kgw-03,1.7772084698636768,122
replication-0002,classification,128,kgw,kgw-04,-0.7317917228850433,122
replication-0002,classification,128,kgw,kgw-05,0.10454167469786334,122
replication-0002,classification,128,kgw,kgw-06,-1.7772084698636768,122
replication-0002,classification,128,kgw,kgw-07,-0.10454167469786334,122
replication-0002,classification,128,kgw,kgw-08,-1.56812512046795,122
replication-0002,classification,128,kgw,kgw-09,-0.31362502409359,122
replication-0002,classification,128,synthid,synthid-00,0.4885215794306703,121
replication-0002,classification,128,synthid,synthid-01,0.47750229568411384,121
replication-0002,classification,128,synthid,synthid-02,0.5307621671258035,121
replication-0002,classification,128,synthid,synthid-03,0.5022956841138659,121
replication-0002,classification,128,synthid,synthid-04,0.4986225895316804,121
replication-0002,classification,128,synthid,synthid-05,0.4921946740128558,121
replication-0002,classification,128,synthid,synthid-06,0.5206611570247934,121
replication-0002,classification,128,synthid,synthid-07,0.46831955922865015,121
replication-0002,classification,128,synthid,synthid-08,0.4903581267217631,121
replication-0002,classification,128,synthid,synthid-09,0.49586776859504134,121
replication-0002,classification,256,kgw,kgw-00,-0.329292779969071,249
replication-0002,classification,256,kgw,kgw-01,0.10976425998969035,249
replication-0002,classification,256,kgw,kgw-02,0.10976425998969035,249
replication-0002,classification,256,kgw,kgw-03,1.2805830332130541,249
replication-0002,classification,256,kgw,kgw-04,-1.2074068598865937,249
replication-0002,classification,256,kgw,kgw-05,0.5488212999484517,249
replication-0002,classification,256,kgw,kgw-06,-2.231873286457037,249
replication-0002,classification,256,kgw,kgw-07,-0.036588086663230115,249
replication-0002,classification,256,kgw,kgw-08,-1.2074068598865937,249
replication-0002,classification,256,kgw,kgw-09,0.5488212999484517,249
replication-0002,classification,256,synthid,synthid-00,0.4968637992831541,248
replication-0002,classification,256,synthid,synthid-01,0.4767025089605735,248
replication-0002,classification,256,synthid,synthid-02,0.5112007168458781,248
replication-0002,classification,256,synthid,synthid-03,0.510752688172043,248
replication-0002,classification,256,synthid,synthid-04,0.5103046594982079,248
replication-0002,classification,256,synthid,synthid-05,0.5053763440860215,248
replication-0002,classification,256,synthid,synthid-06,0.48342293906810035,248
replication-0002,classification,256,synthid,synthid-07,0.4838709677419355,248
replication-0002,classification,256,synthid,synthid-08,0.48700716845878134,248
replication-0002,classification,256,synthid,synthid-09,0.5,248
replication-0002,classification,512,kgw,kgw-00,1.1406468642034677,496
replication-0002,classification,512,kgw,kgw-01,0.4147806778921701,496
replication-0002,classification,512,kgw,kgw-02,0.10369516947304253,496
replication-0002,classification,512,kgw,kgw-03,0.6221710168382552,496
replication-0002,classification,512,kgw,kgw-04,0.20739033894608505,496
replication-0002,classification,512,kgw,kgw-05,1.3480372031495529,496
replication-0002,classification,512,kgw,kgw-06,-0.7258661863112977,496
replication-0002,classification,512,kgw,kgw-07,0.6221710168382552,496
replication-0002,classification,512,kgw,kgw-08,-0.4147806778921701,496
replication-0002,classification,512,kgw,kgw-09,1.762817881041723,496
replication-0002,classification,512,synthid,synthid-00,0.49955197132616486,496
replication-0002,classification,512,synthid,synthid-01,0.48118279569892475,496
replication-0002,classification,512,synthid,synthid-02,0.5098566308243727,496
replication-0002,classification,512,synthid,synthid-03,0.49910394265232977,496
replication-0002,classification,512,synthid,synthid-04,0.5073924731182796,496
replication-0002,classification,512,synthid,synthid-05,0.5064964157706093,496
replication-0002,classification,512,synthid,synthid-06,0.4867831541218638,496
replication-0002,classification,512,synthid,synthid-07,0.49014336917562723,496
replication-0002,classification,512,synthid,synthid-08,0.49574372759856633,496
replication-0002,classification,512,synthid,synthid-09,0.49887992831541217,496
replication-0003,closed_qa,128,kgw,kgw-00,0.4685212856658182,123
replication-0003,closed_qa,128,kgw,kgw-01,0.8849846507021011,123
replication-0003,closed_qa,128,kgw,kgw-02,-0.15617376188860607,123
replication-0003,closed_qa,128,kgw,kgw-03,-0.7808688094430304,123
replication-0003,closed_qa,128,kgw,kgw-04,3.383764840919798,123
replication-0003,closed_qa,128,kgw,kgw-05,1.3014480157383839,123
replication-0003,closed_qa,128,kgw,kgw-06,2.342606428329091,123
replication-0003,closed_qa,128,kgw,kgw-07,1.9261430632928083,123
replication-0003,closed_qa,128,kgw,kgw-08,-1.613795539515596,123
replication-0003,closed_qa,128,kgw,kgw-09,-0.9891004919611718,123
replication-0003,closed_qa,128,synthid,synthid-00,0.5163934426229508,122
replication-0003,closed_qa,128,synthid,synthid-01,0.5091074681238615,122
replication-0003,closed_qa,128,synthid,synthid-02,0.48816029143898,122
replication-0003,closed_qa,128,synthid,synthid-03,0.5209471766848816,122
replication-0003,closed_qa,128,synthid,synthid-04,0.5209471766848816,122
replication-0003,closed_qa,128,synthid,synthid-05,0.51183970856102,122
replication-0003,closed_qa,128,synthid,synthid-06,0.4744990892531876,122
replication-0003,closed_qa,128,synthid,synthid-07,0.49453551912568305,122
replication-0003,closed_qa,128,synthid,synthid-08,0.48269581056466304,122
replication-0003,closed_qa,128,synthid,synthid-09,0.51183970856102,122
replication-0003,closed_qa,256,kgw,kgw-00,-0.721750317577707,231
replication-0003,closed_qa,256,kgw,kgw-01,1.1016189057765002,231
replication-0003,closed_qa,256,kgw,kgw-02,-0.721750317577707,231
replication-0003,closed_qa,256,kgw,kgw-03,-1.1775926234162588,231
replication-0003,closed_qa,256,kgw,kgw-04,2.4691458232921555,231
replication-0003,closed_qa,256,kgw,kgw-05,0.6457765999379483,231
replication-0003,closed_qa,256,kgw,kgw-06,2.7730406938511902,231
replication-0003,closed_qa,256,kgw,kgw-07,0.6457765999379483,231
replication-0003,closed_qa,256,kgw,kgw-08,-1.1775926234162588,231
replication-0003,closed_qa,256,kgw,kgw-09,-1.4814874939752933,231
replication-0003,closed_qa,256,synthid,synthid-00,0.5130434782608696,230
replication-0003,closed_qa,256,synthid,synthid-01,0.508695652173913,230
replication-0003,closed_qa,256,synthid,synthid-02,0.485024154589372,230
replication-0003,closed_qa,256,synthid,synthid-03,0.5120772946859904,230
replication-0003,closed_qa,256,synthid,synthid-04,0.508695652173913,230
replication-0003,closed_qa,256,synthid,synthid-05,0.5043478260869565,230
replication-0003,closed_qa,256,synthid,synthid-06,0.4830917874396135,230
replication-0003,closed_qa,256,synthid,synthid-07,0.49227053140096616,230
replication-0003,closed_qa,256,synthid,synthid-08,0.4782608695652174,230
replication-0003,closed_qa,256,synthid,synthid-09,0.4956521739130435,230
replication-0003,closed_qa,512,kgw,kgw-00,0.9016315887324939,474
replication-0003,closed_qa,512,kgw,kgw-01,1.4320031115163139,474
replication-0003,closed_qa,512,kgw,kgw-02,-0.9016315887324939,474
replication-0003,closed_qa,512,kgw,kgw-03,0.477334370505438,474
replication-0003,closed_qa,512,kgw,kgw-04,1.85630032974337,474
replication-0003,closed_qa,512,kgw,kgw-05,1.219854502402786,474
replication-0003,closed_qa,512,kgw,kgw-06,3.2352662889813018,474
replication-0003,closed_qa,512,kgw,kgw-07,0.477334370505438,474
replication-0003,closed_qa,512,kgw,kgw-08,-1.007705893289258,474
replication-0003,closed_qa,512,kgw,kgw-09,-1.538077416073078,474
replication-0003,closed_qa,512,synthid,synthid-00,0.5165609584214236,473
replication-0003,closed_qa,512,synthid,synthid-01,0.502701432933991,473
replication-0003,closed_qa,512,synthid,synthid-02,0.487902278599953,473
replication-0003,closed_qa,512,synthid,synthid-03,0.5001174536058257,473
replication-0003,closed_qa,512,synthid,synthid-04,0.5113929997650928,473
replication-0003,closed_qa,512,synthid,synthid-05,0.5078693915903219,473
replication-0003,closed_qa,512,synthid,synthid-06,0.48179469109701667,473
replication-0003,closed_qa,512,synthid,synthid-07,0.5010570824524313,473
replication-0003,closed_qa,512,synthid,synthid-08,0.4998825463941743,473
replication-0003,closed_qa,512,synthid,synthid-09,0.5010570824524313,473
replication-0004,closed_qa,128,kgw,kgw-00,-1.4975535605335346,125
replication-0004,closed_qa,128,kgw,kgw-01,0.9811557810392123,125
replication-0004,closed_qa,128,kgw,kgw-02,0.9811557810392123,125
replication-0004,closed_qa,128,kgw,kgw-03,0.9811557810392123,125
replication-0004,closed_qa,128,kgw,kgw-04,0.3614784456460256,125
replication-0004,closed_qa,128,kgw,kgw-05,-0.6713171133426189,125
replication-0004,closed_qa,128,kgw,kgw-06,-0.46475800154489005,125
replication-0004,closed_qa,128,kgw,kgw-07,-0.051639777949432225,125
replication-0004,closed_qa,128,kgw,kgw-08,-0.6713171133426189,125
replication-0004,closed_qa,128,kgw,kgw-09,-0.25819888974716115,125
replication-0004,closed_qa,128,synthid,synthid-00,0.53584229390681,124
replication-0004,closed_qa,128,synthid,synthid-01,0.5053763440860215,124
replication-0004,closed_qa,128,synthid,synthid-02,0.4883512544802867,124
replication-0004,closed_qa,128,synthid,synthid-03,0.510752688172043,124
replication-0004,closed_qa,128,synthid,synthid-04,0.5089605734767025,124
replication-0004,closed_qa,128,synthid,synthid-05,0.514336917562724,124
replication-0004,closed_qa,128,synthid,synthid-06,0.5062724014336918,124
replication-0004,closed_qa,128,synthid,synthid-07,0.4910394265232975,124
replication-0004,closed_qa,128,synthid,synthid-08,0.48566308243727596,124
replication-0004,closed_qa,128,synthid,synthid-09,0.496415770609319,124
replication-0004,closed_qa,256,kgw,kgw-00,-1.662476047008177,223
replication-0004,closed_qa,256,kgw,kgw-01,1.739800514310883,223
replication-0004,closed_qa,256,kgw,kgw-02,0.9665558412838239,223
replication-0004,closed_qa,256,kgw,kgw-03,0.3479601028621766,223
replication-0004,closed_qa,256,kgw,kgw-04,-0.889231373981118,223
replication-0004,closed_qa,256,kgw,kgw-05,-1.3531781777973533,223
replication-0004,closed_qa,256,kgw,kgw-06,-1.9717739162190007,223
replication-0004,closed_qa,256,kgw,kgw-07,0.6572579720730002,223
replication-0004,closed_qa,256,kgw,kgw-08,-2.281071785429824,223
replication-0004,closed_qa,256,kgw,kgw-09,0.19331116825676478,223
replication-0004,closed_qa,256,synthid,synthid-00,0.516016016016016,222
replication-0004,closed_qa,256,synthid,synthid-01,0.492992992992993,222
replication-0004,closed_qa,256,synthid,synthid-02,0.493993993993994,222
replication-0004,closed_qa,256,synthid,synthid-03,0.5095095095095095,222
replication-0004,closed_qa,256,synthid,synthid-04,0.498998998998999,222
replication-0004,closed_qa,256,synthid,synthid-05,0.5035035035035035,222
replication-0004,closed_qa,256,synthid,synthid-06,0.5115115115115115,222
replication-0004,closed_qa,256,synthid,synthid-07,0.4794794794794795,222
replication-0004,closed_qa,256,synthid,synthid-08,0.5075075075075075,222
replication-0004,closed_qa,256,synthid,synthid-09,0.502002002002002,222
replication-0004,closed_qa,512,kgw,kgw-00,-1.3875638123464207,250
replication-0004,closed_qa,512,kgw,kgw-01,2.4099792530227306,250
replication-0004,closed_qa,512,kgw,kgw-02,1.533623161014465,250
replication-0004,closed_qa,512,kgw,kgw-03,0.3651483716701107,250
replication-0004,closed_qa,512,kgw,kgw-04,-1.0954451150103321,250
replication-0004,closed_qa,512,kgw,kgw-05,-1.6796825096825094,250
replication-0004,closed_qa,512,kgw,kgw-06,-2.4099792530227306,250
replication-0004,closed_qa,512,kgw,kgw-07,0.511207720338155,250
replication-0004,closed_qa,512,kgw,kgw-08,-2.556038601690775,250
replication-0004,closed_qa,512,kgw,kgw-09,0.21908902300206642,250
replication-0004,closed_qa,512,synthid,synthid-00,0.5186666666666667,250
replication-0004,closed_qa,512,synthid,synthid-01,0.48933333333333334,250
replication-0004,closed_qa,512,synthid,synthid-02,0.49866666666666665,250
replication-0004,closed_qa,512,synthid,synthid-03,0.5155555555555555,250
replication-0004,closed_qa,512,synthid,synthid-04,0.49777777777777776,250
replication-0004,closed_qa,512,synthid,synthid-05,0.5031111111111111,250
replication-0004,closed_qa,512,synthid,synthid-06,0.5115555555555555,250
replication-0004,closed_qa,512,synthid,synthid-07,0.47644444444444445,250
replication-0004,closed_qa,512,synthid,synthid-08,0.5071111111111111,250
replication-0004,closed_qa,512,synthid,synthid-09,0.5031111111111111,250
replication-0005,brainstorming,128,kgw,kgw-00,0.5680375574437545,125
replication-0005,brainstorming,128,kgw,kgw-01,-0.051639777949432225,125
replication-0005,brainstorming,128,kgw,kgw-02,0.5680375574437545,125
replication-0005,brainstorming,128,kgw,kgw-03,1.39427400463467,125
replication-0005,brainstorming,128,kgw,kgw-04,0.7745966692414834,125
replication-0005,brainstorming,128,kgw,kgw-05,0.9811557810392123,125
replication-0005,brainstorming,128,kgw,kgw-06,1.8073922282301278,125
replication-0005,brainstorming,128,kgw,kgw-07,0.3614784456460256,125
replication-0005,brainstorming,128,kgw,kgw-08,-0.46475800154489005,125
replication-0005,brainstorming,128,kgw,kgw-09,-0.051639777949432225,125
replication-0005,brainstorming,128,synthid,synthid-00,0.4767025089605735,124
replication-0005,brainstorming,128,synthid,synthid-01,0.5080645161290323,124
replication-0005,brainstorming,128,synthid,synthid-02,0.507168458781362,124
replication-0005,brainstorming,128,synthid,synthid-03,0.5053763440860215,124
replication-0005,brainstorming,128,synthid,synthid-04,0.47401433691756273,124
replication-0005,brainstorming,128,synthid,synthid-05,0.5277777777777778,124
replication-0005,brainstorming,128,synthid,synthid-06,0.5098566308243727,124
replication-0005,brainstorming,128,synthid,synthid-07,0.49014336917562723,124
replication-0005,brainstorming,128,synthid,synthid-08,0.5224014336917563,124
replication-0005,brainstorming,128,synthid,synthid-09,0.521505376344086,124
replication-0005,brainstorming,256,kgw,kgw-00,-0.10932607756185053,251
replication-0005,brainstorming,256,kgw,kgw-01,0.3279782326855516,251
replication-0005,brainstorming,256,kgw,kgw-02,0.4737463361013523,251
replication-0005,brainstorming,256,kgw,kgw-03,1.9314273702593594,251
replication-0005,brainstorming,256,kgw,kgw-04,1.4941230600119573,251
replication-0005,brainstorming,256,kgw,kgw-05,2.222963577090961,251
replication-0005,brainstorming,256,kgw,kgw-06,2.3687316805067615,251
replication-0005,brainstorming,256,kgw,kgw-07,1.4941230600119573,251
replication-0005,brainstorming,256,kgw,kgw-08,-0.40086228439345195,251
replication-0005,brainstorming,256,kgw,kgw-09,0.4737463361013523,251
replication-0005,brainstorming,256,synthid,synthid-00,0.49422222222222223,250
replication-0005,brainstorming,256,synthid,synthid-01,0.4955555555555556,250
replication-0005,brainstorming,256,synthid,synthid-02,0.5133333333333333,250
replication-0005,brainstorming,256,synthid,synthid-03,0.5057777777777778,250
replication-0005,brainstorming,256,synthid,synthid-04,0.48044444444444445,250
replication-0005,brainstorming,256,synthid,synthid-05,0.5293333333333333,250
replication-0005,brainstorming,256,synthid,synthid-06,0.5093333333333333,250
replication-0005,brainstorming,256,synthid,synthid-07,0.5008888888888889,250
replication-0005,brainstorming,256,synthid,synthid-08,0.5084444444444445,250
replication-0005,brainstorming,256,synthid,synthid-09,0.5248888888888888,250
replication-0005,brainstorming,512,kgw,kgw-00,0.2848746885840189,497
replication-0005,brainstorming,512,kgw,kgw-01,-0.4402608823571201,497
replication-0005,brainstorming,512,kgw,kgw-02,0.2848746885840189,497
replication-0005,brainstorming,512,kgw,kgw-03,0.2848746885840189,497
replication-0005,brainstorming,512,kgw,kgw-04,1.6315550346175625,497
replication-0005,brainstorming,512,kgw,kgw-05,3.496189359894777,497
replication-0005,brainstorming,512,kgw,kgw-06,4.117734134987182,497
replication-0005,brainstorming,512,kgw,kgw-07,1.4243734429200943,497
replication-0005,brainstorming,512,kgw,kgw-08,-0.4402608823571201,497
replication-0005,brainstorming,512,kgw,kgw-09,-0.025897698962183534,497
replication-0005,brainstorming,512,synthid,synthid-00,0.4951933825173262,497
replication-0005,brainstorming,512,synthid,synthid-01,0.4954169461211715,497
replication-0005,brainstorming,512,synthid,synthid-02,0.5117370892018779,497
replication-0005,brainstorming,512,synthid,synthid-03,0.4983232729711603,497
replication-0005,brainstorming,512,synthid,synthid-04,0.49318131008271854,497
replication-0005,brainstorming,512,synthid,synthid-05,0.5101721439749609,497
replication-0005,brainstorming,512,synthid,synthid-06,0.4985468365750056,497
replication-0005,brainstorming,512,synthid,synthid-07,0.5063715627095908,497
replication-0005,brainstorming,512,synthid,synthid-08,0.5077129443326627,497
replication-0005,brainstorming,512,synthid,synthid-09,0.5153141068634026,497
replication-0006,closed_qa,128,kgw,kgw-00,-0.10814761408717503,114
replication-0006,closed_qa,128,kgw,kgw-01,-1.1896237549589253,114
replication-0006,closed_qa,128,kgw,kgw-02,-0.9733285267845753,114
replication-0006,closed_qa,128,kgw,kgw-03,-0.3244428422615251,114
replication-0006,closed_qa,128,kgw,kgw-04,0.5407380704358752,114
replication-0006,closed_qa,128,kgw,kgw-05,1.8385094394819754,114
replication-0006,closed_qa,128,kgw,kgw-06,-0.10814761408717503,114
replication-0006,closed_qa,128,kgw,kgw-07,-0.7570332986102252,114
replication-0006,closed_qa,128,kgw,kgw-08,-0.5407380704358752,114
replication-0006,closed_qa,128,kgw,kgw-09,-0.3244428422615251,114
replication-0006,closed_qa,128,synthid,synthid-00,0.5034414945919371,113
replication-0006,closed_qa,128,synthid,synthid-01,0.48475909537856443,113
replication-0006,closed_qa,128,synthid,synthid-02,0.49655850540806296,113
replication-0006,closed_qa,128,synthid,synthid-03,0.5299901671583087,113
replication-0006,closed_qa,128,synthid,synthid-04,0.48279252704031467,113
replication-0006,closed_qa,128,synthid,synthid-05,0.49655850540806296,113
replication-0006,closed_qa,128,synthid,synthid-06,0.5004916420845624,113
replication-0006,closed_qa,128,synthid,synthid-07,0.4936086529006883,113
replication-0006,closed_qa,128,synthid,synthid-08,0.5073746312684366,113
replication-0006,closed_qa,128,synthid,synthid-09,0.4690265486725664,113
replication-0006,closed_qa,256,kgw,kgw-00,0.5424889808044899,222
replication-0006,closed_qa,256,kgw,kgw-01,-1.7824637940718957,222
replication-0006,closed_qa,256,kgw,kgw-02,-0.6974858324629157,222
replication-0006,closed_qa,256,kgw,kgw-03,0.5424889808044899,222
replication-0006,closed_qa,256,kgw,kgw-04,2.092457497388747,222
replication-0006,closed_qa,256,kgw,kgw-05,1.7824637940718957,222
replication-0006,closed_qa,256,kgw,kgw-06,1.4724700907550443,222
replication-0006,closed_qa,256,kgw,kgw-07,-0.23249527748763857,222
replication-0006,closed_qa,256,kgw,kgw-08,-0.8524826841213414,222
replication-0006,closed_qa,256,kgw,kgw-09,0.23249527748763857,222
replication-0006,closed_qa,256,synthid,synthid-00,0.5027652086475616,221
replication-0006,closed_qa,256,synthid,synthid-01,0.497737556561086,221
replication-0006,closed_qa,256,synthid,synthid-02,0.49321266968325794,221
replication-0006,closed_qa,256,synthid,synthid-03,0.5173453996983409,221
replication-0006,closed_qa,256,synthid,synthid-04,0.5062845651080945,221
replication-0006,closed_qa,256,synthid,synthid-05,0.5002513826043238,221
replication-0006,closed_qa,256,synthid,synthid-06,0.5072900955253896,221
replication-0006,closed_qa,256,synthid,synthid-07,0.48868778280542985,221
replication-0006,closed_qa,256,synthid,synthid-08,0.5118149824032177,221
replication-0006,closed_qa,256,synthid,synthid-09,0.49019607843137253,221
replication-0006,closed_qa,512,kgw,kgw-00,0.3649324991288249,423
replication-0006,closed_qa,512,kgw,kgw-01,-1.8808059570485591,423
replication-0006,closed_qa,512,kgw,kgw-02,-1.4316582658130823,423
replication-0006,closed_qa,512,kgw,kgw-03,-0.0842151921066519,423
replication-0006,closed_qa,512,kgw,kgw-04,1.1509409587909092,423
replication-0006,closed_qa,512,kgw,kgw-05,0.7017932675554325,423
replication-0006,closed_qa,512,kgw,kgw-06,1.03865403598204,423
replication-0006,closed_qa,512,kgw,kgw-07,-0.3087890377243903,423
replication-0006,closed_qa,512,kgw,kgw-08,-0.6456498061509979,423
replication-0006,closed_qa,512,kgw,kgw-09,-0.1965021149155211,423
replication-0006,closed_qa,512,synthid,synthid-00,0.5011820330969267,423
replication-0006,closed_qa,512,synthid,synthid-01,0.498555292881534,423
replication-0006,closed_qa,512,synthid,synthid-02,0.5001313370107696,423
replication-0006,closed_qa,512,synthid,synthid-03,0.5022327291830838,423
replication-0006,closed_qa,512,synthid,synthid-04,0.5064355135277121,423
replication-0006,closed_qa,512,synthid,synthid-05,0.49724192277383766,423
replication-0006,closed_qa,512,synthid,synthid-06,0.5009193590753874,423
replication-0006,closed_qa,512,synthid,synthid-07,0.49382716049382713,423
replication-0006,closed_qa,512,synthid,synthid-08,0.5169424743892829,423
replication-0006,closed_qa,512,synthid,synthid-09,0.4996059889676911,423
replication-0007,information_extraction,128,kgw,kgw-00,0.6221710168382552,124
replication-0007,information_extraction,128,kgw,kgw-01,-1.4517323726225955,124
replication-0007,information_extraction,128,kgw,kgw-02,1.0369516947304254,124
replication-0007,information_extraction,128,kgw,kgw-03,-0.20739033894608505,124
replication-0007,information_extraction,128,kgw,kgw-04,1.8665130505147656,124
replication-0007,information_extraction,128,kgw,kgw-05,1.8665130505147656,124
replication-0007,information_extraction,128,kgw,kgw-06,1.8665130505147656,124
replication-0007,information_extraction,128,kgw,kgw-07,2.2812937284069355,124
replication-0007,information_extraction,128,kgw,kgw-08,0.4147806778921701,124
replication-0007,information_extraction,128,kgw,kgw-09,0.20739033894608505,124
replication-0007,information_extraction,128,synthid,synthid-00,0.4932249322493225,123
replication-0007,information_extraction,128,synthid,synthid-01,0.5420054200542005,123
replication-0007,information_extraction,128,synthid,synthid-02,0.4905149051490515,123
replication-0007,information_extraction,128,synthid,synthid-03,0.4715447154471545,123
replication-0007,information_extraction,128,synthid,synthid-04,0.4715447154471545,123
replication-0007,information_extraction,128,synthid,synthid-05,0.5085817524841915,123
replication-0007,information_extraction,128,synthid,synthid-06,0.5221318879855466,123
replication-0007,information_extraction,128,synthid,synthid-07,0.4959349593495935,123
replication-0007,information_extraction,128,synthid,synthid-08,0.4869015356820235,123
replication-0007,information_extraction,128,synthid,synthid-09,0.4896115627822945,123
replication-0007,information_extraction,256,kgw,kgw-00,1.466471150213533,248
replication-0007,information_extraction,256,kgw,kgw-01,-0.8798826901281198,248
replication-0007,information_extraction,256,kgw,kgw-02,2.1997067253202993,248
replication-0007,information_extraction,256,kgw,kgw-03,0.1466471150213533,248
replication-0007,information_extraction,256,kgw,kgw-04,2.0530596102989462,248
replication-0007,information_extraction,256,kgw,kgw-05,2.1997067253202993,248
replication-0007,information_extraction,256,kgw,kgw-06,1.906412495277593,248
replication-0007,information_extraction,256,kgw,kgw-07,1.3198240351921797,248
replication-0007,information_extraction,256,kgw,kgw-08,0.5865884600854132,248
replication-0007,information_extraction,256,kgw,kgw-09,0.2932942300427066,248
replication-0007,information_extraction,256,synthid,synthid-00,0.5033738191632928,247
replication-0007,information_extraction,256,synthid,synthid-01,0.5276653171390013,247
replication-0007,information_extraction,256,synthid,synthid-02,0.5011246063877642,247
replication-0007,information_extraction,256,synthid,synthid-03,0.47998200629779575,247
replication-0007,information_extraction,256,synthid,synthid-04,0.49212775528565,247
replication-0007,information_extraction,256,synthid,synthid-05,0.4988753936122357,247
replication-0007,information_extraction,256,synthid,synthid-06,0.5051731893837157,247
replication-0007,information_extraction,256,synthid,synthid-07,0.49212775528565,247
replication-0007,information_extraction,256,synthid,synthid-08,0.4907782276203329,247
replication-0007,information_extraction,256,synthid,synthid-09,0.49842555105713,247
replication-0007,information_extraction,512,kgw,kgw-00,0.2354601419336722,487
replication-0007,information_extraction,512,kgw,kgw-01,0.3401090939041932,487
replication-0007,information_extraction,512,kgw,kgw-02,2.223790229373571,487
replication-0007,information_extraction,512,kgw,kgw-03,-0.07848671397789073,487
replication-0007,information_extraction,512,kgw,kgw-04,3.5842266049903433,487
replication-0007,information_extraction,512,kgw,kgw-05,1.7005454695209659,487
replication-0007,information_extraction,512,kgw,kgw-06,1.3865986136094028,487
replication-0007,information_extraction,512,kgw,kgw-07,2.747034989226176,487
replication-0007,information_extraction,512,kgw,kgw-08,0.026162237992630243,487
replication-0007,information_extraction,512,kgw,kgw-09,0.2354601419336722,487
replication-0007,information_extraction,512,synthid,synthid-00,0.5001140771161305,487
replication-0007,information_extraction,512,synthid,synthid-01,0.5060460871549167,487
replication-0007,information_extraction,512,synthid,synthid-02,0.49691991786447637,487
replication-0007,information_extraction,512,synthid,synthid-03,0.5062742413871777,487
replication-0007,information_extraction,512,synthid,synthid-04,0.486881131644992,487
replication-0007,information_extraction,512,synthid,synthid-05,0.49555099247091033,487
replication-0007,information_extraction,512,synthid,synthid-06,0.4887063655030801,487
replication-0007,information_extraction,512,synthid,synthid-07,0.4985169974903034,487
replication-0007,information_extraction,512,synthid,synthid-08,0.4934976043805613,487
replication-0007,information_extraction,512,synthid,synthid-09,0.5001140771161305,487
replication-0008,classification,128,kgw,kgw-00,0.4147806778921701,124
replication-0008,classification,128,kgw,kgw-01,2.6960744062991058,124
replication-0008,classification,128,kgw,kgw-02,-2.0739033894608507,124
replication-0008,classification,128,kgw,kgw-03,-0.4147806778921701,124
replication-0008,classification,128,kgw,kgw-04,-0.20739033894608505,124
replication-0008,classification,128,kgw,kgw-05,2.0739033894608507,124
replication-0008,classification,128,kgw,kgw-06,0.0,124
replication-0008,classification,128,kgw,kgw-07,-1.4517323726225955,124
replication-0008,classification,128,kgw,kgw-08,-0.8295613557843402,124
replication-0008,classification,128,kgw,kgw-09,2.4886840673530206,124
replication-0008,classification,128,synthid,synthid-00,0.4742547425474255,123
replication-0008,classification,128,synthid,synthid-01,0.5058717253839206,123
replication-0008,classification,128,synthid,synthid-02,0.5040650406504065,123
replication-0008,classification,128,synthid,synthid-03,0.4950316169828365,123
replication-0008,classification,128,synthid,synthid-04,0.4950316169828365,123
replication-0008,classification,128,synthid,synthid-05,0.5013550135501355,123
replication-0008,classification,128,synthid,synthid-06,0.5031616982836495,123
replication-0008,classification,128,synthid,synthid-07,0.5257452574525745,123
replication-0008,classification,128,synthid,synthid-08,0.5158084914182475,123
replication-0008,classification,128,synthid,synthid-09,0.4832881662149955,123
replication-0008,classification,256,kgw,kgw-00,0.4399413450640599,248
replication-0008,classification,256,kgw,kgw-01,1.7597653802562396,248
replication-0008,classification,256,kgw,kgw-02,-1.7597653802562396,248
replication-0008,classification,256,kgw,kgw-03,0.1466471150213533,248
replication-0008,classification,256,kgw,kgw-04,-1.0265298051494731,248
replication-0008,classification,256,kgw,kgw-05,1.7597653802562396,248
replication-0008,classification,256,kgw,kgw-06,-0.4399413450640599,248
replication-0008,classification,256,kgw,kgw-07,-2.0530596102989462,248
replication-0008,classification,256,kgw,kgw-08,-1.906412495277593,248
replication-0008,classification,256,kgw,kgw-09,4.1061192205978925,248
replication-0008,classification,256,synthid,synthid-00,0.49617633828160146,247
replication-0008,classification,256,synthid,synthid-01,0.5119208277103013,247
replication-0008,classification,256,synthid,synthid-02,0.4988753936122357,247
replication-0008,classification,256,synthid,synthid-03,0.4948268106162843,247
replication-0008,classification,256,synthid,synthid-04,0.49527665317139,247
replication-0008,classification,256,synthid,synthid-05,0.4993252361673414,247
replication-0008,classification,256,synthid,synthid-06,0.5042735042735043,247
replication-0008,classification,256,synthid,synthid-07,0.5074224021592443,247
replication-0008,classification,256,synthid,synthid-08,0.5200179937022043,247
replication-0008,classification,256,synthid,synthid-09,0.48043184885290147,247
replication-0008,classification,512,kgw,kgw-00,1.118109580108539,493
replication-0008,classification,512,kgw,kgw-01,2.574252289087102,493
replication-0008,classification,512,kgw,kgw-02,-1.0661044833593047,493
replication-0008,classification,512,kgw,kgw-03,0.8060789996131328,493
replication-0008,classification,512,kgw,kgw-04,-0.33803312887002346,493
replication-0008,classification,512,kgw,kgw-05,2.2622217085916954,493
replication-0008,classification,512,kgw,kgw-06,0.39003822561925783,493
replication-0008,classification,512,kgw,kgw-07,-1.378135063854711,493
replication-0008,classification,512,kgw,kgw-08,-0.8580840963623672,493
replication-0008,classification,512,kgw,kgw-09,1.534150354102414,493
replication-0008,classification,512,synthid,synthid-00,0.5031616982836495,492
replication-0008,classification,512,synthid,synthid-01,0.5121951219512195,492
replication-0008,classification,512,synthid,synthid-02,0.5022583559168925,492
replication-0008,classification,512,synthid,synthid-03,0.506323396567299,492
replication-0008,classification,512,synthid,synthid-04,0.493676603432701,492
replication-0008,classification,512,synthid,synthid-05,0.5,492
replication-0008,classification,512,synthid,synthid-06,0.5067750677506775,492
replication-0008,classification,512,synthid,synthid-07,0.500903342366757,492
replication-0008,classification,512,synthid,synthid-08,0.502710027100271,492
replication-0008,classification,512,synthid,synthid-09,0.48148148148148145,492
replication-0009,general_qa,128,kgw,kgw-00,-1.0844353369380768,125
replication-0009,general_qa,128,kgw,kgw-01,-1.0844353369380768,125
replication-0009,general_qa,128,kgw,kgw-02,1.600833116432399,125
replication-0009,general_qa,128,kgw,kgw-03,0.5680375574437545,125
replication-0009,general_qa,128,kgw,kgw-04,2.220510451825586,125
replication-0009,general_qa,128,kgw,kgw-05,1.1877148928369412,125
replication-0009,general_qa,128,kgw,kgw-06,-0.46475800154489005,125
replication-0009,general_qa,128,kgw,kgw-07,0.5680375574437545,125
replication-0009,general_qa,128,kgw,kgw-08,0.15491933384829668,125
replication-0009,general_qa,128,kgw,kgw-09,1.1877148928369412,125
replication-0009,general_qa,128,synthid,synthid-00,0.496415770609319,124
replication-0009,general_qa,128,synthid,synthid-01,0.5044802867383512,124
replication-0009,general_qa,128,synthid,synthid-02,0.5098566308243727,124
replication-0009,general_qa,128,synthid,synthid-03,0.49910394265232977,124
replication-0009,general_qa,128,synthid,synthid-04,0.5152329749103942,124
replication-0009,general_qa,128,synthid,synthid-05,0.5098566308243727,124
replication-0009,general_qa,128,synthid,synthid-06,0.5044802867383512,124
replication-0009,general_qa,128,synthid,synthid-07,0.49731182795698925,124
replication-0009,general_qa,128,synthid,synthid-08,0.48566308243727596,124
replication-0009,general_qa,128,synthid,synthid-09,0.5017921146953405,124
replication-0009,general_qa,256,kgw,kgw-00,-0.9555330859059091,161
replication-0009,general_qa,256,kgw,kgw-01,-0.40951417967396103,161
replication-0009,general_qa,256,kgw,kgw-02,0.8645299348672512,161
replication-0009,general_qa,256,kgw,kgw-03,0.31851102863530306,161
replication-0009,general_qa,256,kgw,kgw-04,1.9565677473311474,161
replication-0009,general_qa,256,kgw,kgw-05,0.8645299348672512,161
replication-0009,general_qa,256,kgw,kgw-06,0.136504726557987,161
replication-0009,general_qa,256,kgw,kgw-07,0.5005173307126191,161
replication-0009,general_qa,256,kgw,kgw-08,0.31851102863530306,161
replication-0009,general_qa,256,kgw,kgw-09,1.0465362369445672,161
replication-0009,general_qa,256,synthid,synthid-00,0.5083333333333333,160
replication-0009,general_qa,256,synthid,synthid-01,0.5125,160
replication-0009,general_qa,256,synthid,synthid-02,0.49583333333333335,160
replication-0009,general_qa,256,synthid,synthid-03,0.4951388888888889,160
replication-0009,general_qa,256,synthid,synthid-04,0.5076388888888889,160
replication-0009,general_qa,256,synthid,synthid-05,0.5111111111111111,160
replication-0009,general_qa,256,synthid,synthid-06,0.5090277777777777,160
replication-0009,general_qa,256,synthid,synthid-07,0.5083333333333333,160
replication-0009,general_qa,256,synthid,synthid-08,0.49166666666666664,160
replication-0009,general_qa,256,synthid,synthid-09,0.5006944444444444,160
replication-0009,general_qa,512,kgw,kgw-00,0.6639288043118026,366
replication-0009,general_qa,512,kgw,kgw-01,1.3882147726519507,366
replication-0009,general_qa,512,kgw,kgw-02,0.6639288043118026,366
replication-0009,general_qa,512,kgw,kgw-03,0.5432144762551112,366
replication-0009,general_qa,512,kgw,kgw-04,2.23321506904879,366
replication-0009,general_qa,512,kgw,kgw-05,1.3882147726519507,366
replication-0009,general_qa,512,kgw,kgw-06,0.5432144762551112,366
replication-0009,general_qa,512,kgw,kgw-07,0.18107149208503706,366
replication-0009,general_qa,512,kgw,kgw-08,0.18107149208503706,366
replication-0009,general_qa,512,kgw,kgw-09,1.146786116538568,366
replication-0009,general_qa,512,synthid,synthid-00,0.4998477929984779,365
replication-0009,general_qa,512,synthid,synthid-01,0.4998477929984779,365
replication-0009,general_qa,512,synthid,synthid-02,0.4907153729071537,365
replication-0009,general_qa,512,synthid,synthid-03,0.4974124809741248,365
replication-0009,general_qa,512,synthid,synthid-04,0.5108066971080669,365
replication-0009,general_qa,512,synthid,synthid-05,0.5071537290715373,365
replication-0009,general_qa,512,synthid,synthid-06,0.5013698630136987,365
replication-0009,general_qa,512,synthid,synthid-07,0.4986301369863014,365
replication-0009,general_qa,512,synthid,synthid-08,0.5126331811263318,365
replication-0009,general_qa,512,synthid,synthid-09,0.4952815829528158,365
replication-0010,information_extraction,128,kgw,kgw-00,0.16012815380508716,117
replication-0010,information_extraction,128,kgw,kgw-01,0.16012815380508716,117
replication-0010,information_extraction,128,kgw,kgw-02,-0.05337605126836238,117
replication-0010,information_extraction,128,kgw,kgw-03,0.16012815380508716,117
replication-0010,information_extraction,128,kgw,kgw-04,1.8681617943926834,117
replication-0010,information_extraction,128,kgw,kgw-05,0.8006407690254357,117
replication-0010,information_extraction,128,kgw,kgw-06,2.508674409613032,117
replication-0010,information_extraction,128,kgw,kgw-07,1.4411533842457842,117
replication-0010,information_extraction,128,kgw,kgw-08,0.5871365639519862,117
replication-0010,information_extraction,128,kgw,kgw-09,-0.2668802563418119,117
replication-0010,information_extraction,128,synthid,synthid-00,0.4932950191570881,116
replication-0010,information_extraction,128,synthid,synthid-01,0.5162835249042146,116
replication-0010,information_extraction,128,synthid,synthid-02,0.5191570881226054,116
replication-0010,information_extraction,128,synthid,synthid-03,0.48084291187739464,116
replication-0010,information_extraction,128,synthid,synthid-04,0.4779693486590038,116
replication-0010,information_extraction,128,synthid,synthid-05,0.4760536398467433,116
replication-0010,information_extraction,128,synthid,synthid-06,0.5258620689655172,116
replication-0010,information_extraction,128,synthid,synthid-07,0.5162835249042146,116
replication-0010,information_extraction,128,synthid,synthid-08,0.47701149425287354,116
replication-0010,information_extraction,128,synthid,synthid-09,0.5047892720306514,116
replication-0010,information_extraction,256,kgw,kgw-00,1.4784425419091456,244
replication-0010,information_extraction,256,kgw,kgw-01,0.29568850838182914,244
replication-0010,information_extraction,256,kgw,kgw-02,1.3305982877182312,244
replication-0010,information_extraction,256,kgw,kgw-03,-0.14784425419091457,244
replication-0010,information_extraction,256,kgw,kgw-04,2.069819558672804,244
replication-0010,information_extraction,256,kgw,kgw-05,1.9219753044818895,244
replication-0010,information_extraction,256,kgw,kgw-06,1.034909779336402,244
replication-0010,information_extraction,256,kgw,kgw-07,0.29568850838182914,244
replication-0010,information_extraction,256,kgw,kgw-08,0.0,244
replication-0010,information_extraction,256,kgw,kgw-09,-0.5913770167636583,244
replication-0010,information_extraction,256,synthid,synthid-00,0.49519890260631,243
replication-0010,information_extraction,256,synthid,synthid-01,0.5102880658436214,243
replication-0010,information_extraction,256,synthid,synthid-02,0.5020576131687243,243
replication-0010,information_extraction,256,synthid,synthid-03,0.4828532235939643,243
replication-0010,information_extraction,256,synthid,synthid-04,0.48102423411065387,243
replication-0010,information_extraction,256,synthid,synthid-05,0.49565614997713764,243
replication-0010,information_extraction,256,synthid,synthid-06,0.5139460448102423,243
replication-0010,information_extraction,256,synthid,synthid-07,0.5066300868770005,243
replication-0010,information_extraction,256,synthid,synthid-08,0.48605395518975764,243
replication-0010,information_extraction,256,synthid,synthid-09,0.5006858710562414,243
replication-0010,information_extraction,512,kgw,kgw-00,3.404588205713006,486
replication-0010,information_extraction,512,kgw,kgw-01,-0.05237828008789241,486
replication-0010,information_extraction,512,kgw,kgw-02,2.566535724306728,486
replication-0010,information_extraction,512,kgw,kgw-03,-0.36664796061524685,486
replication-0010,information_extraction,512,kgw,kgw-04,2.566535724306728,486
replication-0010,information_extraction,512,kgw,kgw-05,4.34739724729507,486
replication-0010,information_extraction,512,kgw,kgw-06,-0.05237828008789241,486
replication-0010,information_extraction,512,kgw,kgw-07,-0.8904307614941709,486
replication-0010,information_extraction,512,kgw,kgw-08,-1.7284832429004493,486
replication-0010,information_extraction,512,kgw,kgw-09,-1.414213562373095,486
replication-0010,information_extraction,512,synthid,synthid-00,0.49782359679266897,485
replication-0010,information_extraction,512,synthid,synthid-01,0.5063001145475372,485
replication-0010,information_extraction,512,synthid,synthid-02,0.502176403207331,485
replication-0010,information_extraction,512,synthid,synthid-03,0.49186712485681555,485
replication-0010,information_extraction,512,synthid,synthid-04,0.4936998854524628,485
replication-0010,information_extraction,512,synthid,synthid-05,0.49163802978235965,485
replication-0010,information_extraction,512,synthid,synthid-06,0.5035509736540664,485
replication-0010,information_extraction,512,synthid,synthid-07,0.509049255441008,485
replication-0010,information_extraction,512,synthid,synthid-08,0.4875143184421535,485
replication-0010,information_extraction,512,synthid,synthid-09,0.49919816723940436,485
replication-0011,general_qa,128,kgw,kgw-00,0.3614784456460256,125
replication-0011,general_qa,128,kgw,kgw-01,0.5680375574437545,125
replication-0011,general_qa,128,kgw,kgw-02,0.3614784456460256,125
replication-0011,general_qa,128,kgw,kgw-03,0.3614784456460256,125
replication-0011,general_qa,128,kgw,kgw-04,1.600833116432399,125
replication-0011,general_qa,128,kgw,kgw-05,2.8401877872187726,125
replication-0011,general_qa,128,kgw,kgw-06,1.1877148928369412,125
replication-0011,general_qa,128,kgw,kgw-07,0.7745966692414834,125
replication-0011,general_qa,128,kgw,kgw-08,-1.0844353369380768,125
replication-0011,general_qa,128,kgw,kgw-09,-0.46475800154489005,125
replication-0011,general_qa,128,synthid,synthid-00,0.47939068100358423,124
replication-0011,general_qa,128,synthid,synthid-01,0.46953405017921146,124
replication-0011,general_qa,128,synthid,synthid-02,0.49551971326164873,124
replication-0011,general_qa,128,synthid,synthid-03,0.5241935483870968,124
replication-0011,general_qa,128,synthid,synthid-04,0.5134408602150538,124
replication-0011,general_qa,128,synthid,synthid-05,0.49193548387096775,124
replication-0011,general_qa,128,synthid,synthid-06,0.5170250896057348,124
replication-0011,general_qa,128,synthid,synthid-07,0.48118279569892475,124
replication-0011,general_qa,128,synthid,synthid-08,0.496415770609319,124
replication-0011,general_qa,128,synthid,synthid-09,0.5313620071684588,124
replication-0011,general_qa,256,kgw,kgw-00,0.4364357804719847,252
replication-0011,general_qa,256,kgw,kgw-01,-0.14547859349066158,252
replication-0011,general_qa,256,kgw,kgw-02,-0.8728715609439694,252
replication-0011,general_qa,256,kgw,kgw-03,0.29095718698132317,252
replication-0011,general_qa,256,kgw,kgw-04,1.3093073414159542,252
replication-0011,general_qa,256,kgw,kgw-05,1.454785934906616,252
replication-0011,general_qa,256,kgw,kgw-06,1.745743121887939,252
replication-0011,general_qa,256,kgw,kgw-07,-0.14547859349066158,252
replication-0011,general_qa,256,kgw,kgw-08,-0.14547859349066158,252
replication-0011,general_qa,256,kgw,kgw-09,-1.745743121887939,252
replication-0011,general_qa,256,synthid,synthid-00,0.5002213368747234,251
replication-0011,general_qa,256,synthid,synthid-01,0.48871181938911024,251
replication-0011,general_qa,256,synthid,synthid-02,0.5090748118636564,251
replication-0011,general_qa,256,synthid,synthid-03,0.5210270030987163,251
replication-0011,general_qa,256,synthid,synthid-04,0.5121735281097831,251
replication-0011,general_qa,256,synthid,synthid-05,0.5002213368747234,251
replication-0011,general_qa,256,synthid,synthid-06,0.5090748118636564,251
replication-0011,general_qa,256,synthid,synthid-07,0.49181053563523686,251
replication-0011,general_qa,256,synthid,synthid-08,0.49889331562638334,251
replication-0011,general_qa,256,synthid,synthid-09,0.5143868968570163,251
replication-0011,general_qa,512,kgw,kgw-00,-0.36664796061524685,486
replication-0011,general_qa,512,kgw,kgw-01,0.4714045207910316,486
replication-0011,general_qa,512,kgw,kgw-02,-0.4714045207910316,486
replication-0011,general_qa,512,kgw,kgw-03,0.8904307614941709,486
replication-0011,general_qa,512,kgw,kgw-04,2.2522660437793736,486
replication-0011,general_qa,512,kgw,kgw-05,1.937996363252019,486
replication-0011,general_qa,512,kgw,kgw-06,0.5761610809668165,486
replication-0011,general_qa,512,kgw,kgw-07,1.2047004420215253,486
replication-0011,general_qa,512,kgw,kgw-08,-1.2047004420215253,486
replication-0011,general_qa,512,kgw,kgw-09,-0.15713484026367722,486
replication-0011,general_qa,512,synthid,synthid-00,0.4930126002290951,485
replication-0011,general_qa,512,synthid,synthid-01,0.4957617411225659,485
replication-0011,general_qa,512,synthid,synthid-02,0.5106529209621993,485
replication-0011,general_qa,512,synthid,synthid-03,0.522794959908362,485
replication-0011,general_qa,512,synthid,synthid-04,0.5019473081328751,485
replication-0011,general_qa,512,synthid,synthid-05,0.5097365406643757,485
replication-0011,general_qa,512,synthid,synthid-06,0.5028636884306987,485
replication-0011,general_qa,512,synthid,synthid-07,0.5008018327605956,485
replication-0011,general_qa,512,synthid,synthid-08,0.49690721649484537,485
replication-0011,general_qa,512,synthid,synthid-09,0.5079037800687285,485
replication-0012,general_qa,128,kgw,kgw-00,0.4147806778921701,124
replication-0012,general_qa,128,kgw,kgw-01,1.4517323726225955,124
replication-0012,general_qa,128,kgw,kgw-02,-1.2443420336765103,124
replication-0012,general_qa,128,kgw,kgw-03,1.0369516947304254,124
replication-0012,general_qa,128,kgw,kgw-04,1.6591227115686804,124
replication-0012,general_qa,128,kgw,kgw-05,2.2812937284069355,124
replication-0012,general_qa,128,kgw,kgw-06,-0.20739033894608505,124
replication-0012,general_qa,128,kgw,kgw-07,0.8295613557843402,124
replication-0012,general_qa,128,kgw,kgw-08,0.0,124
replication-0012,general_qa,128,kgw,kgw-09,0.6221710168382552,124
replication-0012,general_qa,128,synthid,synthid-00,0.5058717253839206,123
replication-0012,general_qa,128,synthid,synthid-01,0.5121951219512195,123
replication-0012,general_qa,128,synthid,synthid-02,0.4995483288166215,123
replication-0012,general_qa,128,synthid,synthid-03,0.48148148148148145,123
replication-0012,general_qa,128,synthid,synthid-04,0.5257452574525745,123
replication-0012,general_qa,128,synthid,synthid-05,0.5221318879855466,123
replication-0012,general_qa,128,synthid,synthid-06,0.5456187895212286,123
replication-0012,general_qa,128,synthid,synthid-07,0.4760614272809395,123
replication-0012,general_qa,128,synthid,synthid-08,0.5031616982836495,123
replication-0012,general_qa,128,synthid,synthid-09,0.5149051490514905,123
replication-0012,general_qa,256,kgw,kgw-00,0.29095718698132317,252
replication-0012,general_qa,256,kgw,kgw-01,1.0183501544346312,252
replication-0012,general_qa,256,kgw,kgw-02,-1.1638287479252927,252
replication-0012,general_qa,256,kgw,kgw-03,0.0,252
replication-0012,general_qa,256,kgw,kgw-04,2.909571869813232,252
replication-0012,general_qa,256,kgw,kgw-05,2.76409327632257,252
replication-0012,general_qa,256,kgw,kgw-06,0.8728715609439694,252
replication-0012,general_qa,256,kgw,kgw-07,0.14547859349066158,252
replication-0012,general_qa,256,kgw,kgw-08,-0.29095718698132317,252
replication-0012,general_qa,256,kgw,kgw-09,0.4364357804719847,252
replication-0012,general_qa,256,synthid,synthid-00,0.5086321381142098,251
replication-0012,general_qa,256,synthid,synthid-01,0.4922532093846835,251
replication-0012,general_qa,256,synthid,synthid-02,0.4962372731297034,251
replication-0012,general_qa,256,synthid,synthid-03,0.49358123063302345,251
replication-0012,general_qa,256,synthid,synthid-04,0.5196989818503762,251
replication-0012,general_qa,256,synthid,synthid-05,0.5258964143426295,251
replication-0012,general_qa,256,synthid,synthid-06,0.5223550243470563,251
replication-0012,general_qa,256,synthid,synthid-07,0.4772023019034971,251
replication-0012,general_qa,256,synthid,synthid-08,0.5152722443559097,251
replication-0012,general_qa,256,synthid,synthid-09,0.5024347056219566,251
replication-0012,general_qa,512,kgw,kgw-00,1.4886483067841014,506
replication-0012,general_qa,512,kgw,kgw-01,-0.05133270023393453,506
replication-0012,general_qa,512,kgw,kgw-02,-0.05133270023393453,506
replication-0012,general_qa,512,kgw,kgw-03,1.1806521053804944,506
replication-0012,general_qa,512,kgw,kgw-04,3.6446217166093517,506
replication-0012,general_qa,512,kgw,kgw-05,4.260614119416567,506
replication-0012,general_qa,512,kgw,kgw-06,1.7966445081877087,506
replication-0012,general_qa,512,kgw,kgw-07,0.4619943021054108,506
replication-0012,general_qa,512,kgw,kgw-08,0.5646597025732799,506
replication-0012,general_qa,512,kgw,kgw-09,-0.8726559039768871,506
replication-0012,general_qa,512,synthid,synthid-00,0.504070407040704,505
replication-0012,general_qa,512,synthid,synthid-01,0.49064906490649063,505
replication-0012,general_qa,512,synthid,synthid-02,0.49020902090209023,505
replication-0012,general_qa,512,synthid,synthid-03,0.48866886688668865,505
replication-0012,general_qa,512,synthid,synthid-04,0.5115511551155115,505
replication-0012,general_qa,512,synthid,synthid-05,0.5027502750275028,505
replication-0012,general_qa,512,synthid,synthid-06,0.5104510451045104,505
replication-0012,general_qa,512,synthid,synthid-07,0.4822882288228823,505
replication-0012,general_qa,512,synthid,synthid-08,0.5093509350935094,505
replication-0012,general_qa,512,synthid,synthid-09,0.497029702970297,505
replication-0013,general_qa,128,kgw,kgw-00,0.7745966692414834,125
replication-0013,general_qa,128,kgw,kgw-01,-0.051639777949432225,125
replication-0013,general_qa,128,kgw,kgw-02,0.3614784456460256,125
replication-0013,general_qa,128,kgw,kgw-03,1.39427400463467,125
replication-0013,general_qa,128,kgw,kgw-04,1.600833116432399,125
replication-0013,general_qa,128,kgw,kgw-05,0.3614784456460256,125
replication-0013,general_qa,128,kgw,kgw-06,1.1877148928369412,125
replication-0013,general_qa,128,kgw,kgw-07,-0.051639777949432225,125
replication-0013,general_qa,128,kgw,kgw-08,1.8073922282301278,125
replication-0013,general_qa,128,kgw,kgw-09,0.9811557810392123,125
replication-0013,general_qa,128,synthid,synthid-00,0.4982078853046595,124
replication-0013,general_qa,128,synthid,synthid-01,0.4883512544802867,124
replication-0013,general_qa,128,synthid,synthid-02,0.5116487455197133,124
replication-0013,general_qa,128,synthid,synthid-03,0.5259856630824373,124
replication-0013,general_qa,128,synthid,synthid-04,0.4910394265232975,124
replication-0013,general_qa,128,synthid,synthid-05,0.49193548387096775,124
replication-0013,general_qa,128,synthid,synthid-06,0.5053763440860215,124
replication-0013,general_qa,128,synthid,synthid-07,0.4596774193548387,124
replication-0013,general_qa,128,synthid,synthid-08,0.517921146953405,124
replication-0013,general_qa,128,synthid,synthid-09,0.4874551971326165,124
replication-0013,general_qa,256,kgw,kgw-00,0.8415259932542927,249
replication-0013,general_qa,256,kgw,kgw-01,-1.3537592065395143,249
replication-0013,general_qa,256,kgw,kgw-02,0.4024689532955313,249
replication-0013,general_qa,256,kgw,kgw-03,-0.18294043331615056,249
replication-0013,general_qa,256,kgw,kgw-04,1.4269353798659745,249
replication-0013,general_qa,256,kgw,kgw-05,1.865992419824736,249
replication-0013,general_qa,256,kgw,kgw-06,2.451401806436418,249
replication-0013,general_qa,256,kgw,kgw-07,1.2805830332130541,249
replication-0013,general_qa,256,kgw,kgw-08,1.4269353798659745,249
replication-0013,general_qa,256,kgw,kgw-09,0.9878783399072131,249
replication-0013,general_qa,256,synthid,synthid-00,0.48700716845878134,248
replication-0013,general_qa,256,synthid,synthid-01,0.49014336917562723,248
replication-0013,general_qa,256,synthid,synthid-02,0.5116487455197133,248
replication-0013,general_qa,256,synthid,synthid-03,0.5120967741935484,248
replication-0013,general_qa,256,synthid,synthid-04,0.482078853046595,248
replication-0013,general_qa,256,synthid,synthid-05,0.5044802867383512,248
replication-0013,general_qa,256,synthid,synthid-06,0.5049283154121864,248
replication-0013,general_qa,256,synthid,synthid-07,0.4731182795698925,248
replication-0013,general_qa,256,synthid,synthid-08,0.5067204301075269,248
replication-0013,general_qa,256,synthid,synthid-09,0.48476702508960573,248
replication-0013,general_qa,512,kgw,kgw-00,2.1602468994692865,504
replication-0013,general_qa,512,kgw,kgw-01,-1.2344267996967353,504
replication-0013,general_qa,512,kgw,kgw-02,1.3372956996714631,504
replication-0013,general_qa,512,kgw,kgw-03,-0.41147559989891175,504
replication-0013,general_qa,512,kgw,kgw-04,2.1602468994692865,504
replication-0013,general_qa,512,kgw,kgw-05,3.188935899216566,504
replication-0013,general_qa,512,kgw,kgw-06,3.49754259914075,504
replication-0013,general_qa,512,kgw,kgw-07,2.8803291992923823,504
replication-0013,general_qa,512,kgw,kgw-08,1.1315578997220073,504
replication-0013,general_qa,512,kgw,kgw-09,0.8229511997978235,504
replication-0013,general_qa,512,synthid,synthid-00,0.4959134084382593,503
replication-0013,general_qa,512,synthid,synthid-01,0.4937044400265076,503
replication-0013,general_qa,512,synthid,synthid-02,0.5162359178263751,503
replication-0013,general_qa,512,synthid,synthid-03,0.5036447978793903,503
replication-0013,general_qa,512,synthid,synthid-04,0.48751932847360285,503
replication-0013,general_qa,512,synthid,synthid-05,0.4985641705323614,503
replication-0013,general_qa,512,synthid,synthid-06,0.5149105367793241,503
replication-0013,general_qa,512,synthid,synthid-07,0.49304174950298213,503
replication-0013,general_qa,512,synthid,synthid-08,0.5009940357852882,503
replication-0013,general_qa,512,synthid,synthid-09,0.48950740004417936,503
replication-0014,open_qa,128,kgw,kgw-00,1.600833116432399,125
replication-0014,open_qa,128,kgw,kgw-01,-0.25819888974716115,125
replication-0014,open_qa,128,kgw,kgw-02,-1.0844353369380768,125
replication-0014,open_qa,128,kgw,kgw-03,1.600833116432399,125
replication-0014,open_qa,128,kgw,kgw-04,1.600833116432399,125
replication-0014,open_qa,128,kgw,kgw-05,1.39427400463467,125
replication-0014,open_qa,128,kgw,kgw-06,0.3614784456460256,125
replication-0014,open_qa,128,kgw,kgw-07,0.9811557810392123,125
replication-0014,open_qa,128,kgw,kgw-08,-0.051639777949432225,125
replication-0014,open_qa,128,kgw,kgw-09,-0.6713171133426189,125
replication-0014,open_qa,128,synthid,synthid-00,0.5134408602150538,124
replication-0014,open_qa,128,synthid,synthid-01,0.4829749103942652,124
replication-0014,open_qa,128,synthid,synthid-02,0.5125448028673835,124
replication-0014,open_qa,128,synthid,synthid-03,0.5197132616487455,124
replication-0014,open_qa,128,synthid,synthid-04,0.48566308243727596,124
replication-0014,open_qa,128,synthid,synthid-05,0.5008960573476703,124
replication-0014,open_qa,128,synthid,synthid-06,0.5008960573476703,124
replication-0014,open_qa,128,synthid,synthid-07,0.496415770609319,124
replication-0014,open_qa,128,synthid,synthid-08,0.496415770609319,124
replication-0014,open_qa,128,synthid,synthid-09,0.514336917562724,124
replication-0014,open_qa,256,kgw,kgw-00,1.0568187497645551,251
replication-0014,open_qa,256,kgw,kgw-01,-0.40086228439345195,251
replication-0014,open_qa,256,kgw,kgw-02,-0.9839346980566548,251
replication-0014,open_qa,256,kgw,kgw-03,1.0568187497645551,251
replication-0014,open_qa,256,kgw,kgw-04,2.660267887338363,251
replication-0014,open_qa,256,kgw,kgw-05,0.7652825429329537,251
replication-0014,open_qa,256,kgw,kgw-06,0.03644202585395018,251
replication-0014,open_qa,256,kgw,kgw-07,0.4737463361013523,251
replication-0014,open_qa,256,kgw,kgw-08,-0.8381665946408541,251
replication-0014,open_qa,256,kgw,kgw-09,-1.858543318551459,251
replication-0014,open_qa,256,synthid,synthid-00,0.49866666666666665,250
replication-0014,open_qa,256,synthid,synthid-01,0.48488888888888887,250
replication-0014,open_qa,256,synthid,synthid-02,0.5071111111111111,250
replication-0014,open_qa,256,synthid,synthid-03,0.5062222222222222,250
replication-0014,open_qa,256,synthid,synthid-04,0.4871111111111111,250
replication-0014,open_qa,256,synthid,synthid-05,0.5062222222222222,250
replication-0014,open_qa,256,synthid,synthid-06,0.4991111111111111,250
replication-0014,open_qa,256,synthid,synthid-07,0.484,250
replication-0014,open_qa,256,synthid,synthid-08,0.4968888888888889,250
replication-0014,open_qa,256,synthid,synthid-09,0.5053333333333333,250
replication-0014,open_qa,512,kgw,kgw-00,0.05133270023393453,506
replication-0014,open_qa,512,kgw,kgw-01,-0.8726559039768871,506
replication-0014,open_qa,512,kgw,kgw-02,-0.2566635011696727,506
replication-0014,open_qa,512,kgw,kgw-03,1.3859829063162323,506
replication-0014,open_qa,512,kgw,kgw-04,3.84995251754509,506
replication-0014,open_qa,512,kgw,kgw-05,2.207306110059185,506
replication-0014,open_qa,512,kgw,kgw-06,2.6179677119306612,506
replication-0014,open_qa,512,kgw,kgw-07,0.667325103041149,506
replication-0014,open_qa,512,kgw,kgw-08,-0.3593289016375417,506
replication-0014,open_qa,512,kgw,kgw-09,-1.6939791077198396,506
replication-0014,open_qa,512,synthid,synthid-00,0.4998899889988999,505
replication-0014,open_qa,512,synthid,synthid-01,0.4932893289328933,505
replication-0014,open_qa,512,synthid,synthid-02,0.49922992299229924,505
replication-0014,open_qa,512,synthid,synthid-03,0.504070407040704,505
replication-0014,open_qa,512,synthid,synthid-04,0.4871287128712871,505
replication-0014,open_qa,512,synthid,synthid-05,0.5067106710671068,505
replication-0014,open_qa,512,synthid,synthid-06,0.5020902090209021,505
replication-0014,open_qa,512,synthid,synthid-07,0.48954895489548955,505
replication-0014,open_qa,512,synthid,synthid-08,0.4891089108910891,505
replication-0014,open_qa,512,synthid,synthid-09,0.5025302530253025,505
replication-0015,summarization,128,kgw,kgw-00,2.0739033894608507,124
replication-0015,summarization,128,kgw,kgw-01,1.0369516947304254,124
replication-0015,summarization,128,kgw,kgw-02,2.2812937284069355,124
replication-0015,summarization,128,kgw,kgw-03,0.6221710168382552,124
replication-0015,summarization,128,kgw,kgw-04,0.8295613557843402,124
replication-0015,summarization,128,kgw,kgw-05,0.0,124
replication-0015,summarization,128,kgw,kgw-06,2.0739033894608507,124
replication-0015,summarization,128,kgw,kgw-07,-0.20739033894608505,124
replication-0015,summarization,128,kgw,kgw-08,-0.6221710168382552,124
replication-0015,summarization,128,kgw,kgw-09,-0.20739033894608505,124
replication-0015,summarization,128,synthid,synthid-00,0.4932249322493225,123
replication-0015,summarization,128,synthid,synthid-01,0.5103884372177055,123
replication-0015,summarization,128,synthid,synthid-02,0.5185185185185185,123
replication-0015,summarization,128,synthid,synthid-03,0.5140018066847335,123
replication-0015,summarization,128,synthid,synthid-04,0.4968383017163505,123
replication-0015,summarization,128,synthid,synthid-05,0.5130984643179766,123
replication-0015,summarization,128,synthid,synthid-06,0.5049683830171635,123
replication-0015,summarization,128,synthid,synthid-07,0.5076784101174345,123
replication-0015,summarization,128,synthid,synthid-08,0.5031616982836495,123
replication-0015,summarization,128,synthid,synthid-09,0.5248419150858176,123
replication-0015,summarization,256,kgw,kgw-00,1.779149987213721,129
replication-0015,summarization,256,kgw,kgw-01,1.372487132993442,129
replication-0015,summarization,256,kgw,kgw-02,2.185812841434,129
replication-0015,summarization,256,kgw,kgw-03,0.35582999744274424,129
replication-0015,summarization,256,kgw,kgw-04,1.1691557058833024,129
replication-0015,summarization,256,kgw,kgw-05,0.35582999744274424,129
replication-0015,summarization,256,kgw,kgw-06,1.779149987213721,129
replication-0015,summarization,256,kgw,kgw-07,-0.2541642838876745,129
replication-0015,summarization,256,kgw,kgw-08,-0.6608271381079536,129
replication-0015,summarization,256,kgw,kgw-09,-0.457495710997814,129
replication-0015,summarization,256,synthid,synthid-00,0.491817398794143,129
replication-0015,summarization,256,synthid,synthid-01,0.5107665805340224,129
replication-0015,summarization,256,synthid,synthid-02,0.5142118863049095,129
replication-0015,summarization,256,synthid,synthid-03,0.5176571920757967,129
replication-0015,summarization,256,synthid,synthid-04,0.491817398794143,129
replication-0015,summarization,256,synthid,synthid-05,0.508182601205857,129
replication-0015,summarization,256,synthid,synthid-06,0.5047372954349698,129
replication-0015,summarization,256,synthid,synthid-07,0.508182601205857,129
replication-0015,summarization,256,synthid,synthid-08,0.5047372954349698,129
replication-0015,summarization,256,synthid,synthid-09,0.5236864771748493,129
replication-0015,summarization,512,kgw,kgw-00,1.779149987213721,129
replication-0015,summarization,512,kgw,kgw-01,1.372487132993442,129
replication-0015,summarization,512,kgw,kgw-02,2.185812841434,129
replication-0015,summarization,512,kgw,kgw-03,0.35582999744274424,129
replication-0015,summarization,512,kgw,kgw-04,1.1691557058833024,129
replication-0015,summarization,512,kgw,kgw-05,0.35582999744274424,129
replication-0015,summarization,512,kgw,kgw-06,1.779149987213721,129
replication-0015,summarization,512,kgw,kgw-07,-0.2541642838876745,129
replication-0015,summarization,512,kgw,kgw-08,-0.6608271381079536,129
replication-0015,summarization,512,kgw,kgw-09,-0.457495710997814,129
replication-0015,summarization,512,synthid,synthid-00,0.491817398794143,129
replication-0015,summarization,512,synthid,synthid-01,0.5107665805340224,129
replication-0015,summarization,512,synthid,synthid-02,0.5142118863049095,129
replication-0015,summarization,512,synthid,synthid-03,0.5176571920757967,129
replication-0015,summarization,512,synthid,synthid-04,0.491817398794143,129
replication-0015,summarization,512,synthid,synthid-05,0.508182601205857,129
replication-0015,summarization,512,synthid,synthid-06,0.5047372954349698,129
replication-0015,summarization,512,synthid,synthid-07,0.508182601205857,129
replication-0015,summarization,512,synthid,synthid-08,0.5047372954349698,129
replication-0015,summarization,512,synthid,synthid-09,0.5236864771748493,129
replication-0016,information_extraction,128,kgw,kgw-00,1.2443420336765103,124
replication-0016,information_extraction,128,kgw,kgw-01,-1.8665130505147656,124
replication-0016,information_extraction,128,kgw,kgw-02,2.6960744062991058,124
replication-0016,information_extraction,128,kgw,kgw-03,1.0369516947304254,124
replication-0016,information_extraction,128,kgw,kgw-04,1.0369516947304254,124
replication-0016,information_extraction,128,kgw,kgw-05,1.8665130505147656,124
replication-0016,information_extraction,128,kgw,kgw-06,0.4147806778921701,124
replication-0016,information_extraction,128,kgw,kgw-07,1.4517323726225955,124
replication-0016,information_extraction,128,kgw,kgw-08,-1.8665130505147656,124
replication-0016,information_extraction,128,kgw,kgw-09,-0.8295613557843402,124
replication-0016,information_extraction,128,synthid,synthid-00,0.5103884372177055,123
replication-0016,information_extraction,128,synthid,synthid-01,0.4977416440831075,123
replication-0016,information_extraction,128,synthid,synthid-02,0.4878048780487805,123
replication-0016,information_extraction,128,synthid,synthid-03,0.5049683830171635,123
replication-0016,information_extraction,128,synthid,synthid-04,0.4878048780487805,123
replication-0016,information_extraction,128,synthid,synthid-05,0.5022583559168925,123
replication-0016,information_extraction,128,synthid,synthid-06,0.5094850948509485,123
replication-0016,information_extraction,128,synthid,synthid-07,0.5167118337850045,123
replication-0016,information_extraction,128,synthid,synthid-08,0.4968383017163505,123
replication-0016,information_extraction,128,synthid,synthid-09,0.5212285456187895,123
replication-0016,information_extraction,256,kgw,kgw-00,0.9878783399072131,249
replication-0016,information_extraction,256,kgw,kgw-01,-1.0610545132336733,249
replication-0016,information_extraction,256,kgw,kgw-02,2.890458846395179,249
replication-0016,information_extraction,256,kgw,kgw-03,0.10976425998969035,249
replication-0016,information_extraction,256,kgw,kgw-04,2.1586971131305766,249
replication-0016,information_extraction,256,kgw,kgw-05,1.865992419824736,249
replication-0016,information_extraction,256,kgw,kgw-06,0.10976425998969035,249
replication-0016,information_extraction,256,kgw,kgw-07,2.012344766477656,249
replication-0016,information_extraction,256,kgw,kgw-08,-0.18294043331615056,249
replication-0016,information_extraction,256,kgw,kgw-09,-1.6464638998453551,249
replication-0016,information_extraction,256,synthid,synthid-00,0.49372759856630827,248
replication-0016,information_extraction,256,synthid,synthid-01,0.49910394265232977,248
replication-0016,information_extraction,256,synthid,synthid-02,0.4968637992831541,248
replication-0016,information_extraction,256,synthid,synthid-03,0.5053763440860215,248
replication-0016,information_extraction,256,synthid,synthid-04,0.49731182795698925,248
replication-0016,information_extraction,256,synthid,synthid-05,0.5017921146953405,248
replication-0016,information_extraction,256,synthid,synthid-06,0.507168458781362,248
replication-0016,information_extraction,256,synthid,synthid-07,0.5044802867383512,248
replication-0016,information_extraction,256,synthid,synthid-08,0.5098566308243727,248
replication-0016,information_extraction,256,synthid,synthid-09,0.507168458781362,248
replication-0016,information_extraction,512,kgw,kgw-00,2.2530998097099673,497
replication-0016,information_extraction,512,kgw,kgw-01,-1.994122820088132,497
replication-0016,information_extraction,512,kgw,kgw-02,1.113601055373892,497
replication-0016,information_extraction,512,kgw,kgw-03,-0.3366700865083859,497
replication-0016,information_extraction,512,kgw,kgw-04,2.5638721972561695,497
replication-0016,information_extraction,512,kgw,kgw-05,2.771053788953638,497
replication-0016,information_extraction,512,kgw,kgw-06,1.4243734429200943,497
replication-0016,information_extraction,512,kgw,kgw-07,1.6315550346175625,497
replication-0016,information_extraction,512,kgw,kgw-08,-0.12948849481091768,497
replication-0016,information_extraction,512,kgw,kgw-09,-2.9264399827267393,497
replication-0016,information_extraction,512,synthid,synthid-00,0.4982078853046595,496
replication-0016,information_extraction,512,synthid,synthid-01,0.4939516129032258,496
replication-0016,information_extraction,512,synthid,synthid-02,0.48947132616487454,496
replication-0016,information_extraction,512,synthid,synthid-03,0.4921594982078853,496
replication-0016,information_extraction,512,synthid,synthid-04,0.4970878136200717,496
replication-0016,information_extraction,512,synthid,synthid-05,0.5047043010752689,496
replication-0016,information_extraction,512,synthid,synthid-06,0.5031362007168458,496
replication-0016,information_extraction,512,synthid,synthid-07,0.49798387096774194,496
replication-0016,information_extraction,512,synthid,synthid-08,0.5049283154121864,496
replication-0016,information_extraction,512,synthid,synthid-09,0.5015681003584229,496
replication-0017,closed_qa,128,kgw,kgw-00,1.1499584216764966,122
replication-0017,closed_qa,128,kgw,kgw-01,0.31362502409359,122
replication-0017,closed_qa,128,kgw,kgw-02,1.3590417710722233,122
replication-0017,closed_qa,128,kgw,kgw-03,-0.94087507228077,122
replication-0017,closed_qa,128,kgw,kgw-04,0.5227083734893166,122
replication-0017,closed_qa,128,kgw,kgw-05,1.1499584216764966,122
replication-0017,closed_qa,128,kgw,kgw-06,3.2407919156337632,122
replication-0017,closed_qa,128,kgw,kgw-07,-0.7317917228850433,122
replication-0017,closed_qa,128,kgw,kgw-08,-1.56812512046795,122
replication-0017,closed_qa,128,kgw,kgw-09,-1.1499584216764966,122
replication-0017,closed_qa,128,synthid,synthid-00,0.5050505050505051,121
replication-0017,closed_qa,128,synthid,synthid-01,0.5151515151515151,121
replication-0017,closed_qa,128,synthid,synthid-02,0.5004591368227732,121
replication-0017,closed_qa,128,synthid,synthid-03,0.4885215794306703,121
replication-0017,closed_qa,128,synthid,synthid-04,0.49127640036730946,121
replication-0017,closed_qa,128,synthid,synthid-05,0.4921946740128558,121
replication-0017,closed_qa,128,synthid,synthid-06,0.4921946740128558,121
replication-0017,closed_qa,128,synthid,synthid-07,0.5068870523415978,121
replication-0017,closed_qa,128,synthid,synthid-08,0.4830119375573921,121
replication-0017,closed_qa,128,synthid,synthid-09,0.5013774104683195,121
replication-0017,closed_qa,256,kgw,kgw-00,0.7008255578851517,245
replication-0017,closed_qa,256,kgw,kgw-01,-0.18442777839082938,245
replication-0017,closed_qa,256,kgw,kgw-02,1.2909944487358056,245
replication-0017,closed_qa,256,kgw,kgw-03,-1.3647655600921376,245
replication-0017,closed_qa,256,kgw,kgw-04,0.9959100033104787,245
replication-0017,closed_qa,256,kgw,kgw-05,0.7008255578851517,245
replication-0017,closed_qa,256,kgw,kgw-06,3.5041277894257585,245
replication-0017,closed_qa,256,kgw,kgw-07,0.8483677805978151,245
replication-0017,closed_qa,256,kgw,kgw-08,-1.6598500055174645,245
replication-0017,closed_qa,256,kgw,kgw-09,-0.18442777839082938,245
replication-0017,closed_qa,256,synthid,synthid-00,0.49863387978142076,244
replication-0017,closed_qa,256,synthid,synthid-01,0.5095628415300546,244
replication-0017,closed_qa,256,synthid,synthid-02,0.5018214936247724,244
replication-0017,closed_qa,256,synthid,synthid-03,0.4890710382513661,244
replication-0017,closed_qa,256,synthid,synthid-04,0.4849726775956284,244
replication-0017,closed_qa,256,synthid,synthid-05,0.4858834244080146,244
replication-0017,closed_qa,256,synthid,synthid-06,0.5022768670309654,244
replication-0017,closed_qa,256,synthid,synthid-07,0.5127504553734062,244
replication-0017,closed_qa,256,synthid,synthid-08,0.49043715846994534,244
replication-0017,closed_qa,256,synthid,synthid-09,0.48178506375227687,244
replication-0017,closed_qa,512,kgw,kgw-00,0.8382063038733161,399
replication-0017,closed_qa,512,kgw,kgw-01,-0.317940322158844,399
replication-0017,closed_qa,512,kgw,kgw-02,0.8382063038733161,399
replication-0017,closed_qa,512,kgw,kgw-03,-0.896013635174924,399
replication-0017,closed_qa,512,kgw,kgw-04,1.416279616889396,399
replication-0017,closed_qa,512,kgw,kgw-05,0.953820966476532,399
replication-0017,closed_qa,512,kgw,kgw-06,3.381728881144068,399
replication-0017,closed_qa,512,kgw,kgw-07,1.069435629079748,399
replication-0017,closed_qa,512,kgw,kgw-08,-1.5897016107942201,399
replication-0017,closed_qa,512,kgw,kgw-09,0.375747653460452,399
replication-0017,closed_qa,512,synthid,synthid-00,0.48771635957565607,398
replication-0017,closed_qa,512,synthid,synthid-01,0.5055834729201564,398
replication-0017,closed_qa,512,synthid,synthid-02,0.5058626465661642,398
replication-0017,closed_qa,512,synthid,synthid-03,0.48911222780569513,398
replication-0017,closed_qa,512,synthid,synthid-04,0.48939140145170296,398
replication-0017,closed_qa,512,synthid,synthid-05,0.49609156895589057,398
replication-0017,closed_qa,512,synthid,synthid-06,0.4882747068676717,398
replication-0017,closed_qa,512,synthid,synthid-07,0.5025125628140703,398
replication-0017,closed_qa,512,synthid,synthid-08,0.4963707426018984,398
replication-0017,closed_qa,512,synthid,synthid-09,0.4849246231155779,398
replication-0018,general_qa,128,kgw,kgw-00,0.9811557810392123,125
replication-0018,general_qa,128,kgw,kgw-01,-1.2909944487358056,125
replication-0018,general_qa,128,kgw,kgw-02,0.7745966692414834,125
replication-0018,general_qa,128,kgw,kgw-03,-1.0844353369380768,125
replication-0018,general_qa,128,kgw,kgw-04,0.7745966692414834,125
replication-0018,general_qa,128,kgw,kgw-05,3.0467468990165014,125
replication-0018,general_qa,128,kgw,kgw-06,1.1877148928369412,125
replication-0018,general_qa,128,kgw,kgw-07,-0.25819888974716115,125
replication-0018,general_qa,128,kgw,kgw-08,0.15491933384829668,125
replication-0018,general_qa,128,kgw,kgw-09,0.3614784456460256,125
replication-0018,general_qa,128,synthid,synthid-00,0.4767025089605735,124
replication-0018,general_qa,128,synthid,synthid-01,0.5053763440860215,124
replication-0018,general_qa,128,synthid,synthid-02,0.49193548387096775,124
replication-0018,general_qa,128,synthid,synthid-03,0.47939068100358423,124
replication-0018,general_qa,128,synthid,synthid-04,0.517921146953405,124
replication-0018,general_qa,128,synthid,synthid-05,0.5224014336917563,124
replication-0018,general_qa,128,synthid,synthid-06,0.5152329749103942,124
replication-0018,general_qa,128,synthid,synthid-07,0.5170250896057348,124
replication-0018,general_qa,128,synthid,synthid-08,0.48118279569892475,124
replication-0018,general_qa,128,synthid,synthid-09,0.5116487455197133,124
replication-0018,general_qa,256,kgw,kgw-00,1.8257418583505536,250
replication-0018,general_qa,256,kgw,kgw-01,-1.8257418583505536,250
replication-0018,general_qa,256,kgw,kgw-02,-0.3651483716701107,250
replication-0018,general_qa,256,kgw,kgw-03,-1.8257418583505536,250
replication-0018,general_qa,256,kgw,kgw-04,1.6796825096825094,250
replication-0018,general_qa,256,kgw,kgw-05,2.556038601690775,250
replication-0018,general_qa,256,kgw,kgw-06,1.0954451150103321,250
replication-0018,general_qa,256,kgw,kgw-07,-1.2415044636783765,250
replication-0018,general_qa,256,kgw,kgw-08,-0.21908902300206642,250
replication-0018,general_qa,256,kgw,kgw-09,1.3875638123464207,250
replication-0018,general_qa,256,synthid,synthid-00,0.4828201695671575,249
replication-0018,general_qa,256,synthid,synthid-01,0.5136099955377064,249
replication-0018,general_qa,256,synthid,synthid-02,0.5113788487282463,249
replication-0018,general_qa,256,synthid,synthid-03,0.49040606871932174,249
replication-0018,general_qa,256,synthid,synthid-04,0.5087014725568942,249
replication-0018,general_qa,256,synthid,synthid-05,0.5158411423471665,249
replication-0018,general_qa,256,synthid,synthid-06,0.5033467202141901,249
replication-0018,general_qa,256,synthid,synthid-07,0.5122713074520303,249
replication-0018,general_qa,256,synthid,synthid-08,0.49442213297634985,249
replication-0018,general_qa,256,synthid,synthid-09,0.5064703257474342,249
replication-0018,general_qa,512,kgw,kgw-00,1.4732076165166692,499
replication-0018,general_qa,512,kgw,kgw-01,-2.3519630368950333,499
replication-0018,general_qa,512,kgw,kgw-02,0.4393777101891821,499
replication-0018,general_qa,512,kgw,kgw-03,-3.4891759338552695,499
replication-0018,general_qa,512,kgw,kgw-04,3.1273354666406488,499
replication-0018,general_qa,512,kgw,kgw-05,2.19688855094591,499
replication-0018,general_qa,512,kgw,kgw-06,0.9562926633529257,499
replication-0018,general_qa,512,kgw,kgw-07,-1.5248991118330437,499
replication-0018,general_qa,512,kgw,kgw-08,-0.5944521961383051,499
replication-0018,general_qa,512,kgw,kgw-09,3.3341014479061464,499
replication-0018,general_qa,512,synthid,synthid-00,0.4957608210620259,498
replication-0018,general_qa,512,synthid,synthid-01,0.5131637661758144,498
replication-0018,general_qa,512,synthid,synthid-02,0.4968763944667559,498
replication-0018,general_qa,512,synthid,synthid-03,0.49040606871932174,498
replication-0018,general_qa,512,synthid,synthid-04,0.5046854082998661,498
replication-0018,general_qa,512,synthid,synthid-05,0.4926372155287818,498
replication-0018,general_qa,512,synthid,synthid-06,0.5100401606425703,498
replication-0018,general_qa,512,synthid,synthid-07,0.5060240963855421,498
replication-0018,general_qa,512,synthid,synthid-08,0.49821508255243196,498
replication-0018,general_qa,512,synthid,synthid-09,0.5091477019187862,498
replication-0019,closed_qa,128,kgw,kgw-00,1.2071869264873993,121
replication-0019,closed_qa,128,kgw,kgw-01,-0.4723774929733302,121
replication-0019,closed_qa,128,kgw,kgw-02,0.9972413740548082,121
replication-0019,closed_qa,128,kgw,kgw-03,0.1574591643244434,121
replication-0019,closed_qa,128,kgw,kgw-04,0.36740471675703457,121
replication-0019,closed_qa,128,kgw,kgw-05,0.5773502691896257,121
replication-0019,closed_qa,128,kgw,kgw-06,0.787295821622217,121
replication-0019,closed_qa,128,kgw,kgw-07,0.1574591643244434,121
replication-0019,closed_qa,128,kgw,kgw-08,-0.4723774929733302,121
replication-0019,closed_qa,128,kgw,kgw-09,-0.262431940540739,121
replication-0019,closed_qa,128,synthid,synthid-00,0.475,120
replication-0019,closed_qa,128,synthid,synthid-01,0.5027777777777778,120
replication-0019,closed_qa,128,synthid,synthid-02,0.5166666666666667,120
replication-0019,closed_qa,128,synthid,synthid-03,0.5175925925925926,120
replication-0019,closed_qa,128,synthid,synthid-04,0.4981481481481482,120
replication-0019,closed_qa,128,synthid,synthid-05,0.5481481481481482,120
replication-0019,closed_qa,128,synthid,synthid-06,0.5009259259259259,120
replication-0019,closed_qa,128,synthid,synthid-07,0.4962962962962963,120
replication-0019,closed_qa,128,synthid,synthid-08,0.49722222222222223,120
replication-0019,closed_qa,128,synthid,synthid-09,0.49166666666666664,120
replication-0019,closed_qa,256,kgw,kgw-00,1.4784425419091456,244
replication-0019,closed_qa,256,kgw,kgw-01,-1.034909779336402,244
replication-0019,closed_qa,256,kgw,kgw-02,0.7392212709545728,244
replication-0019,closed_qa,256,kgw,kgw-03,0.14784425419091457,244
replication-0019,closed_qa,256,kgw,kgw-04,0.29568850838182914,244
replication-0019,closed_qa,256,kgw,kgw-05,1.9219753044818895,244
replication-0019,closed_qa,256,kgw,kgw-06,0.7392212709545728,244
replication-0019,closed_qa,256,kgw,kgw-07,1.1827540335273166,244
replication-0019,closed_qa,256,kgw,kgw-08,0.7392212709545728,244
replication-0019,closed_qa,256,kgw,kgw-09,-0.4435327625727437,244
replication-0019,closed_qa,256,synthid,synthid-00,0.49885688157293095,243
replication-0019,closed_qa,256,synthid,synthid-01,0.4983996342021033,243
replication-0019,closed_qa,256,synthid,synthid-02,0.5093735711019661,243
replication-0019,closed_qa,256,synthid,synthid-03,0.5029721079103795,243
replication-0019,closed_qa,256,synthid,synthid-04,0.50480109739369,243
replication-0019,closed_qa,256,synthid,synthid-05,0.5189757658893461,243
replication-0019,closed_qa,256,synthid,synthid-06,0.4897119341563786,243
replication-0019,closed_qa,256,synthid,synthid-07,0.5139460448102423,243
replication-0019,closed_qa,256,synthid,synthid-08,0.48788294467306814,243
replication-0019,closed_qa,256,synthid,synthid-09,0.49108367626886146,243
replication-0019,closed_qa,512,kgw,kgw-00,2.0051329140325977,454
replication-0019,closed_qa,512,kgw,kgw-01,-1.029662847746469,454
replication-0019,closed_qa,512,kgw,kgw-02,0.16257834438102145,454
replication-0019,closed_qa,512,kgw,kgw-03,-0.7045061589844263,454
replication-0019,closed_qa,512,kgw,kgw-04,1.1380484106671502,454
replication-0019,closed_qa,512,kgw,kgw-05,3.3057596690807696,454
replication-0019,closed_qa,512,kgw,kgw-06,2.22190403987396,454
replication-0019,closed_qa,512,kgw,kgw-07,0.8128917219051073,454
replication-0019,closed_qa,512,kgw,kgw-08,0.4877350331430644,454
replication-0019,closed_qa,512,kgw,kgw-09,-1.4632050994291932,454
replication-0019,closed_qa,512,synthid,synthid-00,0.48883983321069413,453
replication-0019,closed_qa,512,synthid,synthid-01,0.5033112582781457,453
replication-0019,closed_qa,512,synthid,synthid-02,0.5008584743684081,453
replication-0019,closed_qa,512,synthid,synthid-03,0.4927642874662742,453
replication-0019,closed_qa,512,synthid,synthid-04,0.4998773608045131,453
replication-0019,closed_qa,512,synthid,synthid-05,0.506990434142752,453
replication-0019,closed_qa,512,synthid,synthid-06,0.4868776060829041,453
replication-0019,closed_qa,512,synthid,synthid-07,0.5106696100073583,453
replication-0019,closed_qa,512,synthid,synthid-08,0.4974245768947756,453
replication-0019,closed_qa,512,synthid,synthid-09,0.5084621044885945,453
replication-0020,brainstorming,128,kgw,kgw-00,0.7745966692414834,125
replication-0020,brainstorming,128,kgw,kgw-01,-0.051639777949432225,125
replication-0020,brainstorming,128,kgw,kgw-02,1.39427400463467,125
replication-0020,brainstorming,128,kgw,kgw-03,-0.8778762251403478,125
replication-0020,brainstorming,128,kgw,kgw-04,0.7745966692414834,125
replication-0020,brainstorming,128,kgw,kgw-05,0.5680375574437545,125
replication-0020,brainstorming,128,kgw,kgw-06,0.9811557810392123,125
replication-0020,brainstorming,128,kgw,kgw-07,-0.6713171133426189,125
replication-0020,brainstorming,128,kgw,kgw-08,0.5680375574437545,125
replication-0020,brainstorming,128,kgw,kgw-09,0.15491933384829668,125
replication-0020,brainstorming,128,synthid,synthid-00,0.510752688172043,124
replication-0020,brainstorming,128,synthid,synthid-01,0.510752688172043,124
replication-0020,brainstorming,128,synthid,synthid-02,0.4910394265232975,124
replication-0020,brainstorming,128,synthid,synthid-03,0.4874551971326165,124
replication-0020,brainstorming,128,synthid,synthid-04,0.48028673835125446,124
replication-0020,brainstorming,128,synthid,synthid-05,0.49910394265232977,124
replication-0020,brainstorming,128,synthid,synthid-06,0.5,124
replication-0020,brainstorming,128,synthid,synthid-07,0.489247311827957,124
replication-0020,brainstorming,128,synthid,synthid-08,0.5044802867383512,124
replication-0020,brainstorming,128,synthid,synthid-09,0.5062724014336918,124
replication-0020,brainstorming,256,kgw,kgw-00,0.25408390302421974,253
replication-0020,brainstorming,256,kgw,kgw-01,0.10889310129609417,253
replication-0020,brainstorming,256,kgw,kgw-02,1.7059919203054752,253
replication-0020,brainstorming,256,kgw,kgw-03,-0.3266793038882825,253
replication-0020,brainstorming,256,kgw,kgw-04,0.834847109936722,253
replication-0020,brainstorming,256,kgw,kgw-05,0.25408390302421974,253
replication-0020,brainstorming,256,kgw,kgw-06,1.5608011185773496,253
replication-0020,brainstorming,256,kgw,kgw-07,0.6896563082085964,253
replication-0020,brainstorming,256,kgw,kgw-08,0.10889310129609417,253
replication-0020,brainstorming,256,kgw,kgw-09,1.125228713392973,253
replication-0020,brainstorming,256,synthid,synthid-00,0.5167548500881834,252
replication-0020,brainstorming,256,synthid,synthid-01,0.5052910052910053,252
replication-0020,brainstorming,256,synthid,synthid-02,0.49514991181657847,252
replication-0020,brainstorming,256,synthid,synthid-03,0.4894179894179894,252
replication-0020,brainstorming,256,synthid,synthid-04,0.48368606701940037,252
replication-0020,brainstorming,256,synthid,synthid-05,0.48897707231040566,252
replication-0020,brainstorming,256,synthid,synthid-06,0.4894179894179894,252
replication-0020,brainstorming,256,synthid,synthid-07,0.4858906525573192,252
replication-0020,brainstorming,256,synthid,synthid-08,0.49559082892416223,252
replication-0020,brainstorming,256,synthid,synthid-09,0.5110229276895943,252
replication-0020,brainstorming,512,kgw,kgw-00,-0.1794871794871795,507
replication-0020,brainstorming,512,kgw,kgw-01,-1.0,507
replication-0020,brainstorming,512,kgw,kgw-02,0.5384615384615384,507
replication-0020,brainstorming,512,kgw,kgw-03,-0.28205128205128205,507
replication-0020,brainstorming,512,kgw,kgw-04,1.6666666666666667,507
replication-0020,brainstorming,512,kgw,kgw-05,1.9743589743589745,507
replication-0020,brainstorming,512,kgw,kgw-06,1.7692307692307692,507
replication-0020,brainstorming,512,kgw,kgw-07,0.6410256410256411,507
replication-0020,brainstorming,512,kgw,kgw-08,-0.38461538461538464,507
replication-0020,brainstorming,512,kgw,kgw-09,-0.38461538461538464,507
replication-0020,brainstorming,512,synthid,synthid-00,0.505270092226614,506
replication-0020,brainstorming,512,synthid,synthid-01,0.4986824769433465,506
replication-0020,brainstorming,512,synthid,synthid-02,0.49846288976723757,506
replication-0020,brainstorming,512,synthid,synthid-03,0.4958278436539306,506
replication-0020,brainstorming,512,synthid,synthid-04,0.48967940272288096,506
replication-0020,brainstorming,512,synthid,synthid-05,0.4898989898989899,506
replication-0020,brainstorming,512,synthid,synthid-06,0.49604743083003955,506
replication-0020,brainstorming,512,synthid,synthid-07,0.48967940272288096,506
replication-0020,brainstorming,512,synthid,synthid-08,0.4931927975406236,506
replication-0020,brainstorming,512,synthid,synthid-09,0.5118577075098815,506
replication-0021,closed_qa,128,kgw,kgw-00,0.058025885318565944,99
replication-0021,closed_qa,128,kgw,kgw-01,0.058025885318565944,99
replication-0021,closed_qa,128,kgw,kgw-02,0.7543365091413573,99
replication-0021,closed_qa,128,kgw,kgw-03,1.2185435916898848,99
replication-0021,closed_qa,128,kgw,kgw-04,-0.4061811972299616,99
replication-0021,closed_qa,128,kgw,kgw-05,2.379061298061204,99
replication-0021,closed_qa,128,kgw,kgw-06,0.9864400504156211,99
replication-0021,closed_qa,128,kgw,kgw-07,0.29012942659282975,99
replication-0021,closed_qa,128,kgw,kgw-08,0.058025885318565944,99
replication-0021,closed_qa,128,kgw,kgw-09,-2.495113068698336,99
replication-0021,closed_qa,128,synthid,synthid-00,0.47845804988662133,98
replication-0021,closed_qa,128,synthid,synthid-01,0.5056689342403629,98
replication-0021,closed_qa,128,synthid,synthid-02,0.5215419501133787,98
replication-0021,closed_qa,128,synthid,synthid-03,0.4931972789115646,98
replication-0021,closed_qa,128,synthid,synthid-04,0.5079365079365079,98
replication-0021,closed_qa,128,synthid,synthid-05,0.5022675736961452,98
replication-0021,closed_qa,128,synthid,synthid-06,0.5102040816326531,98
replication-0021,closed_qa,128,synthid,synthid-07,0.5136054421768708,98
replication-0021,closed_qa,128,synthid,synthid-08,0.5045351473922902,98
replication-0021,closed_qa,128,synthid,synthid-09,0.4988662131519274,98
replication-0021,closed_qa,256,kgw,kgw-00,-1.3545924239123128,210
replication-0021,closed_qa,256,kgw,kgw-01,-0.23904572186687875,210
replication-0021,closed_qa,256,kgw,kgw-02,1.1952286093343938,210
replication-0021,closed_qa,256,kgw,kgw-03,0.7171371656006362,210
replication-0021,closed_qa,256,kgw,kgw-04,-0.07968190728895957,210
replication-0021,closed_qa,256,kgw,kgw-05,2.1514114968019085,210
replication-0021,closed_qa,256,kgw,kgw-06,0.8765009801785554,210
replication-0021,closed_qa,256,kgw,kgw-07,1.3545924239123128,210
replication-0021,closed_qa,256,kgw,kgw-08,-0.23904572186687875,210
replication-0021,closed_qa,256,kgw,kgw-09,-1.6733200530681511,210
replication-0021,closed_qa,256,synthid,synthid-00,0.49153439153439155,210
replication-0021,closed_qa,256,synthid,synthid-01,0.5058201058201058,210
replication-0021,closed_qa,256,synthid,synthid-02,0.4973544973544973,210
replication-0021,closed_qa,256,synthid,synthid-03,0.4857142857142857,210
replication-0021,closed_qa,256,synthid,synthid-04,0.5095238095238095,210
replication-0021,closed_qa,256,synthid,synthid-05,0.49682539682539684,210
replication-0021,closed_qa,256,synthid,synthid-06,0.49947089947089945,210
replication-0021,closed_qa,256,synthid,synthid-07,0.5084656084656085,210
replication-0021,closed_qa,256,synthid,synthid-08,0.5052910052910053,210
replication-0021,closed_qa,256,synthid,synthid-09,0.4984126984126984,210
replication-0021,closed_qa,512,kgw,kgw-00,0.14170505031628391,415
replication-0021,closed_qa,512,kgw,kgw-01,1.048617372340501,415
replication-0021,closed_qa,512,kgw,kgw-02,0.8218892918344468,415
replication-0021,closed_qa,512,kgw,kgw-03,0.3684331308223382,415
replication-0021,closed_qa,512,kgw,kgw-04,2.4089858553768266,415
replication-0021,closed_qa,512,kgw,kgw-05,2.4089858553768266,415
replication-0021,closed_qa,512,kgw,kgw-06,1.2753454528465553,415
replication-0021,closed_qa,512,kgw,kgw-07,-0.08502303018977035,415
replication-0021,closed_qa,512,kgw,kgw-08,-1.1052993924670147,415
replication-0021,closed_qa,512,kgw,kgw-09,-0.7652072717079332,415
replication-0021,closed_qa,512,synthid,synthid-00,0.4841653247450349,414
replication-0021,closed_qa,512,synthid,synthid-01,0.5010735373054214,414
replication-0021,closed_qa,512,synthid,synthid-02,0.5053676865271068,414
replication-0021,closed_qa,512,synthid,synthid-03,0.4967793880837359,414
replication-0021,closed_qa,512,synthid,synthid-04,0.5069779924852389,414
replication-0021,closed_qa,512,synthid,synthid-05,0.5037573805689748,414
replication-0021,closed_qa,512,synthid,synthid-06,0.5018786902844874,414
replication-0021,closed_qa,512,synthid,synthid-07,0.5077831454643049,414
replication-0021,closed_qa,512,synthid,synthid-08,0.513419216317767,414
replication-0021,closed_qa,512,synthid,synthid-09,0.49651100375738055,414
replication-0022,information_extraction,128,kgw,kgw-00,0.3614784456460256,125
replication-0022,information_extraction,128,kgw,kgw-01,0.5680375574437545,125
replication-0022,information_extraction,128,kgw,kgw-02,-0.051639777949432225,125
replication-0022,information_extraction,128,kgw,kgw-03,0.9811557810392123,125
replication-0022,information_extraction,128,kgw,kgw-04,0.7745966692414834,125
replication-0022,information_extraction,128,kgw,kgw-05,0.5680375574437545,125
replication-0022,information_extraction,128,kgw,kgw-06,2.220510451825586,125
replication-0022,information_extraction,128,kgw,kgw-07,-1.0844353369380768,125
replication-0022,information_extraction,128,kgw,kgw-08,-1.2909944487358056,125
replication-0022,information_extraction,128,kgw,kgw-09,-1.4975535605335346,125
replication-0022,information_extraction,128,synthid,synthid-00,0.48028673835125446,124
replication-0022,information_extraction,128,synthid,synthid-01,0.489247311827957,124
replication-0022,information_extraction,128,synthid,synthid-02,0.514336917562724,124
replication-0022,information_extraction,128,synthid,synthid-03,0.5089605734767025,124
replication-0022,information_extraction,128,synthid,synthid-04,0.5152329749103942,124
replication-0022,information_extraction,128,synthid,synthid-05,0.5062724014336918,124
replication-0022,information_extraction,128,synthid,synthid-06,0.49193548387096775,124
replication-0022,information_extraction,128,synthid,synthid-07,0.5026881720430108,124
replication-0022,information_extraction,128,synthid,synthid-08,0.5008960573476703,124
replication-0022,information_extraction,128,synthid,synthid-09,0.503584229390681,124
replication-0022,information_extraction,256,kgw,kgw-00,0.6245106046150483,247
replication-0022,information_extraction,256,kgw,kgw-01,-1.4327007988227578,247
replication-0022,information_extraction,256,kgw,kgw-02,0.4775669329409193,247
replication-0022,information_extraction,256,kgw,kgw-03,1.2122852913115643,247
replication-0022,information_extraction,256,kgw,kgw-04,1.3592289629856933,247
replication-0022,information_extraction,256,kgw,kgw-05,2.2408909930304675,247
replication-0022,information_extraction,256,kgw,kgw-06,2.5347783363787255,247
replication-0022,information_extraction,256,kgw,kgw-07,0.03673591791853225,247
replication-0022,information_extraction,256,kgw,kgw-08,-1.4327007988227578,247
replication-0022,information_extraction,256,kgw,kgw-09,-1.1388134554744997,247
replication-0022,information_extraction,256,synthid,synthid-00,0.5049683830171635,246
replication-0022,information_extraction,256,synthid,synthid-01,0.493676603432701,246
replication-0022,information_extraction,256,synthid,synthid-02,0.5153568202348691,246
replication-0022,information_extraction,256,synthid,synthid-03,0.503613369467028,246
replication-0022,information_extraction,256,synthid,synthid-04,0.494579945799458,246
replication-0022,information_extraction,256,synthid,synthid-05,0.4968383017163505,246
replication-0022,information_extraction,256,synthid,synthid-06,0.48870822041553746,246
replication-0022,information_extraction,256,synthid,synthid-07,0.497289972899729,246
replication-0022,information_extraction,256,synthid,synthid-08,0.49232158988256547,246
replication-0022,information_extraction,256,synthid,synthid-09,0.4968383017163505,246
replication-0022,information_extraction,512,kgw,kgw-00,0.5738045840530311,490
replication-0022,information_extraction,512,kgw,kgw-01,-1.0954451150103321,490
replication-0022,information_extraction,512,kgw,kgw-02,1.7214137521590935,490
replication-0022,information_extraction,512,kgw,kgw-03,2.869022920265156,490
replication-0022,information_extraction,512,kgw,kgw-04,3.1820072388395366,490
replication-0022,information_extraction,512,kgw,kgw-05,3.807975875988298,490
replication-0022,information_extraction,512,kgw,kgw-06,1.9300699645420138,490
replication-0022,information_extraction,512,kgw,kgw-07,-0.052164053095730106,490
replication-0022,information_extraction,512,kgw,kgw-08,-0.36514837167011077,490
replication-0022,information_extraction,512,kgw,kgw-09,-0.7824607964359516,490
replication-0022,information_extraction,512,synthid,synthid-00,0.5069302431265621,489
replication-0022,information_extraction,512,synthid,synthid-01,0.4910247670983867,489
replication-0022,information_extraction,512,synthid,synthid-02,0.5064758009543285,489
replication-0022,information_extraction,512,synthid,synthid-03,0.4971597364235401,489
replication-0022,information_extraction,512,synthid,synthid-04,0.4987502840263576,489
replication-0022,information_extraction,512,synthid,synthid-05,0.4971597364235401,489
replication-0022,information_extraction,512,synthid,synthid-06,0.501704158145876,489
replication-0022,information_extraction,512,synthid,synthid-07,0.49556918882072254,489
replication-0022,information_extraction,512,synthid,synthid-08,0.49011588275391954,489
replication-0022,information_extraction,512,synthid,synthid-09,0.499431947284708,489
replication-0023,creative_writing,128,kgw,kgw-00,0.26462806201248157,119
replication-0023,creative_writing,128,kgw,kgw-01,-0.7938841860374447,119
replication-0023,creative_writing,128,kgw,kgw-02,1.1114378604524227,119
replication-0023,creative_writing,128,kgw,kgw-03,0.26462806201248157,119
replication-0023,creative_writing,128,kgw,kgw-04,1.9582476588923636,119
replication-0023,creative_writing,128,kgw,kgw-05,2.169950108502349,119
replication-0023,creative_writing,128,kgw,kgw-06,1.9582476588923636,119
replication-0023,creative_writing,128,kgw,kgw-07,-1.2172890852574152,119
replication-0023,creative_writing,128,kgw,kgw-08,0.05292561240249631,119
replication-0023,creative_writing,128,kgw,kgw-09,-1.4289915348674005,119
replication-0023,creative_writing,128,synthid,synthid-00,0.5141242937853108,118
replication-0023,creative_writing,128,synthid,synthid-01,0.504708097928437,118
replication-0023,creative_writing,128,synthid,synthid-02,0.5207156308851224,118
replication-0023,creative_writing,128,synthid,synthid-03,0.4952919020715631,118
replication-0023,creative_writing,128,synthid,synthid-04,0.5160075329566854,118
replication-0023,creative_writing,128,synthid,synthid-05,0.4924670433145009,118
replication-0023,creative_writing,128,synthid,synthid-06,0.5037664783427496,118
replication-0023,creative_writing,128,synthid,synthid-07,0.5329566854990584,118
replication-0023,creative_writing,128,synthid,synthid-08,0.4990583804143126,118
replication-0023,creative_writing,128,synthid,synthid-09,0.5084745762711864,118
replication-0023,creative_writing,256,kgw,kgw-00,-0.15032920560056579,236
replication-0023,creative_writing,256,kgw,kgw-01,-1.352962850405092,236
replication-0023,creative_writing,256,kgw,kgw-02,3.0065841120113155,236
replication-0023,creative_writing,256,kgw,kgw-03,0.7516460280028289,236
replication-0023,creative_writing,256,kgw,kgw-04,2.2549380840084865,236
replication-0023,creative_writing,256,kgw,kgw-05,2.104608878407921,236
replication-0023,creative_writing,256,kgw,kgw-06,1.5032920560056577,236
replication-0023,creative_writing,256,kgw,kgw-07,-1.2026336448045263,236
replication-0023,creative_writing,256,kgw,kgw-08,0.9019752336033946,236
replication-0023,creative_writing,256,kgw,kgw-09,-1.954279672807355,236
replication-0023,creative_writing,256,synthid,synthid-00,0.49030732860520093,235
replication-0023,creative_writing,256,synthid,synthid-01,0.508274231678487,235
replication-0023,creative_writing,256,synthid,synthid-02,0.5130023640661938,235
replication-0023,creative_writing,256,synthid,synthid-03,0.49645390070921985,235
replication-0023,creative_writing,256,synthid,synthid-04,0.5120567375886524,235
replication-0023,creative_writing,256,synthid,synthid-05,0.49314420803782505,235
replication-0023,creative_writing,256,synthid,synthid-06,0.48983451536643025,235
replication-0023,creative_writing,256,synthid,synthid-07,0.5106382978723404,235
replication-0023,creative_writing,256,synthid,synthid-08,0.5040189125295508,235
replication-0023,creative_writing,256,synthid,synthid-09,0.5054373522458628,235
replication-0023,creative_writing,512,kgw,kgw-00,0.37605071654517747,462
replication-0023,creative_writing,512,kgw,kgw-01,-2.2025827683360393,462
replication-0023,creative_writing,512,kgw,kgw-02,3.7067856345167494,462
replication-0023,creative_writing,512,kgw,kgw-03,1.8802535827258873,462
replication-0023,creative_writing,512,kgw,kgw-04,2.2025827683360393,462
replication-0023,creative_writing,512,kgw,kgw-05,2.632355015816242,462
replication-0023,creative_writing,512,kgw,kgw-06,1.0207090877654816,462
replication-0023,creative_writing,512,kgw,kgw-07,-0.5909368402852788,462
replication-0023,creative_writing,512,kgw,kgw-08,1.3430382733756339,462
replication-0023,creative_writing,512,kgw,kgw-09,-2.095139706465989,462
replication-0023,creative_writing,512,synthid,synthid-00,0.49374699374699377,462
replication-0023,creative_writing,512,synthid,synthid-01,0.5024050024050024,462
replication-0023,creative_writing,512,synthid,synthid-02,0.5113035113035113,462
replication-0023,creative_writing,512,synthid,synthid-03,0.49302549302549303,462
replication-0023,creative_writing,512,synthid,synthid-04,0.5055315055315055,462
replication-0023,creative_writing,512,synthid,synthid-05,0.5026455026455027,462
replication-0023,creative_writing,512,synthid,synthid-06,0.49182299182299183,462
replication-0023,creative_writing,512,synthid,synthid-07,0.49951899951899953,462
replication-0023,creative_writing,512,synthid,synthid-08,0.49975949975949974,462
replication-0023,creative_writing,512,synthid,synthid-09,0.5036075036075036,462
replication-0024,summarization,128,kgw,kgw-00,2.6135418674465836,122
replication-0024,summarization,128,kgw,kgw-01,1.1499584216764966,122
replication-0024,summarization,128,kgw,kgw-02,3.44987526502949,122
replication-0024,summarization,128,kgw,kgw-03,1.3590417710722233,122
replication-0024,summarization,128,kgw,kgw-04,-0.5227083734893166,122
replication-0024,summarization,128,kgw,kgw-05,0.7317917228850433,122
replication-0024,summarization,128,kgw,kgw-06,0.10454167469786334,122
replication-0024,summarization,128,kgw,kgw-07,0.94087507228077,122
replication-0024,summarization,128,kgw,kgw-08,-2.404458518050857,122
replication-0024,summarization,128,kgw,kgw-09,-1.56812512046795,122
replication-0024,summarization,128,synthid,synthid-00,0.4903581267217631,121
replication-0024,summarization,128,synthid,synthid-01,0.5179063360881543,121
replication-0024,summarization,128,synthid,synthid-02,0.4931129476584022,121
replication-0024,summarization,128,synthid,synthid-03,0.4857667584940312,121
replication-0024,summarization,128,synthid,synthid-04,0.5188246097337006,121
replication-0024,summarization,128,synthid,synthid-05,0.5068870523415978,121
replication-0024,summarization,128,synthid,synthid-06,0.5133149678604224,121
replication-0024,summarization,128,synthid,synthid-07,0.5078053259871441,121
replication-0024,summarization,128,synthid,synthid-08,0.5188246097337006,121
replication-0024,summarization,128,synthid,synthid-09,0.5059687786960514,121
replication-0024,summarization,256,kgw,kgw-00,1.865992419824736,249
replication-0024,summarization,256,kgw,kgw-01,-0.18294043331615056,249
replication-0024,summarization,256,kgw,kgw-02,2.890458846395179,249
replication-0024,summarization,256,kgw,kgw-03,1.573287726518895,249
replication-0024,summarization,256,kgw,kgw-04,0.6951736466013722,249
replication-0024,summarization,256,kgw,kgw-05,0.6951736466013722,249
replication-0024,summarization,256,kgw,kgw-06,0.9878783399072131,249
replication-0024,summarization,256,kgw,kgw-07,1.573287726518895,249
replication-0024,summarization,256,kgw,kgw-08,-1.3537592065395143,249
replication-0024,summarization,256,kgw,kgw-09,-1.5001115531924347,249
replication-0024,summarization,256,synthid,synthid-00,0.4879032258064516,248
replication-0024,summarization,256,synthid,synthid-01,0.5076164874551972,248
replication-0024,summarization,256,synthid,synthid-02,0.49955197132616486,248
replication-0024,summarization,256,synthid,synthid-03,0.4798387096774194,248
replication-0024,summarization,256,synthid,synthid-04,0.5129928315412187,248
replication-0024,summarization,256,synthid,synthid-05,0.4946236559139785,248
replication-0024,summarization,256,synthid,synthid-06,0.5026881720430108,248
replication-0024,summarization,256,synthid,synthid-07,0.5062724014336918,248
replication-0024,summarization,256,synthid,synthid-08,0.5004480286738351,248
replication-0024,summarization,256,synthid,synthid-09,0.5031362007168458,248
replication-0024,summarization,512,kgw,kgw-00,1.2395595736018243,420
replication-0024,summarization,512,kgw,kgw-01,-0.563436169819011,420
replication-0024,summarization,512,kgw,kgw-02,2.02837021134844,420
replication-0024,summarization,512,kgw,kgw-03,0.563436169819011,420
replication-0024,summarization,512,kgw,kgw-04,1.3522468075656264,420
replication-0024,summarization,512,kgw,kgw-05,1.4649340415294287,420
replication-0024,summarization,512,kgw,kgw-06,0.2253744679276044,420
replication-0024,summarization,512,kgw,kgw-07,1.5776212754932308,420
replication-0024,summarization,512,kgw,kgw-08,-0.9014978717104176,420
replication-0024,summarization,512,kgw,kgw-09,-0.4507489358552088,420
replication-0024,summarization,512,synthid,synthid-00,0.49656084656084654,420
replication-0024,summarization,512,synthid,synthid-01,0.49523809523809526,420
replication-0024,summarization,512,synthid,synthid-02,0.4936507936507937,420
replication-0024,summarization,512,synthid,synthid-03,0.49603174603174605,420
replication-0024,summarization,512,synthid,synthid-04,0.5082010582010582,420
replication-0024,summarization,512,synthid,synthid-05,0.5,420
replication-0024,summarization,512,synthid,synthid-06,0.5044973544973544,420
replication-0024,summarization,512,synthid,synthid-07,0.512962962962963,420
replication-0024,summarization,512,synthid,synthid-08,0.5060846560846561,420
replication-0024,summarization,512,synthid,synthid-09,0.49947089947089945,420
replication-0025,brainstorming,128,kgw,kgw-00,1.4517323726225955,124
replication-0025,brainstorming,128,kgw,kgw-01,0.8295613557843402,124
replication-0025,brainstorming,128,kgw,kgw-02,-0.20739033894608505,124
replication-0025,brainstorming,128,kgw,kgw-03,0.6221710168382552,124
replication-0025,brainstorming,128,kgw,kgw-04,3.318245423137361,124
replication-0025,brainstorming,128,kgw,kgw-05,4.355197117867786,124
replication-0025,brainstorming,128,kgw,kgw-06,-1.6591227115686804,124
replication-0025,brainstorming,128,kgw,kgw-07,-0.20739033894608505,124
replication-0025,brainstorming,128,kgw,kgw-08,2.0739033894608507,124
replication-0025,brainstorming,128,kgw,kgw-09,-1.2443420336765103,124
replication-0025,brainstorming,128,synthid,synthid-00,0.4995483288166215,123
replication-0025,brainstorming,128,synthid,synthid-01,0.5067750677506775,123
replication-0025,brainstorming,128,synthid,synthid-02,0.5121951219512195,123
replication-0025,brainstorming,128,synthid,synthid-03,0.4787714543812105,123
replication-0025,brainstorming,128,synthid,synthid-04,0.47335140018066846,123
replication-0025,brainstorming,128,synthid,synthid-05,0.4787714543812105,123
replication-0025,brainstorming,128,synthid,synthid-06,0.5158084914182475,123
replication-0025,brainstorming,128,synthid,synthid-07,0.4859981933152665,123
replication-0025,brainstorming,128,synthid,synthid-08,0.48419150858175247,123
replication-0025,brainstorming,128,synthid,synthid-09,0.47696476964769646,123
replication-0025,brainstorming,256,kgw,kgw-00,2.165250952733121,231
replication-0025,brainstorming,256,kgw,kgw-01,0.7977240352174656,231
replication-0025,brainstorming,256,kgw,kgw-02,-0.4178554470186725,231
replication-0025,brainstorming,256,kgw,kgw-03,1.557461211615052,231
replication-0025,brainstorming,256,kgw,kgw-04,5.204199658323466,231
replication-0025,brainstorming,256,kgw,kgw-05,5.356147093602984,231
replication-0025,brainstorming,256,kgw,kgw-06,-0.4178554470186725,231
replication-0025,brainstorming,256,kgw,kgw-07,1.2535663410560174,231
replication-0025,brainstorming,256,kgw,kgw-08,2.0133035174536036,231
replication-0025,brainstorming,256,kgw,kgw-09,-2.2412246703728798,231
replication-0025,brainstorming,256,synthid,synthid-00,0.49371980676328503,230
replication-0025,brainstorming,256,synthid,synthid-01,0.49516908212560384,230
replication-0025,brainstorming,256,synthid,synthid-02,0.5198067632850242,230
replication-0025,brainstorming,256,synthid,synthid-03,0.48357487922705317,230
replication-0025,brainstorming,256,synthid,synthid-04,0.4932367149758454,230
replication-0025,brainstorming,256,synthid,synthid-05,0.4888888888888889,230
replication-0025,brainstorming,256,synthid,synthid-06,0.5048309178743962,230
replication-0025,brainstorming,256,synthid,synthid-07,0.4966183574879227,230
replication-0025,brainstorming,256,synthid,synthid-08,0.5067632850241546,230
replication-0025,brainstorming,256,synthid,synthid-09,0.4990338164251208,230
replication-0025,brainstorming,512,kgw,kgw-00,1.223386307610833,451
replication-0025,brainstorming,512,kgw,kgw-01,1.549622656307055,451
replication-0025,brainstorming,512,kgw,kgw-02,0.679659059783796,451
replication-0025,brainstorming,512,kgw,kgw-03,0.8971499589146108,451
replication-0025,brainstorming,512,kgw,kgw-04,6.008186088488757,451
replication-0025,brainstorming,512,kgw,kgw-05,5.573204290227127,451
replication-0025,brainstorming,512,kgw,kgw-06,1.3321317571762403,451
replication-0025,brainstorming,512,kgw,kgw-07,0.1359318119567592,451
replication-0025,brainstorming,512,kgw,kgw-08,1.3321317571762403,451
replication-0025,brainstorming,512,kgw,kgw-09,-2.256468078482203,451
replication-0025,brainstorming,512,synthid,synthid-00,0.5013550135501355,451
replication-0025,brainstorming,512,synthid,synthid-01,0.49002217294900224,451
replication-0025,brainstorming,512,synthid,synthid-02,0.5016013796501602,451
replication-0025,brainstorming,512,synthid,synthid-03,0.4986449864498645,451
replication-0025,brainstorming,512,synthid,synthid-04,0.49667405764966743,451
replication-0025,brainstorming,512,synthid,synthid-05,0.49963045084996305,451
replication-0025,brainstorming,512,synthid,synthid-06,0.5023404779502341,451
replication-0025,brainstorming,512,synthid,synthid-07,0.5018477457501848,451
replication-0025,brainstorming,512,synthid,synthid-08,0.49963045084996305,451
replication-0025,brainstorming,512,synthid,synthid-09,0.5070214338507022,451
replication-0026,summarization,128,kgw,kgw-00,-0.8075728530872482,115
replication-0026,summarization,128,kgw,kgw-01,0.48454371185234896,115
replication-0026,summarization,128,kgw,kgw-02,1.3459547551454139,115
replication-0026,summarization,128,kgw,kgw-03,-0.16151457061744964,115
replication-0026,summarization,128,kgw,kgw-04,0.48454371185234896,115
replication-0026,summarization,128,kgw,kgw-05,0.48454371185234896,115
replication-0026,summarization,128,kgw,kgw-06,1.3459547551454139,115
replication-0026,summarization,128,kgw,kgw-07,1.3459547551454139,115
replication-0026,summarization,128,kgw,kgw-08,-1.4536311355570468,115
replication-0026,summarization,128,kgw,kgw-09,-0.16151457061744964,115
replication-0026,summarization,128,synthid,synthid-00,0.5,114
replication-0026,summarization,128,synthid,synthid-01,0.5146198830409356,114
replication-0026,summarization,128,synthid,synthid-02,0.5087719298245614,114
replication-0026,summarization,128,synthid,synthid-03,0.5009746588693957,114
replication-0026,summarization,128,synthid,synthid-04,0.4902534113060429,114
replication-0026,summarization,128,synthid,synthid-05,0.5185185185185185,114
replication-0026,summarization,128,synthid,synthid-06,0.5087719298245614,114
replication-0026,summarization,128,synthid,synthid-07,0.5175438596491229,114
replication-0026,summarization,128,synthid,synthid-08,0.4951267056530214,114
replication-0026,summarization,128,synthid,synthid-09,0.5009746588693957,114
replication-0026,summarization,256,kgw,kgw-00,-0.2756247308353552,215
replication-0026,summarization,256,kgw,kgw-01,0.19687480773953944,215
replication-0026,summarization,256,kgw,kgw-02,1.771873269655855,215
replication-0026,summarization,256,kgw,kgw-03,-0.2756247308353552,215
replication-0026,summarization,256,kgw,kgw-04,0.354374653931171,215
replication-0026,summarization,256,kgw,kgw-05,0.354374653931171,215
replication-0026,summarization,256,kgw,kgw-06,1.9293731158474865,215
replication-0026,summarization,256,kgw,kgw-07,0.354374653931171,215
replication-0026,summarization,256,kgw,kgw-08,-2.4806225775181967,215
replication-0026,summarization,256,kgw,kgw-09,0.354374653931171,215
replication-0026,summarization,256,synthid,synthid-00,0.4974039460020768,214
replication-0026,summarization,256,synthid,synthid-01,0.5171339563862928,214
replication-0026,summarization,256,synthid,synthid-02,0.5015576323987538,214
replication-0026,summarization,256,synthid,synthid-03,0.4953271028037383,214
replication-0026,summarization,256,synthid,synthid-04,0.4787123572170301,214
replication-0026,summarization,256,synthid,synthid-05,0.5067497403946002,214
replication-0026,summarization,256,synthid,synthid-06,0.4968847352024922,214
replication-0026,summarization,256,synthid,synthid-07,0.5046728971962616,214
replication-0026,summarization,256,synthid,synthid-08,0.49584631360332293,214
replication-0026,summarization,256,synthid,synthid-09,0.5046728971962616,214
replication-0026,summarization,512,kgw,kgw-00,0.22019275302527214,440
replication-0026,summarization,512,kgw,kgw-01,0.8807710121010885,440
replication-0026,summarization,512,kgw,kgw-02,2.6423130363032654,440
replication-0026,summarization,512,kgw,kgw-03,-0.22019275302527214,440
replication-0026,summarization,512,kgw,kgw-04,1.651445647689541,440
replication-0026,summarization,512,kgw,kgw-05,0.3302891295379082,440
replication-0026,summarization,512,kgw,kgw-06,4.18366230748017,440
replication-0026,summarization,512,kgw,kgw-07,0.3302891295379082,440
replication-0026,summarization,512,kgw,kgw-08,-1.9817347772274492,440
replication-0026,summarization,512,kgw,kgw-09,-0.4403855060505443,440
replication-0026,summarization,512,synthid,synthid-00,0.4993672487977727,439
replication-0026,summarization,512,synthid,synthid-01,0.5006327512022273,439
replication-0026,summarization,512,synthid,synthid-02,0.49987344975955456,439
replication-0026,summarization,512,synthid,synthid-03,0.4970893444697545,439
replication-0026,summarization,512,synthid,synthid-04,0.48848392811946345,439
replication-0026,summarization,512,synthid,synthid-05,0.5150594786130094,439
replication-0026,summarization,512,synthid,synthid-06,0.4920273348519362,439
replication-0026,summarization,512,synthid,synthid-07,0.5006327512022273,439
replication-0026,summarization,512,synthid,synthid-08,0.4932928372563908,439
replication-0026,summarization,512,synthid,synthid-09,0.49076183244748167,439
replication-0027,open_qa,128,kgw,kgw-00,-0.051639777949432225,125
replication-0027,open_qa,128,kgw,kgw-01,-2.1172308959267214,125
replication-0027,open_qa,128,kgw,kgw-02,0.15491933384829668,125
replication-0027,open_qa,128,kgw,kgw-03,1.8073922282301278,125
replication-0027,open_qa,128,kgw,kgw-04,0.7745966692414834,125
replication-0027,open_qa,128,kgw,kgw-05,3.0467468990165014,125
replication-0027,open_qa,128,kgw,kgw-06,1.1877148928369412,125
replication-0027,open_qa,128,kgw,kgw-07,-1.0844353369380768,125
replication-0027,open_qa,128,kgw,kgw-08,0.15491933384829668,125
replication-0027,open_qa,128,kgw,kgw-09,1.600833116432399,125
replication-0027,open_qa,128,synthid,synthid-00,0.5044802867383512,124
replication-0027,open_qa,128,synthid,synthid-01,0.4874551971326165,124
replication-0027,open_qa,128,synthid,synthid-02,0.4883512544802867,124
replication-0027,open_qa,128,synthid,synthid-03,0.5017921146953405,124
replication-0027,open_qa,128,synthid,synthid-04,0.478494623655914,124
replication-0027,open_qa,128,synthid,synthid-05,0.48118279569892475,124
replication-0027,open_qa,128,synthid,synthid-06,0.48476702508960573,124
replication-0027,open_qa,128,synthid,synthid-07,0.5206093189964157,124
replication-0027,open_qa,128,synthid,synthid-08,0.49731182795698925,124
replication-0027,open_qa,128,synthid,synthid-09,0.49551971326164873,124
replication-0027,open_qa,256,kgw,kgw-00,0.14547859349066158,252
replication-0027,open_qa,256,kgw,kgw-01,-1.454785934906616,252
replication-0027,open_qa,256,kgw,kgw-02,-0.29095718698132317,252
replication-0027,open_qa,256,kgw,kgw-03,1.1638287479252927,252
replication-0027,open_qa,256,kgw,kgw-04,0.8728715609439694,252
replication-0027,open_qa,256,kgw,kgw-05,3.055050463303893,252
replication-0027,open_qa,256,kgw,kgw-06,1.454785934906616,252
replication-0027,open_qa,256,kgw,kgw-07,-0.8728715609439694,252
replication-0027,open_qa,256,kgw,kgw-08,1.6002645283972774,252
replication-0027,open_qa,256,kgw,kgw-09,1.1638287479252927,252
replication-0027,open_qa,256,synthid,synthid-00,0.5104028331119964,251
replication-0027,open_qa,256,synthid,synthid-01,0.4860557768924303,251
replication-0027,open_qa,256,synthid,synthid-02,0.48871181938911024,251
replication-0027,open_qa,256,synthid,synthid-03,0.5095174856131032,251
replication-0027,open_qa,256,synthid,synthid-04,0.4785303231518371,251
replication-0027,open_qa,256,synthid,synthid-05,0.48915449313855686,251
replication-0027,open_qa,256,synthid,synthid-06,0.5037627268702966,251
replication-0027,open_qa,256,synthid,synthid-07,0.4944665781319168,251
replication-0027,open_qa,256,synthid,synthid-08,0.5059760956175299,251
replication-0027,open_qa,256,synthid,synthid-09,0.49269588313413015,251
replication-0027,open_qa,512,kgw,kgw-00,-0.531716572140652,382
replication-0027,open_qa,512,kgw,kgw-01,-2.3041051459428257,382
replication-0027,open_qa,512,kgw,kgw-02,0.4135573338871738,382
replication-0027,open_qa,512,kgw,kgw-03,-0.05907961912673912,382
replication-0027,open_qa,512,kgw,kgw-04,1.3588312399149998,382
replication-0027,open_qa,512,kgw,kgw-05,3.2493790519706516,382
replication-0027,open_qa,512,kgw,kgw-06,1.8314681929289127,382
replication-0027,open_qa,512,kgw,kgw-07,-0.05907961912673912,382
replication-0027,open_qa,512,kgw,kgw-08,1.8314681929289127,382
replication-0027,open_qa,512,kgw,kgw-09,1.2406720016615214,382
replication-0027,open_qa,512,synthid,synthid-00,0.502326934264107,382
replication-0027,open_qa,512,synthid,synthid-01,0.49592786503781267,382
replication-0027,open_qa,512,synthid,synthid-02,0.4883653286794648,382
replication-0027,open_qa,512,synthid,synthid-03,0.5098894706224549,382
replication-0027,open_qa,512,synthid,synthid-04,0.477021524141943,382
replication-0027,open_qa,512,synthid,synthid-05,0.4906922629435718,382
replication-0027,open_qa,512,synthid,synthid-06,0.4973821989528796,382
replication-0027,open_qa,512,synthid,synthid-07,0.4970913321698662,382
replication-0027,open_qa,512,synthid,synthid-08,0.508435136707388,382
replication-0027,open_qa,512,synthid,synthid-09,0.49214659685863876,382
replication-0028,general_qa,128,kgw,kgw-00,1.1111111111111112,108
replication-0028,general_qa,128,kgw,kgw-01,0.4444444444444444,108
replication-0028,general_qa,128,kgw,kgw-02,0.6666666666666666,108
replication-0028,general_qa,128,kgw,kgw-03,-0.6666666666666666,108
replication-0028,general_qa,128,kgw,kgw-04,0.8888888888888888,108
replication-0028,general_qa,128,kgw,kgw-05,0.6666666666666666,108
replication-0028,general_qa,128,kgw,kgw-06,1.7777777777777777,108
replication-0028,general_qa,128,kgw,kgw-07,2.0,108
replication-0028,general_qa,128,kgw,kgw-08,0.4444444444444444,108
replication-0028,general_qa,128,kgw,kgw-09,-0.8888888888888888,108
replication-0028,general_qa,128,synthid,synthid-00,0.4984423676012461,107
replication-0028,general_qa,128,synthid,synthid-01,0.4984423676012461,107
replication-0028,general_qa,128,synthid,synthid-02,0.4963655244029076,107
replication-0028,general_qa,128,synthid,synthid-03,0.49428868120456904,107
replication-0028,general_qa,128,synthid,synthid-04,0.4932502596053998,107
replication-0028,general_qa,128,synthid,synthid-05,0.5046728971962616,107
replication-0028,general_qa,128,synthid,synthid-06,0.5025960539979232,107
replication-0028,general_qa,128,synthid,synthid-07,0.4953271028037383,107
replication-0028,general_qa,128,synthid,synthid-08,0.5119418483904465,107
replication-0028,general_qa,128,synthid,synthid-09,0.5077881619937694,107
replication-0028,general_qa,256,kgw,kgw-00,2.080291054798643,233
replication-0028,general_qa,256,kgw,kgw-01,-0.3404112635125052,233
replication-0028,general_qa,256,kgw,kgw-02,-0.03782347372361169,233
replication-0028,general_qa,256,kgw,kgw-03,-0.18911736861805845,233
replication-0028,general_qa,256,kgw,kgw-04,0.11347042117083507,233
replication-0028,general_qa,256,kgw,kgw-05,1.7777032650097493,233
replication-0028,general_qa,256,kgw,kgw-06,2.2315849496930897,233
replication-0028,general_qa,256,kgw,kgw-07,2.836760529270877,233
replication-0028,general_qa,256,kgw,kgw-08,-0.3404112635125052,233
replication-0028,general_qa,256,kgw,kgw-09,1.0212337905375155,233
replication-0028,general_qa,256,synthid,synthid-00,0.4966475095785441,232
replication-0028,general_qa,256,synthid,synthid-01,0.4942528735632184,232
replication-0028,general_qa,256,synthid,synthid-02,0.5090996168582376,232
replication-0028,general_qa,256,synthid,synthid-03,0.5009578544061303,232
replication-0028,general_qa,256,synthid,synthid-04,0.4942528735632184,232
replication-0028,general_qa,256,synthid,synthid-05,0.514367816091954,232
replication-0028,general_qa,256,synthid,synthid-06,0.49952107279693486,232
replication-0028,general_qa,256,synthid,synthid-07,0.49952107279693486,232
replication-0028,general_qa,256,synthid,synthid-08,0.5148467432950191,232
replication-0028,general_qa,256,synthid,synthid-09,0.4966475095785441,232
replication-0028,general_qa,512,kgw,kgw-00,2.099455524325912,484
replication-0028,general_qa,512,kgw,kgw-01,-0.2099455524325912,484
replication-0028,general_qa,512,kgw,kgw-02,-0.4198911048651824,484
replication-0028,general_qa,512,kgw,kgw-03,-0.1049727762162956,484
replication-0028,general_qa,512,kgw,kgw-04,1.4696188670281383,484
replication-0028,general_qa,512,kgw,kgw-05,2.309401076758503,484
replication-0028,general_qa,512,kgw,kgw-06,1.784537195677025,484
replication-0028,general_qa,512,kgw,kgw-07,1.9944827481096163,484
replication-0028,general_qa,512,kgw,kgw-08,-1.784537195677025,484
replication-0028,general_qa,512,kgw,kgw-09,1.6795644194607295,484
replication-0028,general_qa,512,synthid,synthid-00,0.48999309868875085,483
replication-0028,general_qa,512,synthid,synthid-01,0.49597423510466987,483
replication-0028,general_qa,512,synthid,synthid-02,0.5028755463538073,483
replication-0028,general_qa,512,synthid,synthid-03,0.4936737980216241,483
replication-0028,general_qa,512,synthid,synthid-04,0.4973544973544973,483
replication-0028,general_qa,512,synthid,synthid-05,0.5035656774787209,483
replication-0028,general_qa,512,synthid,synthid-06,0.49827467218771565,483
replication-0028,general_qa,512,synthid,synthid-07,0.5001150218541522,483
replication-0028,general_qa,512,synthid,synthid-08,0.5164481251437774,483
replication-0028,general_qa,512,synthid,synthid-09,0.49850471589602025,483
replication-0029,general_qa,128,kgw,kgw-00,0.9811557810392123,125
replication-0029,general_qa,128,kgw,kgw-01,-1.0844353369380768,125
replication-0029,general_qa,128,kgw,kgw-02,-0.8778762251403478,125
replication-0029,general_qa,128,kgw,kgw-03,-0.051639777949432225,125
replication-0029,general_qa,128,kgw,kgw-04,2.220510451825586,125
replication-0029,general_qa,128,kgw,kgw-05,0.7745966692414834,125
replication-0029,general_qa,128,kgw,kgw-06,0.3614784456460256,125
replication-0029,general_qa,128,kgw,kgw-07,-1.9106717841289924,125
replication-0029,general_qa,128,kgw,kgw-08,-1.2909944487358056,125
replication-0029,general_qa,128,kgw,kgw-09,0.5680375574437545,125
replication-0029,general_qa,128,synthid,synthid-00,0.5519713261648745,124
replication-0029,general_qa,128,synthid,synthid-01,0.492831541218638,124
replication-0029,general_qa,128,synthid,synthid-02,0.5349462365591398,124
replication-0029,general_qa,128,synthid,synthid-03,0.49193548387096775,124
replication-0029,general_qa,128,synthid,synthid-04,0.48566308243727596,124
replication-0029,general_qa,128,synthid,synthid-05,0.5053763440860215,124
replication-0029,general_qa,128,synthid,synthid-06,0.5268817204301075,124
replication-0029,general_qa,128,synthid,synthid-07,0.4910394265232975,124
replication-0029,general_qa,128,synthid,synthid-08,0.4838709677419355,124
replication-0029,general_qa,128,synthid,synthid-09,0.4946236559139785,124
replication-0029,general_qa,256,kgw,kgw-00,0.07302967433402215,250
replication-0029,general_qa,256,kgw,kgw-01,-0.6572670690061994,250
replication-0029,general_qa,256,kgw,kgw-02,1.0954451150103321,250
replication-0029,general_qa,256,kgw,kgw-03,-1.2415044636783765,250
replication-0029,general_qa,256,kgw,kgw-04,3.578454042367085,250
replication-0029,general_qa,256,kgw,kgw-05,0.511207720338155,250
replication-0029,general_qa,256,kgw,kgw-06,-0.21908902300206642,250
replication-0029,general_qa,256,kgw,kgw-07,-2.4099792530227306,250
replication-0029,general_qa,256,kgw,kgw-08,-1.2415044636783765,250
replication-0029,general_qa,256,kgw,kgw-09,1.0954451150103321,250
replication-0029,general_qa,256,synthid,synthid-00,0.5145024542614904,249
replication-0029,general_qa,256,synthid,synthid-01,0.4930834448906738,249
replication-0029,general_qa,256,synthid,synthid-02,0.5069165551093262,249
replication-0029,general_qa,256,synthid,synthid-03,0.4957608210620259,249
replication-0029,general_qa,256,synthid,synthid-04,0.48639000446229363,249
replication-0029,general_qa,256,synthid,synthid-05,0.5131637661758144,249
replication-0029,general_qa,256,synthid,synthid-06,0.5127175368139224,249
replication-0029,general_qa,256,synthid,synthid-07,0.5024542614904061,249
replication-0029,general_qa,256,synthid,synthid-08,0.5100401606425703,249
replication-0029,general_qa,256,synthid,synthid-09,0.4886211512717537,249
replication-0029,general_qa,512,kgw,kgw-00,1.2075122395159636,505
replication-0029,general_qa,512,kgw,kgw-01,0.4881432457617726,505
replication-0029,general_qa,512,kgw,kgw-02,1.2075122395159636,505
replication-0029,general_qa,512,kgw,kgw-03,-1.156128739962093,505
replication-0029,general_qa,512,kgw,kgw-04,3.7766872172095036,505
replication-0029,general_qa,512,kgw,kgw-05,1.8241142341624133,505
replication-0029,general_qa,512,kgw,kgw-06,1.6185802359469301,505
replication-0029,general_qa,512,kgw,kgw-07,-1.5671967363930592,505
replication-0029,general_qa,512,kgw,kgw-08,-0.9505947417466097,505
replication-0029,general_qa,512,kgw,kgw-09,0.2826092475462894,505
replication-0029,general_qa,512,synthid,synthid-00,0.5105820105820106,504
replication-0029,general_qa,512,synthid,synthid-01,0.4929453262786596,504
replication-0029,general_qa,512,synthid,synthid-02,0.5061728395061729,504
replication-0029,general_qa,512,synthid,synthid-03,0.5052910052910053,504
replication-0029,general_qa,512,synthid,synthid-04,0.5,504
replication-0029,general_qa,512,synthid,synthid-05,0.49559082892416223,504
replication-0029,general_qa,512,synthid,synthid-06,0.5123456790123457,504
replication-0029,general_qa,512,synthid,synthid-07,0.5024250440917107,504
replication-0029,general_qa,512,synthid,synthid-08,0.5090388007054674,504
replication-0029,general_qa,512,synthid,synthid-09,0.49713403880070545,504
replication-0030,brainstorming,128,kgw,kgw-00,1.39427400463467,125
replication-0030,brainstorming,128,kgw,kgw-01,0.5680375574437545,125
replication-0030,brainstorming,128,kgw,kgw-02,0.15491933384829668,125
replication-0030,brainstorming,128,kgw,kgw-03,-0.6713171133426189,125
replication-0030,brainstorming,128,kgw,kgw-04,2.0139513400278566,125
replication-0030,brainstorming,128,kgw,kgw-05,0.9811557810392123,125
replication-0030,brainstorming,128,kgw,kgw-06,-0.051639777949432225,125
replication-0030,brainstorming,128,kgw,kgw-07,-0.8778762251403478,125
replication-0030,brainstorming,128,kgw,kgw-08,0.3614784456460256,125
replication-0030,brainstorming,128,kgw,kgw-09,0.5680375574437545,125
replication-0030,brainstorming,128,synthid,synthid-00,0.49372759856630827,124
replication-0030,brainstorming,128,synthid,synthid-01,0.514336917562724,124
replication-0030,brainstorming,128,synthid,synthid-02,0.5026881720430108,124
replication-0030,brainstorming,128,synthid,synthid-03,0.5170250896057348,124
replication-0030,brainstorming,128,synthid,synthid-04,0.4874551971326165,124
replication-0030,brainstorming,128,synthid,synthid-05,0.496415770609319,124
replication-0030,brainstorming,128,synthid,synthid-06,0.5017921146953405,124
replication-0030,brainstorming,128,synthid,synthid-07,0.49193548387096775,124
replication-0030,brainstorming,128,synthid,synthid-08,0.48655913978494625,124
replication-0030,brainstorming,128,synthid,synthid-09,0.5080645161290323,124
replication-0030,brainstorming,256,kgw,kgw-00,0.0,252
replication-0030,brainstorming,256,kgw,kgw-01,1.6002645283972774,252
replication-0030,brainstorming,256,kgw,kgw-02,-0.4364357804719847,252
replication-0030,brainstorming,256,kgw,kgw-03,-0.5819143739626463,252
replication-0030,brainstorming,256,kgw,kgw-04,1.3093073414159542,252
replication-0030,brainstorming,256,kgw,kgw-05,1.6002645283972774,252
replication-0030,brainstorming,256,kgw,kgw-06,-0.14547859349066158,252
replication-0030,brainstorming,256,kgw,kgw-07,0.4364357804719847,252
replication-0030,brainstorming,256,kgw,kgw-08,0.727392967453308,252
replication-0030,brainstorming,256,kgw,kgw-09,0.5819143739626463,252
replication-0030,brainstorming,256,synthid,synthid-00,0.5015493581230633,251
replication-0030,brainstorming,256,synthid,synthid-01,0.5126162018592297,251
replication-0030,brainstorming,256,synthid,synthid-02,0.5059760956175299,251
replication-0030,brainstorming,256,synthid,synthid-03,0.5073041168658698,251
replication-0030,brainstorming,256,synthid,synthid-04,0.50199203187251,251
replication-0030,brainstorming,256,synthid,synthid-05,0.4984506418769367,251
replication-0030,brainstorming,256,synthid,synthid-06,0.5068614431164232,251
replication-0030,brainstorming,256,synthid,synthid-07,0.4922532093846835,251
replication-0030,brainstorming,256,synthid,synthid-08,0.48915449313855686,251
replication-0030,brainstorming,256,synthid,synthid-09,0.5183709606020362,251
replication-0030,brainstorming,512,kgw,kgw-00,0.36075765042105123,502
replication-0030,brainstorming,512,kgw,kgw-01,2.5253035529473586,502
replication-0030,brainstorming,512,kgw,kgw-02,-0.979199336857139,502
replication-0030,brainstorming,512,kgw,kgw-03,-0.979199336857139,502
replication-0030,brainstorming,512,kgw,kgw-04,0.8761257224511244,502
replication-0030,brainstorming,512,kgw,kgw-05,2.009935480917285,502
replication-0030,brainstorming,512,kgw,kgw-06,1.2884201800751829,502
replication-0030,brainstorming,512,kgw,kgw-07,1.3914937944811976,502
replication-0030,brainstorming,512,kgw,kgw-08,-0.5669048792330805,502
replication-0030,brainstorming,512,kgw,kgw-09,1.7007146376992415,502
replication-0030,brainstorming,512,synthid,synthid-00,0.497449545353737,501
replication-0030,brainstorming,512,synthid,synthid-01,0.5076513639387891,501
replication-0030,brainstorming,512,synthid,synthid-02,0.5056553559547572,501
replication-0030,brainstorming,512,synthid,synthid-03,0.4992237746728765,501
replication-0030,brainstorming,512,synthid,synthid-04,0.499001996007984,501
replication-0030,brainstorming,512,synthid,synthid-05,0.4914615214016412,501
replication-0030,brainstorming,512,synthid,synthid-06,0.5092038145930361,501
replication-0030,brainstorming,512,synthid,synthid-07,0.4987802173430916,501
replication-0030,brainstorming,512,synthid,synthid-08,0.490352628077179,501
replication-0030,brainstorming,512,synthid,synthid-09,0.5087602572632512,501
replication-0031,general_qa,128,kgw,kgw-00,-1.0844353369380768,125
replication-0031,general_qa,128,kgw,kgw-01,0.7745966692414834,125
replication-0031,general_qa,128,kgw,kgw-02,0.7745966692414834,125
replication-0031,general_qa,128,kgw,kgw-03,-0.6713171133426189,125
replication-0031,general_qa,128,kgw,kgw-04,1.600833116432399,125
replication-0031,general_qa,128,kgw,kgw-05,2.8401877872187726,125
replication-0031,general_qa,128,kgw,kgw-06,1.600833116432399,125
replication-0031,general_qa,128,kgw,kgw-07,0.5680375574437545,125
replication-0031,general_qa,128,kgw,kgw-08,-1.0844353369380768,125
replication-0031,general_qa,128,kgw,kgw-09,-0.6713171133426189,125
replication-0031,general_qa,128,synthid,synthid-00,0.49731182795698925,124
replication-0031,general_qa,128,synthid,synthid-01,0.5089605734767025,124
replication-0031,general_qa,128,synthid,synthid-02,0.496415770609319,124
replication-0031,general_qa,128,synthid,synthid-03,0.496415770609319,124
replication-0031,general_qa,128,synthid,synthid-04,0.5017921146953405,124
replication-0031,general_qa,128,synthid,synthid-05,0.48476702508960573,124
replication-0031,general_qa,128,synthid,synthid-06,0.5134408602150538,124
replication-0031,general_qa,128,synthid,synthid-07,0.489247311827957,124
replication-0031,general_qa,128,synthid,synthid-08,0.5080645161290323,124
replication-0031,general_qa,128,synthid,synthid-09,0.5008960573476703,124
replication-0031,general_qa,256,kgw,kgw-00,-0.4795122238161564,245
replication-0031,general_qa,256,kgw,kgw-01,0.7008255578851517,245
replication-0031,general_qa,256,kgw,kgw-02,0.40574111245982464,245
replication-0031,general_qa,256,kgw,kgw-03,0.7008255578851517,245
replication-0031,general_qa,256,kgw,kgw-04,1.5860788941611328,245
replication-0031,general_qa,256,kgw,kgw-05,3.5041277894257585,245
replication-0031,general_qa,256,kgw,kgw-06,0.9959100033104787,245
replication-0031,general_qa,256,kgw,kgw-07,1.1434522260231421,245
replication-0031,general_qa,256,kgw,kgw-08,-0.7745966692414834,245
replication-0031,general_qa,256,kgw,kgw-09,0.7008255578851517,245
replication-0031,general_qa,256,synthid,synthid-00,0.5018214936247724,244
replication-0031,general_qa,256,synthid,synthid-01,0.5013661202185792,244
replication-0031,general_qa,256,synthid,synthid-02,0.4959016393442623,244
replication-0031,general_qa,256,synthid,synthid-03,0.5009107468123861,244
replication-0031,general_qa,256,synthid,synthid-04,0.5013661202185792,244
replication-0031,general_qa,256,synthid,synthid-05,0.5036429872495446,244
replication-0031,general_qa,256,synthid,synthid-06,0.5022768670309654,244
replication-0031,general_qa,256,synthid,synthid-07,0.5081967213114754,244
replication-0031,general_qa,256,synthid,synthid-08,0.5091074681238615,244
replication-0031,general_qa,256,synthid,synthid-09,0.49453551912568305,244
replication-0031,general_qa,512,kgw,kgw-00,0.8778955729143844,471
replication-0031,general_qa,512,kgw,kgw-01,-0.5054550268294941,471
replication-0031,general_qa,512,kgw,kgw-02,0.9843071575100674,471
replication-0031,general_qa,512,kgw,kgw-03,-0.611866611425177,471
replication-0031,general_qa,512,kgw,kgw-04,1.1971303267014333,471
replication-0031,general_qa,512,kgw,kgw-05,3.0061272648280433,471
replication-0031,general_qa,512,kgw,kgw-06,0.9843071575100674,471
replication-0031,general_qa,512,kgw,kgw-07,0.6650724037230185,471
replication-0031,general_qa,512,kgw,kgw-08,-1.0375129498079088,471
replication-0031,general_qa,512,kgw,kgw-09,1.1971303267014333,471
replication-0031,general_qa,512,synthid,synthid-00,0.5009456264775414,470
replication-0031,general_qa,512,synthid,synthid-01,0.500709219858156,470
replication-0031,general_qa,512,synthid,synthid-02,0.48605200945626476,470
replication-0031,general_qa,512,synthid,synthid-03,0.5030732860520094,470
replication-0031,general_qa,512,synthid,synthid-04,0.49692671394799054,470
replication-0031,general_qa,512,synthid,synthid-05,0.5002364066193853,470
replication-0031,general_qa,512,synthid,synthid-06,0.5040189125295508,470
replication-0031,general_qa,512,synthid,synthid-07,0.5030732860520094,470
replication-0031,general_qa,512,synthid,synthid-08,0.5056737588652482,470
replication-0031,general_qa,512,synthid,synthid-09,0.5033096926713948,470
replication-0032,closed_qa,128,kgw,kgw-00,-0.262431940540739,121
replication-0032,closed_qa,128,kgw,kgw-01,1.4171324789199906,121
replication-0032,closed_qa,128,kgw,kgw-02,1.6270780313525817,121
replication-0032,closed_qa,128,kgw,kgw-03,-1.5221052551362861,121
replication-0032,closed_qa,128,kgw,kgw-04,-1.3121597027036949,121
replication-0032,closed_qa,128,kgw,kgw-05,0.36740471675703457,121
replication-0032,closed_qa,128,kgw,kgw-06,0.36740471675703457,121
replication-0032,closed_qa,128,kgw,kgw-07,0.787295821622217,121
replication-0032,closed_qa,128,kgw,kgw-08,-0.0524863881081478,121
replication-0032,closed_qa,128,kgw,kgw-09,1.2071869264873993,121
replication-0032,closed_qa,128,synthid,synthid-00,0.4935185185185185,120
replication-0032,closed_qa,128,synthid,synthid-01,0.48703703703703705,120
replication-0032,closed_qa,128,synthid,synthid-02,0.487962962962963,120
replication-0032,closed_qa,128,synthid,synthid-03,0.5212962962962963,120
replication-0032,closed_qa,128,synthid,synthid-04,0.48333333333333334,120
replication-0032,closed_qa,128,synthid,synthid-05,0.47685185185185186,120
replication-0032,closed_qa,128,synthid,synthid-06,0.5157407407407407,120
replication-0032,closed_qa,128,synthid,synthid-07,0.5009259259259259,120
replication-0032,closed_qa,128,synthid,synthid-08,0.5138888888888888,120
replication-0032,closed_qa,128,synthid,synthid-09,0.4777777777777778,120
replication-0032,closed_qa,256,kgw,kgw-00,0.7066176031403217,241
replication-0032,closed_qa,256,kgw,kgw-01,1.0041408044625624,241
replication-0032,closed_qa,256,kgw,kgw-02,1.5991872071070439,241
replication-0032,closed_qa,256,kgw,kgw-03,-2.119852809420965,241
replication-0032,closed_qa,256,kgw,kgw-04,0.2603328011569606,241
replication-0032,closed_qa,256,kgw,kgw-05,-0.33471360148752083,241
replication-0032,closed_qa,256,kgw,kgw-06,1.4504256064459236,241
replication-0032,closed_qa,256,kgw,kgw-07,2.045472009090405,241
replication-0032,closed_qa,256,kgw,kgw-08,0.11157120049584028,241
replication-0032,closed_qa,256,kgw,kgw-09,0.409094401818081,241
replication-0032,closed_qa,256,synthid,synthid-00,0.4981481481481482,240
replication-0032,closed_qa,256,synthid,synthid-01,0.4847222222222222,240
replication-0032,closed_qa,256,synthid,synthid-02,0.49398148148148147,240
replication-0032,closed_qa,256,synthid,synthid-03,0.49953703703703706,240
replication-0032,closed_qa,256,synthid,synthid-04,0.4986111111111111,240
replication-0032,closed_qa,256,synthid,synthid-05,0.5050925925925925,240
replication-0032,closed_qa,256,synthid,synthid-06,0.5060185185185185,240
replication-0032,closed_qa,256,synthid,synthid-07,0.5046296296296297,240
replication-0032,closed_qa,256,synthid,synthid-08,0.5027777777777778,240
replication-0032,closed_qa,256,synthid,synthid-09,0.4847222222222222,240
replication-0032,closed_qa,512,kgw,kgw-00,0.4447580458747142,487
replication-0032,closed_qa,512,kgw,kgw-01,0.026162237992630243,487
replication-0032,closed_qa,512,kgw,kgw-02,0.968002805727319,487
replication-0032,closed_qa,512,kgw,kgw-03,-1.5435720415651843,487
replication-0032,closed_qa,512,kgw,kgw-04,0.6540559498157561,487
replication-0032,closed_qa,512,kgw,kgw-05,0.5494069978452352,487
replication-0032,closed_qa,512,kgw,kgw-06,1.7005454695209659,487
replication-0032,closed_qa,512,kgw,kgw-07,1.8051944214914868,487
replication-0032,closed_qa,512,kgw,kgw-08,1.07265175769784,487
replication-0032,closed_qa,512,kgw,kgw-09,-0.2877846179189327,487
replication-0032,closed_qa,512,synthid,synthid-00,0.49817101051668955,486
replication-0032,closed_qa,512,synthid,synthid-01,0.49588477366255146,486
replication-0032,closed_qa,512,synthid,synthid-02,0.49634202103337904,486
replication-0032,closed_qa,512,synthid,synthid-03,0.49314128943758573,486
replication-0032,closed_qa,512,synthid,synthid-04,0.49336991312299955,486
replication-0032,closed_qa,512,synthid,synthid-05,0.49314128943758573,486
replication-0032,closed_qa,512,synthid,synthid-06,0.5064014631915866,486
replication-0032,closed_qa,512,synthid,synthid-07,0.49794238683127573,486
replication-0032,closed_qa,512,synthid,synthid-08,0.5086877000457247,486
replication-0032,closed_qa,512,synthid,synthid-09,0.49268404206675814,486
replication-0033,information_extraction,128,kgw,kgw-00,1.0932163332202425,123
replication-0033,information_extraction,128,kgw,kgw-01,-0.5726371269248889,123
replication-0033,information_extraction,128,kgw,kgw-02,0.052057920629535355,123
replication-0033,information_extraction,128,kgw,kgw-03,-0.5726371269248889,123
replication-0033,information_extraction,128,kgw,kgw-04,1.5096796982565253,123
replication-0033,information_extraction,128,kgw,kgw-05,-0.3644054444067475,123
replication-0033,information_extraction,128,kgw,kgw-06,-0.15617376188860607,123
replication-0033,information_extraction,128,kgw,kgw-07,0.2602896031476768,123
replication-0033,information_extraction,128,kgw,kgw-08,-0.15617376188860607,123
replication-0033,information_extraction,128,kgw,kgw-09,-0.15617376188860607,123
replication-0033,information_extraction,128,synthid,synthid-00,0.5145719489981785,122
replication-0033,information_extraction,128,synthid,synthid-01,0.5209471766848816,122
replication-0033,information_extraction,128,synthid,synthid-02,0.5100182149362478,122
replication-0033,information_extraction,128,synthid,synthid-03,0.49271402550091076,122
replication-0033,information_extraction,128,synthid,synthid-04,0.5182149362477231,122
replication-0033,information_extraction,128,synthid,synthid-05,0.5127504553734062,122
replication-0033,information_extraction,128,synthid,synthid-06,0.5145719489981785,122
replication-0033,information_extraction,128,synthid,synthid-07,0.4781420765027322,122
replication-0033,information_extraction,128,synthid,synthid-08,0.5072859744990893,122
replication-0033,information_extraction,128,synthid,synthid-09,0.5255009107468124,122
replication-0033,information_extraction,256,kgw,kgw-00,-0.10932607756185053,251
replication-0033,information_extraction,256,kgw,kgw-01,-0.25509418097765124,251
replication-0033,information_extraction,256,kgw,kgw-02,0.619514439517153,251
replication-0033,information_extraction,256,kgw,kgw-03,-1.1297028014724555,251
replication-0033,information_extraction,256,kgw,kgw-04,0.9110506463487544,251
replication-0033,information_extraction,256,kgw,kgw-05,1.639891163427758,251
replication-0033,information_extraction,256,kgw,kgw-06,-1.1297028014724555,251
replication-0033,information_extraction,256,kgw,kgw-07,0.1822101292697509,251
replication-0033,information_extraction,256,kgw,kgw-08,-1.1297028014724555,251
replication-0033,information_extraction,256,kgw,kgw-09,-0.25509418097765124,251
replication-0033,information_extraction,256,synthid,synthid-00,0.5031111111111111,250
replication-0033,information_extraction,256,synthid,synthid-01,0.5133333333333333,250
replication-0033,information_extraction,256,synthid,synthid-02,0.5026666666666667,250
replication-0033,information_extraction,256,synthid,synthid-03,0.508,250
replication-0033,information_extraction,256,synthid,synthid-04,0.5075555555555555,250
replication-0033,information_extraction,256,synthid,synthid-05,0.49955555555555553,250
replication-0033,information_extraction,256,synthid,synthid-06,0.5133333333333333,250
replication-0033,information_extraction,256,synthid,synthid-07,0.492,250
replication-0033,information_extraction,256,synthid,synthid-08,0.5022222222222222,250
replication-0033,information_extraction,256,synthid,synthid-09,0.5231111111111111,250
replication-0033,information_extraction,512,kgw,kgw-00,-0.19674775073518588,310
replication-0033,information_extraction,512,kgw,kgw-01,0.06558258357839529,310
replication-0033,information_extraction,512,kgw,kgw-02,0.8525735865191388,310
replication-0033,information_extraction,512,kgw,kgw-03,-1.11490392083272,310
replication-0033,information_extraction,512,kgw,kgw-04,0.7214084193623482,310
replication-0033,information_extraction,512,kgw,kgw-05,1.7707297566166729,310
replication-0033,information_extraction,512,kgw,kgw-06,-1.6395645894598825,310
replication-0033,information_extraction,512,kgw,kgw-07,0.06558258357839529,310
replication-0033,information_extraction,512,kgw,kgw-08,-0.8525735865191388,310
replication-0033,information_extraction,512,kgw,kgw-09,-0.32791291789197646,310
replication-0033,information_extraction,512,synthid,synthid-00,0.5008989572096368,309
replication-0033,information_extraction,512,synthid,synthid-01,0.5095289464221503,309
replication-0033,information_extraction,512,synthid,synthid-02,0.5041352031643294,309
replication-0033,information_extraction,512,synthid,synthid-03,0.505933117583603,309
replication-0033,information_extraction,512,synthid,synthid-04,0.5041352031643294,309
replication-0033,information_extraction,512,synthid,synthid-05,0.49982020855807263,309
replication-0033,information_extraction,512,synthid,synthid-06,0.5120460266091335,309
replication-0033,information_extraction,512,synthid,synthid-07,0.49154980222941386,309
replication-0033,information_extraction,512,synthid,synthid-08,0.49766271125494427,309
replication-0033,information_extraction,512,synthid,synthid-09,0.5156418554476807,309
replication-0034,general_qa,128,kgw,kgw-00,-1.4975535605335346,125
replication-0034,general_qa,128,kgw,kgw-01,-0.25819888974716115,125
replication-0034,general_qa,128,kgw,kgw-02,-1.0844353369380768,125
replication-0034,general_qa,128,kgw,kgw-03,0.5680375574437545,125
replication-0034,general_qa,128,kgw,kgw-04,1.600833116432399,125
replication-0034,general_qa,128,kgw,kgw-05,0.5680375574437545,125
replication-0034,general_qa,128,kgw,kgw-06,-1.0844353369380768,125
replication-0034,general_qa,128,kgw,kgw-07,-0.8778762251403478,125
replication-0034,general_qa,128,kgw,kgw-08,-1.7041126723312634,125
replication-0034,general_qa,128,kgw,kgw-09,-0.8778762251403478,125
replication-0034,general_qa,128,synthid,synthid-00,0.5134408602150538,124
replication-0034,general_qa,128,synthid,synthid-01,0.4829749103942652,124
replication-0034,general_qa,128,synthid,synthid-02,0.4883512544802867,124
replication-0034,general_qa,128,synthid,synthid-03,0.5017921146953405,124
replication-0034,general_qa,128,synthid,synthid-04,0.4775985663082437,124
replication-0034,general_qa,128,synthid,synthid-05,0.514336917562724,124
replication-0034,general_qa,128,synthid,synthid-06,0.4838709677419355,124
replication-0034,general_qa,128,synthid,synthid-07,0.5080645161290323,124
replication-0034,general_qa,128,synthid,synthid-08,0.4578853046594982,124
replication-0034,general_qa,128,synthid,synthid-09,0.5098566308243727,124
replication-0034,general_qa,256,kgw,kgw-00,-0.6227991553292184,220
replication-0034,general_qa,256,kgw,kgw-01,1.868397465987655,220
replication-0034,general_qa,256,kgw,kgw-02,0.1556997888323046,220
replication-0034,general_qa,256,kgw,kgw-03,0.6227991553292184,220
replication-0034,general_qa,256,kgw,kgw-04,1.0898985218261321,220
replication-0034,general_qa,256,kgw,kgw-05,0.6227991553292184,220
replication-0034,general_qa,256,kgw,kgw-06,0.778498944161523,220
replication-0034,general_qa,256,kgw,kgw-07,-0.9341987329938275,220
replication-0034,general_qa,256,kgw,kgw-08,-1.2455983106584367,220
replication-0034,general_qa,256,kgw,kgw-09,-0.778498944161523,220
replication-0034,general_qa,256,synthid,synthid-00,0.4984848484848485,220
replication-0034,general_qa,256,synthid,synthid-01,0.4858585858585859,220
replication-0034,general_qa,256,synthid,synthid-02,0.49292929292929294,220
replication-0034,general_qa,256,synthid,synthid-03,0.5181818181818182,220
replication-0034,general_qa,256,synthid,synthid-04,0.48333333333333334,220
replication-0034,general_qa,256,synthid,synthid-05,0.51010101010101,220
replication-0034,general_qa,256,synthid,synthid-06,0.49747474747474746,220
replication-0034,general_qa,256,synthid,synthid-07,0.49696969696969695,220
replication-0034,general_qa,256,synthid,synthid-08,0.4762626262626263,220
replication-0034,general_qa,256,synthid,synthid-09,0.502020202020202,220
replication-0034,general_qa,512,kgw,kgw-00,-0.19076189842912894,229
replication-0034,general_qa,512,kgw,kgw-01,1.945771363977115,229
replication-0034,general_qa,512,kgw,kgw-02,0.11445713905747736,229
replication-0034,general_qa,512,kgw,kgw-03,0.4196761765440836,229
replication-0034,general_qa,512,kgw,kgw-04,1.0301142515172963,229
replication-0034,general_qa,512,kgw,kgw-05,1.0301142515172963,229
replication-0034,general_qa,512,kgw,kgw-06,0.8775047327739931,229
replication-0034,general_qa,512,kgw,kgw-07,-1.259028529632251,229
replication-0034,general_qa,512,kgw,kgw-08,-1.259028529632251,229
replication-0034,general_qa,512,kgw,kgw-09,-0.8011999734023415,229
replication-0034,general_qa,512,synthid,synthid-00,0.4973313925278991,229
replication-0034,general_qa,512,synthid,synthid-01,0.4895681707908782,229
replication-0034,general_qa,512,synthid,synthid-02,0.490053372149442,229
replication-0034,general_qa,512,synthid,synthid-03,0.5167394468704513,229
replication-0034,general_qa,512,synthid,synthid-04,0.4861717612809316,229
replication-0034,general_qa,512,synthid,synthid-05,0.5138282387190685,229
replication-0034,general_qa,512,synthid,synthid-06,0.5007278020378457,229
replication-0034,general_qa,512,synthid,synthid-07,0.49539058709364386,229
replication-0034,general_qa,512,synthid,synthid-08,0.47792333818534694,229
replication-0034,general_qa,512,synthid,synthid-09,0.502668607472101,229
replication-0035,general_qa,128,kgw,kgw-00,2.404458518050857,122
replication-0035,general_qa,128,kgw,kgw-01,0.7317917228850433,122
replication-0035,general_qa,128,kgw,kgw-02,0.5227083734893166,122
replication-0035,general_qa,128,kgw,kgw-03,-0.5227083734893166,122
replication-0035,general_qa,128,kgw,kgw-04,1.7772084698636768,122
replication-0035,general_qa,128,kgw,kgw-05,3.0317085662380365,122
replication-0035,general_qa,128,kgw,kgw-06,0.7317917228850433,122
replication-0035,general_qa,128,kgw,kgw-07,-0.5227083734893166,122
replication-0035,general_qa,128,kgw,kgw-08,0.31362502409359,122
replication-0035,general_qa,128,kgw,kgw-09,1.7772084698636768,122
replication-0035,general_qa,128,synthid,synthid-00,0.4967860422405877,121
replication-0035,general_qa,128,synthid,synthid-01,0.49127640036730946,121
replication-0035,general_qa,128,synthid,synthid-02,0.5059687786960514,121
replication-0035,general_qa,128,synthid,synthid-03,0.5078053259871441,121
replication-0035,general_qa,128,synthid,synthid-04,0.5022956841138659,121
replication-0035,general_qa,128,synthid,synthid-05,0.4857667584940312,121
replication-0035,general_qa,128,synthid,synthid-06,0.5068870523415978,121
replication-0035,general_qa,128,synthid,synthid-07,0.4921946740128558,121
replication-0035,general_qa,128,synthid,synthid-08,0.5087235996326905,121
replication-0035,general_qa,128,synthid,synthid-09,0.5050505050505051,121
replication-0035,general_qa,256,kgw,kgw-00,1.573287726518895,249
replication-0035,general_qa,256,kgw,kgw-01,0.5488212999484517,249
replication-0035,general_qa,256,kgw,kgw-02,-1.7928162464982755,249
replication-0035,general_qa,256,kgw,kgw-03,-0.329292779969071,249
replication-0035,general_qa,256,kgw,kgw-04,2.451401806436418,249
replication-0035,general_qa,256,kgw,kgw-05,1.7196400731718153,249
replication-0035,general_qa,256,kgw,kgw-06,-0.4756451266219915,249
replication-0035,general_qa,256,kgw,kgw-07,-0.4756451266219915,249
replication-0035,general_qa,256,kgw,kgw-08,0.10976425998969035,249
replication-0035,general_qa,256,kgw,kgw-09,0.2561166066426108,249
replication-0035,general_qa,256,synthid,synthid-00,0.5062724014336918,248
replication-0035,general_qa,256,synthid,synthid-01,0.5053763440860215,248
replication-0035,general_qa,256,synthid,synthid-02,0.5013440860215054,248
replication-0035,general_qa,256,synthid,synthid-03,0.4982078853046595,248
replication-0035,general_qa,256,synthid,synthid-04,0.5120967741935484,248
replication-0035,general_qa,256,synthid,synthid-05,0.5,248
replication-0035,general_qa,256,synthid,synthid-06,0.5134408602150538,248
replication-0035,general_qa,256,synthid,synthid-07,0.49507168458781364,248
replication-0035,general_qa,256,synthid,synthid-08,0.48655913978494625,248
replication-0035,general_qa,256,synthid,synthid-09,0.496415770609319,248
replication-0035,general_qa,512,kgw,kgw-00,2.8631459603763068,501
replication-0035,general_qa,512,kgw,kgw-01,-0.9543819867921022,501
replication-0035,general_qa,512,kgw,kgw-02,-1.3670877108103086,501
replication-0035,general_qa,512,kgw,kgw-03,-0.12897053875568948,501
replication-0035,general_qa,512,kgw,kgw-04,2.9663223913808583,501
replication-0035,general_qa,512,kgw,kgw-05,3.3790281153990644,501
replication-0035,general_qa,512,kgw,kgw-06,1.005970202294378,501
replication-0035,general_qa,512,kgw,kgw-07,-0.748029124782999,501
replication-0035,general_qa,512,kgw,kgw-08,-1.0575584177966537,501
replication-0035,general_qa,512,kgw,kgw-09,-0.33532340076479267,501
replication-0035,general_qa,512,synthid,synthid-00,0.5122222222222222,500
replication-0035,general_qa,512,synthid,synthid-01,0.5048888888888889,500
replication-0035,general_qa,512,synthid,synthid-02,0.5075555555555555,500
replication-0035,general_qa,512,synthid,synthid-03,0.4948888888888889,500
replication-0035,general_qa,512,synthid,synthid-04,0.502,500
replication-0035,general_qa,512,synthid,synthid-05,0.5015555555555555,500
replication-0035,general_qa,512,synthid,synthid-06,0.5028888888888889,500
replication-0035,general_qa,512,synthid,synthid-07,0.49244444444444446,500
replication-0035,general_qa,512,synthid,synthid-08,0.49666666666666665,500
replication-0035,general_qa,512,synthid,synthid-09,0.49422222222222223,500
replication-0036,general_qa,128,kgw,kgw-00,0.94087507228077,122
replication-0036,general_qa,128,kgw,kgw-01,0.5227083734893166,122
replication-0036,general_qa,128,kgw,kgw-02,0.31362502409359,122
replication-0036,general_qa,128,kgw,kgw-03,-0.31362502409359,122
replication-0036,general_qa,128,kgw,kgw-04,-0.5227083734893166,122
replication-0036,general_qa,128,kgw,kgw-05,-0.10454167469786334,122
replication-0036,general_qa,128,kgw,kgw-06,0.7317917228850433,122
replication-0036,general_qa,128,kgw,kgw-07,-1.3590417710722233,122
replication-0036,general_qa,128,kgw,kgw-08,-1.56812512046795,122
replication-0036,general_qa,128,kgw,kgw-09,-1.7772084698636768,122
replication-0036,general_qa,128,synthid,synthid-00,0.5022956841138659,121
replication-0036,general_qa,128,synthid,synthid-01,0.494949494949495,121
replication-0036,general_qa,128,synthid,synthid-02,0.46005509641873277,121
replication-0036,general_qa,128,synthid,synthid-03,0.4839302112029385,121
replication-0036,general_qa,128,synthid,synthid-04,0.4765840220385675,121
replication-0036,general_qa,128,synthid,synthid-05,0.5298438934802571,121
replication-0036,general_qa,128,synthid,synthid-06,0.5004591368227732,121
replication-0036,general_qa,128,synthid,synthid-07,0.494949494949495,121
replication-0036,general_qa,128,synthid,synthid-08,0.5032139577594124,121
replication-0036,general_qa,128,synthid,synthid-09,0.5050505050505051,121
replication-0036,general_qa,256,kgw,kgw-00,0.3651483716701107,250
replication-0036,general_qa,256,kgw,kgw-01,-0.511207720338155,250
replication-0036,general_qa,256,kgw,kgw-02,1.3875638123464207,250
replication-0036,general_qa,256,kgw,kgw-03,-1.3875638123464207,250
replication-0036,general_qa,256,kgw,kgw-04,-0.21908902300206642,250
replication-0036,general_qa,256,kgw,kgw-05,0.21908902300206642,250
replication-0036,general_qa,256,kgw,kgw-06,-0.07302967433402215,250
replication-0036,general_qa,256,kgw,kgw-07,-1.6796825096825094,250
replication-0036,general_qa,256,kgw,kgw-08,-1.6796825096825094,250
replication-0036,general_qa,256,kgw,kgw-09,-3.2863353450309964,250
replication-0036,general_qa,256,synthid,synthid-00,0.502900490852298,249
replication-0036,general_qa,256,synthid,synthid-01,0.48728246318607765,249
replication-0036,general_qa,256,synthid,synthid-02,0.4738955823293173,249
replication-0036,general_qa,256,synthid,synthid-03,0.500669344042838,249
replication-0036,general_qa,256,synthid,synthid-04,0.48237394020526553,249
replication-0036,general_qa,256,synthid,synthid-05,0.501561802766622,249
replication-0036,general_qa,256,synthid,synthid-06,0.502900490852298,249
replication-0036,general_qa,256,synthid,synthid-07,0.5153949129852744,249
replication-0036,general_qa,256,synthid,synthid-08,0.4921909861668898,249
replication-0036,general_qa,256,synthid,synthid-09,0.5064703257474342,249
replication-0036,general_qa,512,kgw,kgw-00,2.2033672737878804,473
replication-0036,general_qa,512,kgw,kgw-01,-0.5574784668619939,473
replication-0036,general_qa,512,kgw,kgw-02,1.566249025945602,473
replication-0036,general_qa,512,kgw,kgw-03,0.07963978098028483,473
replication-0036,general_qa,512,kgw,kgw-04,1.1415035273840828,473
replication-0036,general_qa,512,kgw,kgw-05,1.990994524507121,473
replication-0036,general_qa,512,kgw,kgw-06,0.2920125302610444,473
replication-0036,general_qa,512,kgw,kgw-07,-1.1945967147042726,473
replication-0036,general_qa,512,kgw,kgw-08,-1.513155838625412,473
replication-0036,general_qa,512,kgw,kgw-09,-2.8935787089503493,473
replication-0036,general_qa,512,synthid,synthid-00,0.4976459510357815,472
replication-0036,general_qa,512,synthid,synthid-01,0.4927024482109228,472
replication-0036,general_qa,512,synthid,synthid-02,0.4915254237288136,472
replication-0036,general_qa,512,synthid,synthid-03,0.5004708097928436,472
replication-0036,general_qa,512,synthid,synthid-04,0.496939736346516,472
replication-0036,general_qa,512,synthid,synthid-05,0.5065913370998116,472
replication-0036,general_qa,512,synthid,synthid-06,0.503060263653484,472
replication-0036,general_qa,512,synthid,synthid-07,0.5143596986817326,472
replication-0036,general_qa,512,synthid,synthid-08,0.4912900188323917,472
replication-0036,general_qa,512,synthid,synthid-09,0.493879472693032,472
replication-0037,closed_qa,128,kgw,kgw-00,1.2071869264873993,121
replication-0037,closed_qa,128,kgw,kgw-01,1.2071869264873993,121
replication-0037,closed_qa,128,kgw,kgw-02,-0.8922685978385125,121
replication-0037,closed_qa,128,kgw,kgw-03,-0.4723774929733302,121
replication-0037,closed_qa,128,kgw,kgw-04,-0.0524863881081478,121
replication-0037,closed_qa,128,kgw,kgw-05,0.36740471675703457,121
replication-0037,closed_qa,128,kgw,kgw-06,0.5773502691896257,121
replication-0037,closed_qa,128,kgw,kgw-07,-0.4723774929733302,121
replication-0037,closed_qa,128,kgw,kgw-08,-0.262431940540739,121
replication-0037,closed_qa,128,kgw,kgw-09,-0.6823230454059214,121
replication-0037,closed_qa,128,synthid,synthid-00,0.49444444444444446,120
replication-0037,closed_qa,128,synthid,synthid-01,0.4962962962962963,120
replication-0037,closed_qa,128,synthid,synthid-02,0.4898148148148148,120
replication-0037,closed_qa,128,synthid,synthid-03,0.5018518518518519,120
replication-0037,closed_qa,128,synthid,synthid-04,0.48518518518518516,120
replication-0037,closed_qa,128,synthid,synthid-05,0.487962962962963,120
replication-0037,closed_qa,128,synthid,synthid-06,0.5027777777777778,120
replication-0037,closed_qa,128,synthid,synthid-07,0.5083333333333333,120
replication-0037,closed_qa,128,synthid,synthid-08,0.48703703703703705,120
replication-0037,closed_qa,128,synthid,synthid-09,0.5305555555555556,120
replication-0037,closed_qa,256,kgw,kgw-00,1.323821580326409,233
replication-0037,closed_qa,256,kgw,kgw-01,1.9289971599041962,233
replication-0037,closed_qa,256,kgw,kgw-02,0.11347042117083507,233
replication-0037,closed_qa,256,kgw,kgw-03,-0.9455868430902922,233
replication-0037,closed_qa,256,kgw,kgw-04,-0.3404112635125052,233
replication-0037,closed_qa,256,kgw,kgw-05,0.11347042117083507,233
replication-0037,closed_qa,256,kgw,kgw-06,1.7777032650097493,233
replication-0037,closed_qa,256,kgw,kgw-07,-0.3404112635125052,233
replication-0037,closed_qa,256,kgw,kgw-08,-0.18911736861805845,233
replication-0037,closed_qa,256,kgw,kgw-09,-1.702056317562526,233
replication-0037,closed_qa,256,synthid,synthid-00,0.5023946360153256,232
replication-0037,closed_qa,256,synthid,synthid-01,0.4956896551724138,232
replication-0037,closed_qa,256,synthid,synthid-02,0.5100574712643678,232
replication-0037,closed_qa,256,synthid,synthid-03,0.48659003831417624,232
replication-0037,closed_qa,256,synthid,synthid-04,0.4870689655172414,232
replication-0037,closed_qa,256,synthid,synthid-05,0.5009578544061303,232
replication-0037,closed_qa,256,synthid,synthid-06,0.5076628352490421,232
replication-0037,closed_qa,256,synthid,synthid-07,0.5028735632183908,232
replication-0037,closed_qa,256,synthid,synthid-08,0.4899425287356322,232
replication-0037,closed_qa,256,synthid,synthid-09,0.5191570881226054,232
replication-0037,closed_qa,512,kgw,kgw-00,1.2529992447406104,469
replication-0037,closed_qa,512,kgw,kgw-01,0.18661690879115475,469
replication-0037,closed_qa,512,kgw,kgw-02,1.1463610111456648,469
replication-0037,closed_qa,512,kgw,kgw-03,-1.4129565951330287,469
replication-0037,closed_qa,512,kgw,kgw-04,0.9330845439557738,469
replication-0037,closed_qa,512,kgw,kgw-05,1.1463610111456648,469
replication-0037,closed_qa,512,kgw,kgw-06,2.5326580478799574,469
replication-0037,closed_qa,512,kgw,kgw-07,-0.9864036607532465,469
replication-0037,closed_qa,512,kgw,kgw-08,0.3998933759810459,469
replication-0037,closed_qa,512,kgw,kgw-09,-1.4129565951330287,469
replication-0037,closed_qa,512,synthid,synthid-00,0.5073599240265907,468
replication-0037,closed_qa,512,synthid,synthid-01,0.49216524216524216,468
replication-0037,closed_qa,512,synthid,synthid-02,0.5011870845204178,468
replication-0037,closed_qa,512,synthid,synthid-03,0.49786324786324787,468
replication-0037,closed_qa,512,synthid,synthid-04,0.4843304843304843,468
replication-0037,closed_qa,512,synthid,synthid-05,0.5009496676163343,468
replication-0037,closed_qa,512,synthid,synthid-06,0.498338081671415,468
replication-0037,closed_qa,512,synthid,synthid-07,0.4952516619183286,468
replication-0037,closed_qa,512,synthid,synthid-08,0.49691358024691357,468
replication-0037,closed_qa,512,synthid,synthid-09,0.5047483380816714,468
replication-0038,information_extraction,128,kgw,kgw-00,0.15491933384829668,125
replication-0038,information_extraction,128,kgw,kgw-01,-1.9106717841289924,125
replication-0038,information_extraction,128,kgw,kgw-02,-0.051639777949432225,125
replication-0038,information_extraction,128,kgw,kgw-03,0.9811557810392123,125
replication-0038,information_extraction,128,kgw,kgw-04,-0.25819888974716115,125
replication-0038,information_extraction,128,kgw,kgw-05,-0.25819888974716115,125
replication-0038,information_extraction,128,kgw,kgw-06,-0.46475800154489005,125
replication-0038,information_extraction,128,kgw,kgw-07,1.8073922282301278,125
replication-0038,information_extraction,128,kgw,kgw-08,-1.2909944487358056,125
replication-0038,information_extraction,128,kgw,kgw-09,-0.25819888974716115,125
replication-0038,information_extraction,128,synthid,synthid-00,0.5044802867383512,124
replication-0038,information_extraction,128,synthid,synthid-01,0.48655913978494625,124
replication-0038,information_extraction,128,synthid,synthid-02,0.5116487455197133,124
replication-0038,information_extraction,128,synthid,synthid-03,0.49372759856630827,124
replication-0038,information_extraction,128,synthid,synthid-04,0.5206093189964157,124
replication-0038,information_extraction,128,synthid,synthid-05,0.5098566308243727,124
replication-0038,information_extraction,128,synthid,synthid-06,0.5026881720430108,124
replication-0038,information_extraction,128,synthid,synthid-07,0.4910394265232975,124
replication-0038,information_extraction,128,synthid,synthid-08,0.48028673835125446,124
replication-0038,information_extraction,128,synthid,synthid-09,0.5062724014336918,124
replication-0038,information_extraction,256,kgw,kgw-00,0.7652825429329537,251
replication-0038,information_extraction,256,kgw,kgw-01,-1.5670071117198576,251
replication-0038,information_extraction,256,kgw,kgw-02,0.1822101292697509,251
replication-0038,information_extraction,256,kgw,kgw-03,1.639891163427758,251
replication-0038,information_extraction,256,kgw,kgw-04,0.3279782326855516,251
replication-0038,information_extraction,256,kgw,kgw-05,0.3279782326855516,251
replication-0038,information_extraction,256,kgw,kgw-06,1.0568187497645551,251
replication-0038,information_extraction,256,kgw,kgw-07,1.2025868531803559,251
replication-0038,information_extraction,256,kgw,kgw-08,-2.295847628798861,251
replication-0038,information_extraction,256,kgw,kgw-09,-0.40086228439345195,251
replication-0038,information_extraction,256,synthid,synthid-00,0.5037627268702966,251
replication-0038,information_extraction,256,synthid,synthid-01,0.5214696768481629,251
replication-0038,information_extraction,256,synthid,synthid-02,0.5015493581230633,251
replication-0038,information_extraction,256,synthid,synthid-03,0.50199203187251,251
replication-0038,information_extraction,256,synthid,synthid-04,0.5117308543603364,251
replication-0038,information_extraction,256,synthid,synthid-05,0.49358123063302345,251
replication-0038,information_extraction,256,synthid,synthid-06,0.5015493581230633,251
replication-0038,information_extraction,256,synthid,synthid-07,0.4878264718902169,251
replication-0038,information_extraction,256,synthid,synthid-08,0.48871181938911024,251
replication-0038,information_extraction,256,synthid,synthid-09,0.5086321381142098,251
replication-0038,information_extraction,512,kgw,kgw-00,-0.20739033894608505,496
replication-0038,information_extraction,512,kgw,kgw-01,-1.2443420336765103,496
replication-0038,information_extraction,512,kgw,kgw-02,0.3110855084191276,496
replication-0038,information_extraction,512,kgw,kgw-03,2.903464745245191,496
replication-0038,information_extraction,512,kgw,kgw-04,0.4147806778921701,496
replication-0038,information_extraction,512,kgw,kgw-05,1.3480372031495529,496
replication-0038,information_extraction,512,kgw,kgw-06,1.970208219987808,496
replication-0038,information_extraction,512,kgw,kgw-07,1.5554275420956378,496
replication-0038,information_extraction,512,kgw,kgw-08,-1.5554275420956378,496
replication-0038,information_extraction,512,kgw,kgw-09,0.3110855084191276,496
replication-0038,information_extraction,512,synthid,synthid-00,0.5079685746352413,495
replication-0038,information_extraction,512,synthid,synthid-01,0.5169472502805836,495
replication-0038,information_extraction,512,synthid,synthid-02,0.49539842873176204,495
replication-0038,information_extraction,512,synthid,synthid-03,0.498989898989899,495
replication-0038,information_extraction,512,synthid,synthid-04,0.5104377104377105,495
replication-0038,information_extraction,512,synthid,synthid-05,0.5028058361391695,495
replication-0038,information_extraction,512,synthid,synthid-06,0.5052749719416386,495
replication-0038,information_extraction,512,synthid,synthid-07,0.48731762065095396,495
replication-0038,information_extraction,512,synthid,synthid-08,0.4974186307519641,495
replication-0038,information_extraction,512,synthid,synthid-09,0.49876543209876545,495
replication-0039,classification,128,kgw,kgw-00,0.0,116
replication-0039,classification,128,kgw,kgw-01,-1.2865350418053536,116
replication-0039,classification,128,kgw,kgw-02,0.21442250696755896,116
replication-0039,classification,128,kgw,kgw-03,2.7874925905782666,116
replication-0039,classification,128,kgw,kgw-04,0.4288450139351179,116
replication-0039,classification,128,kgw,kgw-05,0.6432675209026768,116
replication-0039,classification,128,kgw,kgw-06,-0.8576900278702358,116
replication-0039,classification,128,kgw,kgw-07,0.8576900278702358,116
replication-0039,classification,128,kgw,kgw-08,-0.8576900278702358,116
replication-0039,classification,128,kgw,kgw-09,0.0,116
replication-0039,classification,128,synthid,synthid-00,0.4628019323671498,115
replication-0039,classification,128,synthid,synthid-01,0.5130434782608696,115
replication-0039,classification,128,synthid,synthid-02,0.5111111111111111,115
replication-0039,classification,128,synthid,synthid-03,0.4927536231884058,115
replication-0039,classification,128,synthid,synthid-04,0.49082125603864735,115
replication-0039,classification,128,synthid,synthid-05,0.506280193236715,115
replication-0039,classification,128,synthid,synthid-06,0.49082125603864735,115
replication-0039,classification,128,synthid,synthid-07,0.5130434782608696,115
replication-0039,classification,128,synthid,synthid-08,0.5207729468599034,115
replication-0039,classification,128,synthid,synthid-09,0.5410628019323671,115
replication-0039,classification,256,kgw,kgw-00,0.9936607918964553,211
replication-0039,classification,256,kgw,kgw-01,-1.7090965620619032,211
replication-0039,classification,256,kgw,kgw-02,-0.5961964751378732,211
replication-0039,classification,256,kgw,kgw-03,2.265546605523918,211
replication-0039,classification,256,kgw,kgw-04,-0.43721074843444035,211
replication-0039,classification,256,kgw,kgw-05,0.5167036117861568,211
replication-0039,classification,256,kgw,kgw-06,-1.7090965620619032,211
replication-0039,classification,256,kgw,kgw-07,0.039746431675858215,211
replication-0039,classification,256,kgw,kgw-08,-0.2782250217310075,211
replication-0039,classification,256,kgw,kgw-09,0.19873215837929106,211
replication-0039,classification,256,synthid,synthid-00,0.473407056345445,211
replication-0039,classification,256,synthid,synthid-01,0.5123749341758821,211
replication-0039,classification,256,synthid,synthid-02,0.5044760400210637,211
replication-0039,classification,256,synthid,synthid-03,0.5013164823591364,211
replication-0039,classification,256,synthid,synthid-04,0.4913112164296998,211
replication-0039,classification,256,synthid,synthid-05,0.49710373880989994,211
replication-0039,classification,256,synthid,synthid-06,0.4986835176408636,211
replication-0039,classification,256,synthid,synthid-07,0.5202738283307003,211
replication-0039,classification,256,synthid,synthid-08,0.5028962611901,211
replication-0039,classification,256,synthid,synthid-09,0.5286993154291733,211
replication-0039,classification,512,kgw,kgw-00,1.0139588008391647,332
replication-0039,classification,512,kgw,kgw-01,-1.6476830513636427,332
replication-0039,classification,512,kgw,kgw-02,0.3802345503146868,332
replication-0039,classification,512,kgw,kgw-03,1.7744279014685382,332
replication-0039,classification,512,kgw,kgw-04,0.0,332
replication-0039,classification,512,kgw,kgw-05,0.6337242505244779,332
replication-0039,classification,512,kgw,kgw-06,-0.3802345503146868,332
replication-0039,classification,512,kgw,kgw-07,-1.0139588008391647,332
replication-0039,classification,512,kgw,kgw-08,-0.5069794004195823,332
replication-0039,classification,512,kgw,kgw-09,-0.7604691006293736,332
replication-0039,classification,512,synthid,synthid-00,0.48761713520749667,332
replication-0039,classification,512,synthid,synthid-01,0.5133868808567604,332
replication-0039,classification,512,synthid,synthid-02,0.5066934404283802,332
replication-0039,classification,512,synthid,synthid-03,0.5016733601070951,332
replication-0039,classification,512,synthid,synthid-04,0.501004016064257,332
replication-0039,classification,512,synthid,synthid-05,0.4933065595716198,332
replication-0039,classification,512,synthid,synthid-06,0.5020080321285141,332
replication-0039,classification,512,synthid,synthid-07,0.5120481927710844,332
replication-0039,classification,512,synthid,synthid-08,0.5043507362784472,332
replication-0039,classification,512,synthid,synthid-09,0.5167336010709505,332
replication-0040,open_qa,128,kgw,kgw-00,0.5773502691896257,121
replication-0040,open_qa,128,kgw,kgw-01,-1.1022141502711038,121
replication-0040,open_qa,128,kgw,kgw-02,2.046969136217764,121
replication-0040,open_qa,128,kgw,kgw-03,-1.5221052551362861,121
replication-0040,open_qa,128,kgw,kgw-04,1.4171324789199906,121
replication-0040,open_qa,128,kgw,kgw-05,2.6768057935155376,121
replication-0040,open_qa,128,kgw,kgw-06,-1.7320508075688774,121
replication-0040,open_qa,128,kgw,kgw-07,-1.5221052551362861,121
replication-0040,open_qa,128,kgw,kgw-08,0.9972413740548082,121
replication-0040,open_qa,128,kgw,kgw-09,-1.9419963600014685,121
replication-0040,open_qa,128,synthid,synthid-00,0.480257116620753,121
replication-0040,open_qa,128,synthid,synthid-01,0.5041322314049587,121
replication-0040,open_qa,128,synthid,synthid-02,0.5022956841138659,121
replication-0040,open_qa,128,synthid,synthid-03,0.47750229568411384,121
replication-0040,open_qa,128,synthid,synthid-04,0.5004591368227732,121
replication-0040,open_qa,128,synthid,synthid-05,0.48484848484848486,121
replication-0040,open_qa,128,synthid,synthid-06,0.5078053259871441,121
replication-0040,open_qa,128,synthid,synthid-07,0.5160697887970616,121
replication-0040,open_qa,128,synthid,synthid-08,0.49770431588613406,121
replication-0040,open_qa,128,synthid,synthid-09,0.5078053259871441,121
replication-0040,open_qa,256,kgw,kgw-00,0.04222003309207491,187
replication-0040,open_qa,256,kgw,kgw-01,-0.464420364012824,187
replication-0040,open_qa,256,kgw,kgw-02,1.0555008273018727,187
replication-0040,open_qa,256,kgw,kgw-03,-1.4777011582226218,187
replication-0040,open_qa,256,kgw,kgw-04,3.250942548089768,187
replication-0040,open_qa,256,kgw,kgw-05,2.23766175387997,187
replication-0040,open_qa,256,kgw,kgw-06,-1.1399408934860225,187
replication-0040,open_qa,256,kgw,kgw-07,-2.32210182006412,187
replication-0040,open_qa,256,kgw,kgw-08,1.2243809596701725,187
replication-0040,open_qa,256,kgw,kgw-09,-0.9710607611177229,187
replication-0040,open_qa,256,synthid,synthid-00,0.477299880525687,186
replication-0040,open_qa,256,synthid,synthid-01,0.5113500597371565,186
replication-0040,open_qa,256,synthid,synthid-02,0.5113500597371565,186
replication-0040,open_qa,256,synthid,synthid-03,0.48566308243727596,186
replication-0040,open_qa,256,synthid,synthid-04,0.48984468339307047,186
replication-0040,open_qa,256,synthid,synthid-05,0.4970131421744325,186
replication-0040,open_qa,256,synthid,synthid-06,0.514336917562724,186
replication-0040,open_qa,256,synthid,synthid-07,0.5095579450418161,186
replication-0040,open_qa,256,synthid,synthid-08,0.501194743130227,186
replication-0040,open_qa,256,synthid,synthid-09,0.498805256869773,186
replication-0040,open_qa,512,kgw,kgw-00,0.4507489358552088,420
replication-0040,open_qa,512,kgw,kgw-01,-0.7888106377466154,420
replication-0040,open_qa,512,kgw,kgw-02,1.8029957434208352,420
replication-0040,open_qa,512,kgw,kgw-03,-1.8029957434208352,420
replication-0040,open_qa,512,kgw,kgw-04,2.02837021134844,420
replication-0040,open_qa,512,kgw,kgw-05,0.9014978717104176,420
replication-0040,open_qa,512,kgw,kgw-06,0.3380617018914066,420
replication-0040,open_qa,512,kgw,kgw-07,-1.4649340415294287,420
replication-0040,open_qa,512,kgw,kgw-08,0.4507489358552088,420
replication-0040,open_qa,512,kgw,kgw-09,-1.5776212754932308,420
replication-0040,open_qa,512,synthid,synthid-00,0.4950941394855476,419
replication-0040,open_qa,512,synthid,synthid-01,0.5080880403076107,419
replication-0040,open_qa,512,synthid,synthid-02,0.514982763192787,419
replication-0040,open_qa,512,synthid,synthid-03,0.49217714134181917,419
replication-0040,open_qa,512,synthid,synthid-04,0.5049058605144524,419
replication-0040,open_qa,512,synthid,synthid-05,0.49350304958896846,419
replication-0040,open_qa,512,synthid,synthid-06,0.49562450278440734,419
replication-0040,open_qa,512,synthid,synthid-07,0.5062317687616017,419
replication-0040,open_qa,512,synthid,synthid-08,0.4834261469106338,419
replication-0040,open_qa,512,synthid,synthid-09,0.5033147706178732,419
replication-0041,closed_qa,128,kgw,kgw-00,-1.8070796117392953,118
replication-0041,closed_qa,128,kgw,kgw-01,0.10629880069054679,118
replication-0041,closed_qa,128,kgw,kgw-02,1.381884408977108,118
replication-0041,closed_qa,128,kgw,kgw-03,-0.10629880069054679,118
replication-0041,closed_qa,128,kgw,kgw-04,1.381884408977108,118
replication-0041,closed_qa,128,kgw,kgw-05,3.720458024169137,118
replication-0041,closed_qa,128,kgw,kgw-06,0.5314940034527339,118
replication-0041,closed_qa,128,kgw,kgw-07,0.7440916048338274,118
replication-0041,closed_qa,128,kgw,kgw-08,-0.7440916048338274,118
replication-0041,closed_qa,128,kgw,kgw-09,-1.381884408977108,118
replication-0041,closed_qa,128,synthid,synthid-00,0.4952919020715631,118
replication-0041,closed_qa,128,synthid,synthid-01,0.4595103578154426,118
replication-0041,closed_qa,128,synthid,synthid-02,0.4849340866290019,118
replication-0041,closed_qa,128,synthid,synthid-03,0.4981167608286252,118
replication-0041,closed_qa,128,synthid,synthid-04,0.4981167608286252,118
replication-0041,closed_qa,128,synthid,synthid-05,0.4661016949152542,118
replication-0041,closed_qa,128,synthid,synthid-06,0.4792843691148776,118
replication-0041,closed_qa,128,synthid,synthid-07,0.4783427495291902,118
replication-0041,closed_qa,128,synthid,synthid-08,0.4887005649717514,118
replication-0041,closed_qa,128,synthid,synthid-09,0.504708097928437,118
replication-0041,closed_qa,256,kgw,kgw-00,-0.7412605989088269,219
replication-0041,closed_qa,256,kgw,kgw-01,-0.2730960101243047,219
replication-0041,closed_qa,256,kgw,kgw-02,1.7556172079419585,219
replication-0041,closed_qa,256,kgw,kgw-03,0.3511234415883917,219
replication-0041,closed_qa,256,kgw,kgw-04,1.4435074820856104,219
replication-0041,closed_qa,256,kgw,kgw-05,3.3161658372236995,219
replication-0041,closed_qa,256,kgw,kgw-06,2.0677269337983066,219
replication-0041,closed_qa,256,kgw,kgw-07,0.03901371573204352,219
replication-0041,closed_qa,256,kgw,kgw-08,0.819288030372914,219
replication-0041,closed_qa,256,kgw,kgw-09,-1.2094251876933493,219
replication-0041,closed_qa,256,synthid,synthid-00,0.49745158002038736,218
replication-0041,closed_qa,256,synthid,synthid-01,0.47910295616717635,218
replication-0041,closed_qa,256,synthid,synthid-02,0.4887869520897044,218
replication-0041,closed_qa,256,synthid,synthid-03,0.5,218
replication-0041,closed_qa,256,synthid,synthid-04,0.49745158002038736,218
replication-0041,closed_qa,256,synthid,synthid-05,0.48827726809378186,218
replication-0041,closed_qa,256,synthid,synthid-06,0.4954128440366973,218
replication-0041,closed_qa,256,synthid,synthid-07,0.4872579001019368,218
replication-0041,closed_qa,256,synthid,synthid-08,0.4836901121304791,218
replication-0041,closed_qa,256,synthid,synthid-09,0.5040774719673802,218
replication-0041,closed_qa,512,kgw,kgw-00,-0.1870160898008427,467
replication-0041,closed_qa,512,kgw,kgw-01,1.5228453026640048,467
replication-0041,closed_qa,512,kgw,kgw-02,2.3777759988964284,467
replication-0041,closed_qa,512,kgw,kgw-03,-0.4007487638589486,467
replication-0041,closed_qa,512,kgw,kgw-04,2.3777759988964284,467
replication-0041,closed_qa,512,kgw,kgw-05,3.980771054332223,467
replication-0041,closed_qa,512,kgw,kgw-06,1.5228453026640048,467
replication-0041,closed_qa,512,kgw,kgw-07,-0.1870160898008427,467
replication-0041,closed_qa,512,kgw,kgw-08,-0.7213477749461075,467
replication-0041,closed_qa,512,kgw,kgw-09,-1.2556794600913723,467
replication-0041,closed_qa,512,synthid,synthid-00,0.4902241297091082,466
replication-0041,closed_qa,512,synthid,synthid-01,0.49594659036719124,466
replication-0041,closed_qa,512,synthid,synthid-02,0.4911778731521221,466
replication-0041,closed_qa,512,synthid,synthid-03,0.497377205531712,466
replication-0041,closed_qa,512,synthid,synthid-04,0.4933237958989032,466
replication-0041,closed_qa,512,synthid,synthid-05,0.49046256556986173,466
replication-0041,closed_qa,512,synthid,synthid-06,0.4902241297091082,466
replication-0041,closed_qa,512,synthid,synthid-07,0.4871244635193133,466
replication-0041,closed_qa,512,synthid,synthid-08,0.4814020028612303,466
replication-0041,closed_qa,512,synthid,synthid-09,0.5016690510252741,466
replication-0042,classification,128,kgw,kgw-00,1.3590417710722233,122
replication-0042,classification,128,kgw,kgw-01,0.5227083734893166,122
replication-0042,classification,128,kgw,kgw-02,1.1499584216764966,122
replication-0042,classification,128,kgw,kgw-03,0.7317917228850433,122
replication-0042,classification,128,kgw,kgw-04,-0.94087507228077,122
replication-0042,classification,128,kgw,kgw-05,0.31362502409359,122
replication-0042,classification,128,kgw,kgw-06,-1.7772084698636768,122
replication-0042,classification,128,kgw,kgw-07,-0.31362502409359,122
replication-0042,classification,128,kgw,kgw-08,0.31362502409359,122
replication-0042,classification,128,kgw,kgw-09,-0.94087507228077,122
replication-0042,classification,128,synthid,synthid-00,0.4986225895316804,121
replication-0042,classification,128,synthid,synthid-01,0.527089072543618,121
replication-0042,classification,128,synthid,synthid-02,0.4738292011019284,121
replication-0042,classification,128,synthid,synthid-03,0.5032139577594124,121
replication-0042,classification,128,synthid,synthid-04,0.49403122130394855,121
replication-0042,classification,128,synthid,synthid-05,0.49403122130394855,121
replication-0042,classification,128,synthid,synthid-06,0.5013774104683195,121
replication-0042,classification,128,synthid,synthid-07,0.5078053259871441,121
replication-0042,classification,128,synthid,synthid-08,0.5068870523415978,121
replication-0042,classification,128,synthid,synthid-09,0.49770431588613406,121
replication-0042,classification,256,kgw,kgw-00,1.7556172079419585,219
replication-0042,classification,256,kgw,kgw-01,-0.42915087305247873,219
replication-0042,classification,256,kgw,kgw-02,0.6632331674447399,219
replication-0042,classification,256,kgw,kgw-03,0.5071783045165658,219
replication-0042,classification,256,kgw,kgw-04,-0.8973154618370011,219
replication-0042,classification,256,kgw,kgw-05,1.9116720708701327,219
replication-0042,classification,256,kgw,kgw-06,-1.0533703247651751,219
replication-0042,classification,256,kgw,kgw-07,-0.42915087305247873,219
replication-0042,classification,256,kgw,kgw-08,-0.5852057359806528,219
replication-0042,classification,256,kgw,kgw-09,0.03901371573204352,219
replication-0042,classification,256,synthid,synthid-00,0.4931506849315068,219
replication-0042,classification,256,synthid,synthid-01,0.5235920852359208,219
replication-0042,classification,256,synthid,synthid-02,0.47843734145104005,219
replication-0042,classification,256,synthid,synthid-03,0.504312531709792,219
replication-0042,classification,256,synthid,synthid-04,0.4946727549467275,219
replication-0042,classification,256,synthid,synthid-05,0.5053272450532724,219
replication-0042,classification,256,synthid,synthid-06,0.49061390157280566,219
replication-0042,classification,256,synthid,synthid-07,0.495687468290208,219
replication-0042,classification,256,synthid,synthid-08,0.5063419583967529,219
replication-0042,classification,256,synthid,synthid-09,0.4931506849315068,219
replication-0042,classification,512,kgw,kgw-00,1.7556172079419585,219
replication-0042,classification,512,kgw,kgw-01,-0.42915087305247873,219
replication-0042,classification,512,kgw,kgw-02,0.6632331674447399,219
replication-0042,classification,512,kgw,kgw-03,0.5071783045165658,219
replication-0042,classification,512,kgw,kgw-04,-0.8973154618370011,219
replication-0042,classification,512,kgw,kgw-05,1.9116720708701327,219
replication-0042,classification,512,kgw,kgw-06,-1.0533703247651751,219
replication-0042,classification,512,kgw,kgw-07,-0.42915087305247873,219
replication-0042,classification,512,kgw,kgw-08,-0.5852057359806528,219
replication-0042,classification,512,kgw,kgw-09,0.03901371573204352,219
replication-0042,classification,512,synthid,synthid-00,0.4931506849315068,219
replication-0042,classification,512,synthid,synthid-01,0.5235920852359208,219
replication-0042,classification,512,synthid,synthid-02,0.47843734145104005,219
replication-0042,classification,512,synthid,synthid-03,0.504312531709792,219
replication-0042,classification,512,synthid,synthid-04,0.4946727549467275,219
replication-0042,classification,512,synthid,synthid-05,0.5053272450532724,219
replication-0042,classification,512,synthid,synthid-06,0.49061390157280566,219
replication-0042,classification,512,synthid,synthid-07,0.495687468290208,219
replication-0042,classification,512,synthid,synthid-08,0.5063419583967529,219
replication-0042,classification,512,synthid,synthid-09,0.4931506849315068,219
replication-0043,creative_writing,128,kgw,kgw-00,-0.051639777949432225,125
replication-0043,creative_writing,128,kgw,kgw-01,-1.7041126723312634,125
replication-0043,creative_writing,128,kgw,kgw-02,0.7745966692414834,125
replication-0043,creative_writing,128,kgw,kgw-03,-0.25819888974716115,125
replication-0043,creative_writing,128,kgw,kgw-04,-0.25819888974716115,125
replication-0043,creative_writing,128,kgw,kgw-05,1.1877148928369412,125
replication-0043,creative_writing,128,kgw,kgw-06,1.39427400463467,125
replication-0043,creative_writing,128,kgw,kgw-07,-1.4975535605335346,125
replication-0043,creative_writing,128,kgw,kgw-08,1.1877148928369412,125
replication-0043,creative_writing,128,kgw,kgw-09,-1.4975535605335346,125
replication-0043,creative_writing,128,synthid,synthid-00,0.4775985663082437,124
replication-0043,creative_writing,128,synthid,synthid-01,0.49910394265232977,124
replication-0043,creative_writing,128,synthid,synthid-02,0.492831541218638,124
replication-0043,creative_writing,128,synthid,synthid-03,0.5053763440860215,124
replication-0043,creative_writing,128,synthid,synthid-04,0.46236559139784944,124
replication-0043,creative_writing,128,synthid,synthid-05,0.4946236559139785,124
replication-0043,creative_writing,128,synthid,synthid-06,0.49731182795698925,124
replication-0043,creative_writing,128,synthid,synthid-07,0.49372759856630827,124
replication-0043,creative_writing,128,synthid,synthid-08,0.4883512544802867,124
replication-0043,creative_writing,128,synthid,synthid-09,0.5062724014336918,124
replication-0043,creative_writing,256,kgw,kgw-00,-1.3430149159851614,253
replication-0043,creative_writing,256,kgw,kgw-01,-0.7622517090726592,253
replication-0043,creative_writing,256,kgw,kgw-02,0.5444655064804709,253
replication-0043,creative_writing,256,kgw,kgw-03,-1.4882057177132868,253
replication-0043,creative_writing,256,kgw,kgw-04,0.3992747047523453,253
replication-0043,creative_writing,256,kgw,kgw-05,3.157899937586731,253
replication-0043,creative_writing,256,kgw,kgw-06,0.10889310129609417,253
replication-0043,creative_writing,256,kgw,kgw-07,0.3992747047523453,253
replication-0043,creative_writing,256,kgw,kgw-08,0.3992747047523453,253
replication-0043,creative_writing,256,kgw,kgw-09,-1.0526333125289102,253
replication-0043,creative_writing,256,synthid,synthid-00,0.49074074074074076,252
replication-0043,creative_writing,256,synthid,synthid-01,0.5048500881834215,252
replication-0043,creative_writing,256,synthid,synthid-02,0.48412698412698413,252
replication-0043,creative_writing,256,synthid,synthid-03,0.5149911816578483,252
replication-0043,creative_writing,256,synthid,synthid-04,0.4757495590828924,252
replication-0043,creative_writing,256,synthid,synthid-05,0.49250440917107585,252
replication-0043,creative_writing,256,synthid,synthid-06,0.4964726631393298,252
replication-0043,creative_writing,256,synthid,synthid-07,0.49382716049382713,252
replication-0043,creative_writing,256,synthid,synthid-08,0.5048500881834215,252
replication-0043,creative_writing,256,synthid,synthid-09,0.5066137566137566,252
replication-0043,creative_writing,512,kgw,kgw-00,-0.4638312648270658,502
replication-0043,creative_writing,512,kgw,kgw-01,-0.051536807203007316,502
replication-0043,creative_writing,512,kgw,kgw-02,1.2884201800751829,502
replication-0043,creative_writing,512,kgw,kgw-03,-1.1853465656691682,502
replication-0043,creative_writing,512,kgw,kgw-04,2.6283771673533733,502
replication-0043,creative_writing,512,kgw,kgw-05,3.5560396970075048,502
replication-0043,creative_writing,512,kgw,kgw-06,2.2160827097293145,502
replication-0043,creative_writing,512,kgw,kgw-07,-0.15461042160902194,502
replication-0043,creative_writing,512,kgw,kgw-08,-1.8037882521052562,502
replication-0043,creative_writing,512,kgw,kgw-09,-1.0822729512631537,502
replication-0043,creative_writing,512,synthid,synthid-00,0.49833666001330673,501
replication-0043,creative_writing,512,synthid,synthid-01,0.5065424706143269,501
replication-0043,creative_writing,512,synthid,synthid-02,0.49567531603459747,501
replication-0043,creative_writing,512,synthid,synthid-03,0.5029940119760479,501
replication-0043,creative_writing,512,synthid,synthid-04,0.49234863606121093,501
replication-0043,creative_writing,512,synthid,synthid-05,0.4930139720558882,501
replication-0043,creative_writing,512,synthid,synthid-06,0.49722776668884455,501
replication-0043,creative_writing,512,synthid,synthid-07,0.5014415613218008,501
replication-0043,creative_writing,512,synthid,synthid-08,0.4981148813484143,501
replication-0043,creative_writing,512,synthid,synthid-09,0.5080949212685739,501
replication-0044,closed_qa,128,kgw,kgw-00,0.787295821622217,121
replication-0044,closed_qa,128,kgw,kgw-01,-0.6823230454059214,121
replication-0044,closed_qa,128,kgw,kgw-02,-0.0524863881081478,121
replication-0044,closed_qa,128,kgw,kgw-03,2.046969136217764,121
replication-0044,closed_qa,128,kgw,kgw-04,1.837023583785173,121
replication-0044,closed_qa,128,kgw,kgw-05,1.6270780313525817,121
replication-0044,closed_qa,128,kgw,kgw-06,0.787295821622217,121
replication-0044,closed_qa,128,kgw,kgw-07,1.6270780313525817,121
replication-0044,closed_qa,128,kgw,kgw-08,-0.262431940540739,121
replication-0044,closed_qa,128,kgw,kgw-09,-3.411615227029607,121
replication-0044,closed_qa,128,synthid,synthid-00,0.49444444444444446,120
replication-0044,closed_qa,128,synthid,synthid-01,0.49722222222222223,120
replication-0044,closed_qa,128,synthid,synthid-02,0.5101851851851852,120
replication-0044,closed_qa,128,synthid,synthid-03,0.4935185185185185,120
replication-0044,closed_qa,128,synthid,synthid-04,0.5120370370370371,120
replication-0044,closed_qa,128,synthid,synthid-05,0.5120370370370371,120
replication-0044,closed_qa,128,synthid,synthid-06,0.4935185185185185,120
replication-0044,closed_qa,128,synthid,synthid-07,0.5046296296296297,120
replication-0044,closed_qa,128,synthid,synthid-08,0.5018518518518519,120
replication-0044,closed_qa,128,synthid,synthid-09,0.4935185185185185,120
replication-0044,closed_qa,256,kgw,kgw-00,0.10976425998969035,249
replication-0044,closed_qa,256,kgw,kgw-01,0.4024689532955313,249
replication-0044,closed_qa,256,kgw,kgw-02,0.10976425998969035,249
replication-0044,closed_qa,256,kgw,kgw-03,0.6951736466013722,249
replication-0044,closed_qa,256,kgw,kgw-04,2.451401806436418,249
replication-0044,closed_qa,256,kgw,kgw-05,1.1342306865601335,249
replication-0044,closed_qa,256,kgw,kgw-06,-0.036588086663230115,249
replication-0044,closed_qa,256,kgw,kgw-07,0.5488212999484517,249
replication-0044,closed_qa,256,kgw,kgw-08,0.4024689532955313,249
replication-0044,closed_qa,256,kgw,kgw-09,-2.524577979762878,249
replication-0044,closed_qa,256,synthid,synthid-00,0.4883512544802867,248
replication-0044,closed_qa,256,synthid,synthid-01,0.49507168458781364,248
replication-0044,closed_qa,256,synthid,synthid-02,0.4986559139784946,248
replication-0044,closed_qa,256,synthid,synthid-03,0.5013440860215054,248
replication-0044,closed_qa,256,synthid,synthid-04,0.5188172043010753,248
replication-0044,closed_qa,256,synthid,synthid-05,0.49910394265232977,248
replication-0044,closed_qa,256,synthid,synthid-06,0.5125448028673835,248
replication-0044,closed_qa,256,synthid,synthid-07,0.503584229390681,248
replication-0044,closed_qa,256,synthid,synthid-08,0.489247311827957,248
replication-0044,closed_qa,256,synthid,synthid-09,0.4946236559139785,248
replication-0044,closed_qa,512,kgw,kgw-00,-0.5395267453156434,505
replication-0044,closed_qa,512,kgw,kgw-01,-0.43675974620790176,505
replication-0044,closed_qa,512,kgw,kgw-02,0.5909102448695142,505
replication-0044,closed_qa,512,kgw,kgw-03,0.7964442430849974,505
replication-0044,closed_qa,512,kgw,kgw-04,2.7490172261320875,505
replication-0044,closed_qa,512,kgw,kgw-05,2.2351822305933795,505
replication-0044,closed_qa,512,kgw,kgw-06,0.385376246654031,505
replication-0044,closed_qa,512,kgw,kgw-07,1.3102792386237054,505
replication-0044,closed_qa,512,kgw,kgw-08,-0.23122574799241857,505
replication-0044,closed_qa,512,kgw,kgw-09,-3.108701723009183,505
replication-0044,closed_qa,512,synthid,synthid-00,0.49559082892416223,504
replication-0044,closed_qa,512,synthid,synthid-01,0.49537037037037035,504
replication-0044,closed_qa,512,synthid,synthid-02,0.5068342151675485,504
replication-0044,closed_qa,512,synthid,synthid-03,0.5026455026455027,504
replication-0044,closed_qa,512,synthid,synthid-04,0.5132275132275133,504
replication-0044,closed_qa,512,synthid,synthid-05,0.5028659611992945,504
replication-0044,closed_qa,512,synthid,synthid-06,0.5130070546737213,504
replication-0044,closed_qa,512,synthid,synthid-07,0.4991181657848324,504
replication-0044,closed_qa,512,synthid,synthid-08,0.48897707231040566,504
replication-0044,closed_qa,512,synthid,synthid-09,0.5072751322751323,504
replication-0045,creative_writing,128,kgw,kgw-00,1.39427400463467,125
replication-0045,creative_writing,128,kgw,kgw-01,0.7745966692414834,125
replication-0045,creative_writing,128,kgw,kgw-02,1.1877148928369412,125
replication-0045,creative_writing,128,kgw,kgw-03,2.8401877872187726,125
replication-0045,creative_writing,128,kgw,kgw-04,2.4270695636233146,125
replication-0045,creative_writing,128,kgw,kgw-05,0.5680375574437545,125
replication-0045,creative_writing,128,kgw,kgw-06,2.6336286754210434,125
replication-0045,creative_writing,128,kgw,kgw-07,-0.6713171133426189,125
replication-0045,creative_writing,128,kgw,kgw-08,-0.25819888974716115,125
replication-0045,creative_writing,128,kgw,kgw-09,-0.46475800154489005,125
replication-0045,creative_writing,128,synthid,synthid-00,0.4910394265232975,124
replication-0045,creative_writing,128,synthid,synthid-01,0.5089605734767025,124
replication-0045,creative_writing,128,synthid,synthid-02,0.5080645161290323,124
replication-0045,creative_writing,128,synthid,synthid-03,0.49731182795698925,124
replication-0045,creative_writing,128,synthid,synthid-04,0.49910394265232977,124
replication-0045,creative_writing,128,synthid,synthid-05,0.507168458781362,124
replication-0045,creative_writing,128,synthid,synthid-06,0.5125448028673835,124
replication-0045,creative_writing,128,synthid,synthid-07,0.4767025089605735,124
replication-0045,creative_writing,128,synthid,synthid-08,0.46953405017921146,124
replication-0045,creative_writing,128,synthid,synthid-09,0.496415770609319,124
replication-0045,creative_writing,256,kgw,kgw-00,1.125228713392973,253
replication-0045,creative_writing,256,kgw,kgw-01,-0.18148850216015694,253
replication-0045,creative_writing,256,kgw,kgw-02,0.6896563082085964,253
replication-0045,creative_writing,256,kgw,kgw-03,2.431945928946103,253
replication-0045,creative_writing,256,kgw,kgw-04,2.1415643254898518,253
replication-0045,creative_writing,256,kgw,kgw-05,1.2704195151210986,253
replication-0045,creative_writing,256,kgw,kgw-06,3.5934723427711073,253
replication-0045,creative_writing,256,kgw,kgw-07,0.834847109936722,253
replication-0045,creative_writing,256,kgw,kgw-08,1.4156103168492242,253
replication-0045,creative_writing,256,kgw,kgw-09,-0.3266793038882825,253
replication-0045,creative_writing,256,synthid,synthid-00,0.5048500881834215,252
replication-0045,creative_writing,256,synthid,synthid-01,0.5092592592592593,252
replication-0045,creative_writing,256,synthid,synthid-02,0.4911816578483245,252
replication-0045,creative_writing,256,synthid,synthid-03,0.4933862433862434,252
replication-0045,creative_writing,256,synthid,synthid-04,0.503968253968254,252
replication-0045,creative_writing,256,synthid,synthid-05,0.5048500881834215,252
replication-0045,creative_writing,256,synthid,synthid-06,0.5101410934744268,252
replication-0045,creative_writing,256,synthid,synthid-07,0.486331569664903,252
replication-0045,creative_writing,256,synthid,synthid-08,0.4748677248677249,252
replication-0045,creative_writing,256,synthid,synthid-09,0.5057319223985891,252
replication-0045,creative_writing,512,kgw,kgw-00,1.0512820512820513,507
replication-0045,creative_writing,512,kgw,kgw-01,-0.5897435897435898,507
replication-0045,creative_writing,512,kgw,kgw-02,-0.38461538461538464,507
replication-0045,creative_writing,512,kgw,kgw-03,1.7692307692307692,507
replication-0045,creative_writing,512,kgw,kgw-04,2.4871794871794872,507
replication-0045,creative_writing,512,kgw,kgw-05,3.41025641025641,507
replication-0045,creative_writing,512,kgw,kgw-06,3.5128205128205128,507
replication-0045,creative_writing,512,kgw,kgw-07,0.8461538461538461,507
replication-0045,creative_writing,512,kgw,kgw-08,0.8461538461538461,507
replication-0045,creative_writing,512,kgw,kgw-09,0.3333333333333333,507
replication-0045,creative_writing,512,synthid,synthid-00,0.5072463768115942,506
replication-0045,creative_writing,512,synthid,synthid-01,0.5074659639877032,506
replication-0045,creative_writing,512,synthid,synthid-02,0.4868247694334651,506
replication-0045,creative_writing,512,synthid,synthid-03,0.4975845410628019,506
replication-0045,creative_writing,512,synthid,synthid-04,0.5061484409310496,506
replication-0045,creative_writing,512,synthid,synthid-05,0.505270092226614,506
replication-0045,creative_writing,512,synthid,synthid-06,0.5111989459815547,506
replication-0045,creative_writing,512,synthid,synthid-07,0.48616600790513836,506
replication-0045,creative_writing,512,synthid,synthid-08,0.4857268335529205,506
replication-0045,creative_writing,512,synthid,synthid-09,0.5015371102327624,506
replication-0046,general_qa,128,kgw,kgw-00,-0.46475800154489005,125
replication-0046,general_qa,128,kgw,kgw-01,-2.32379000772445,125
replication-0046,general_qa,128,kgw,kgw-02,-0.8778762251403478,125
replication-0046,general_qa,128,kgw,kgw-03,0.15491933384829668,125
replication-0046,general_qa,128,kgw,kgw-04,0.9811557810392123,125
replication-0046,general_qa,128,kgw,kgw-05,2.8401877872187726,125
replication-0046,general_qa,128,kgw,kgw-06,1.8073922282301278,125
replication-0046,general_qa,128,kgw,kgw-07,-2.1172308959267214,125
replication-0046,general_qa,128,kgw,kgw-08,-2.32379000772445,125
replication-0046,general_qa,128,kgw,kgw-09,-1.0844353369380768,125
replication-0046,general_qa,128,synthid,synthid-00,0.5206093189964157,124
replication-0046,general_qa,128,synthid,synthid-01,0.48655913978494625,124
replication-0046,general_qa,128,synthid,synthid-02,0.49731182795698925,124
replication-0046,general_qa,128,synthid,synthid-03,0.48028673835125446,124
replication-0046,general_qa,128,synthid,synthid-04,0.482078853046595,124
replication-0046,general_qa,128,synthid,synthid-05,0.4883512544802867,124
replication-0046,general_qa,128,synthid,synthid-06,0.5241935483870968,124
replication-0046,general_qa,128,synthid,synthid-07,0.5044802867383512,124
replication-0046,general_qa,128,synthid,synthid-08,0.4946236559139785,124
replication-0046,general_qa,128,synthid,synthid-09,0.47401433691756273,124
replication-0046,general_qa,256,kgw,kgw-00,-0.4399413450640599,248
replication-0046,general_qa,256,kgw,kgw-01,-2.1997067253202993,248
replication-0046,general_qa,256,kgw,kgw-02,-0.5865884600854132,248
replication-0046,general_qa,256,kgw,kgw-03,0.7332355751067665,248
replication-0046,general_qa,256,kgw,kgw-04,3.079589415448419,248
replication-0046,general_qa,256,kgw,kgw-05,3.3728836454911257,248
replication-0046,general_qa,256,kgw,kgw-06,1.6131182652348863,248
replication-0046,general_qa,256,kgw,kgw-07,-1.7597653802562396,248
replication-0046,general_qa,256,kgw,kgw-08,-2.346353840341653,248
replication-0046,general_qa,256,kgw,kgw-09,-2.1997067253202993,248
replication-0046,general_qa,256,synthid,synthid-00,0.51102114260009,247
replication-0046,general_qa,256,synthid,synthid-01,0.48268106162843005,247
replication-0046,general_qa,256,synthid,synthid-02,0.51102114260009,247
replication-0046,general_qa,256,synthid,synthid-03,0.49527665317139,247
replication-0046,general_qa,256,synthid,synthid-04,0.49302744039586144,247
replication-0046,general_qa,256,synthid,synthid-05,0.49977507872244714,247
replication-0046,general_qa,256,synthid,synthid-06,0.5141700404858299,247
replication-0046,general_qa,256,synthid,synthid-07,0.49977507872244714,247
replication-0046,general_qa,256,synthid,synthid-08,0.4885290148448043,247
replication-0046,general_qa,256,synthid,synthid-09,0.48268106162843005,247
replication-0046,general_qa,512,kgw,kgw-00,0.5449492609130662,495
replication-0046,general_qa,512,kgw,kgw-01,-1.6348477827391983,495
replication-0046,general_qa,512,kgw,kgw-02,0.1297498240269205,495
replication-0046,general_qa,512,kgw,kgw-03,0.6487491201346025,495
replication-0046,general_qa,512,kgw,kgw-04,3.555145178337622,495
replication-0046,general_qa,512,kgw,kgw-05,4.281744192888377,495
replication-0046,general_qa,512,kgw,kgw-06,1.3753481346853573,495
replication-0046,general_qa,512,kgw,kgw-07,-0.7006490497453707,495
replication-0046,general_qa,512,kgw,kgw-08,-1.9462473604038075,495
replication-0046,general_qa,512,kgw,kgw-09,-2.050047219625344,495
replication-0046,general_qa,512,synthid,synthid-00,0.5,494
replication-0046,general_qa,512,synthid,synthid-01,0.48830409356725146,494
replication-0046,general_qa,512,synthid,synthid-02,0.5020242914979757,494
replication-0046,general_qa,512,synthid,synthid-03,0.4977507872244714,494
replication-0046,general_qa,512,synthid,synthid-04,0.5002249212775528,494
replication-0046,general_qa,512,synthid,synthid-05,0.5020242914979757,494
replication-0046,general_qa,512,synthid,synthid-06,0.5076473234367971,494
replication-0046,general_qa,512,synthid,synthid-07,0.5004498425551057,494
replication-0046,general_qa,512,synthid,synthid-08,0.4948268106162843,494
replication-0046,general_qa,512,synthid,synthid-09,0.48785425101214575,494
replication-0047,information_extraction,128,kgw,kgw-00,-0.6713171133426189,125
replication-0047,information_extraction,128,kgw,kgw-01,-2.1172308959267214,125
replication-0047,information_extraction,128,kgw,kgw-02,-0.46475800154489005,125
replication-0047,information_extraction,128,kgw,kgw-03,0.3614784456460256,125
replication-0047,information_extraction,128,kgw,kgw-04,1.600833116432399,125
replication-0047,information_extraction,128,kgw,kgw-05,0.9811557810392123,125
replication-0047,information_extraction,128,kgw,kgw-06,1.39427400463467,125
replication-0047,information_extraction,128,kgw,kgw-07,-1.0844353369380768,125
replication-0047,information_extraction,128,kgw,kgw-08,-0.6713171133426189,125
replication-0047,information_extraction,128,kgw,kgw-09,-1.2909944487358056,125
replication-0047,information_extraction,128,synthid,synthid-00,0.4910394265232975,124
replication-0047,information_extraction,128,synthid,synthid-01,0.507168458781362,124
replication-0047,information_extraction,128,synthid,synthid-02,0.48655913978494625,124
replication-0047,information_extraction,128,synthid,synthid-03,0.49193548387096775,124
replication-0047,information_extraction,128,synthid,synthid-04,0.44265232974910396,124
replication-0047,information_extraction,128,synthid,synthid-05,0.48118279569892475,124
replication-0047,information_extraction,128,synthid,synthid-06,0.49372759856630827,124
replication-0047,information_extraction,128,synthid,synthid-07,0.5062724014336918,124
replication-0047,information_extraction,128,synthid,synthid-08,0.49372759856630827,124
replication-0047,information_extraction,128,synthid,synthid-09,0.4883512544802867,124
replication-0047,information_extraction,256,kgw,kgw-00,0.10976425998969035,249
replication-0047,information_extraction,256,kgw,kgw-01,-1.6464638998453551,249
replication-0047,information_extraction,256,kgw,kgw-02,0.2561166066426108,249
replication-0047,information_extraction,256,kgw,kgw-03,0.6951736466013722,249
replication-0047,information_extraction,256,kgw,kgw-04,1.865992419824736,249
replication-0047,information_extraction,256,kgw,kgw-05,3.0368111930480994,249
replication-0047,information_extraction,256,kgw,kgw-06,0.9878783399072131,249
replication-0047,information_extraction,256,kgw,kgw-07,-1.6464638998453551,249
replication-0047,information_extraction,256,kgw,kgw-08,-0.9147021665807529,249
replication-0047,information_extraction,256,kgw,kgw-09,-1.6464638998453551,249
replication-0047,information_extraction,256,synthid,synthid-00,0.5013440860215054,248
replication-0047,information_extraction,256,synthid,synthid-01,0.4923835125448029,248
replication-0047,information_extraction,256,synthid,synthid-02,0.5040322580645161,248
replication-0047,information_extraction,256,synthid,synthid-03,0.5,248
replication-0047,information_extraction,256,synthid,synthid-04,0.47087813620071683,248
replication-0047,information_extraction,256,synthid,synthid-05,0.48969534050179214,248
replication-0047,information_extraction,256,synthid,synthid-06,0.5008960573476703,248
replication-0047,information_extraction,256,synthid,synthid-07,0.503584229390681,248
replication-0047,information_extraction,256,synthid,synthid-08,0.492831541218638,248
replication-0047,information_extraction,256,synthid,synthid-09,0.49014336917562723,248
replication-0047,information_extraction,512,kgw,kgw-00,2.631174057921087,390
replication-0047,information_extraction,512,kgw,kgw-01,-2.51423298868015,390
replication-0047,information_extraction,512,kgw,kgw-02,-0.7601169500660919,390
replication-0047,information_extraction,512,kgw,kgw-03,0.29235267310234303,390
replication-0047,information_extraction,512,kgw,kgw-04,4.736113304257957,390
replication-0047,information_extraction,512,kgw,kgw-05,4.853054373498894,390
replication-0047,information_extraction,512,kgw,kgw-06,1.5787044347526524,390
replication-0047,information_extraction,512,kgw,kgw-07,-2.397291919439213,390
replication-0047,information_extraction,512,kgw,kgw-08,-1.1109401577889035,390
replication-0047,information_extraction,512,kgw,kgw-09,-3.566702611848585,390
replication-0047,information_extraction,512,synthid,synthid-00,0.5068376068376068,390
replication-0047,information_extraction,512,synthid,synthid-01,0.4962962962962963,390
replication-0047,information_extraction,512,synthid,synthid-02,0.49943019943019945,390
replication-0047,information_extraction,512,synthid,synthid-03,0.4985754985754986,390
replication-0047,information_extraction,512,synthid,synthid-04,0.488034188034188,390
replication-0047,information_extraction,512,synthid,synthid-05,0.503988603988604,390
replication-0047,information_extraction,512,synthid,synthid-06,0.5022792022792023,390
replication-0047,information_extraction,512,synthid,synthid-07,0.4962962962962963,390
replication-0047,information_extraction,512,synthid,synthid-08,0.49401709401709404,390
replication-0047,information_extraction,512,synthid,synthid-09,0.48376068376068376,390
replication-0048,information_extraction,128,kgw,kgw-00,-0.1643989873053573,111
replication-0048,information_extraction,128,kgw,kgw-01,-0.8219949365267865,111
replication-0048,information_extraction,128,kgw,kgw-02,-0.38359763704583366,111
replication-0048,information_extraction,128,kgw,kgw-03,1.589190210618454,111
replication-0048,information_extraction,128,kgw,kgw-04,0.4931969619160719,111
replication-0048,information_extraction,128,kgw,kgw-05,3.342779408542265,111
replication-0048,information_extraction,128,kgw,kgw-06,-0.60279628678631,111
replication-0048,information_extraction,128,kgw,kgw-07,0.4931969619160719,111
replication-0048,information_extraction,128,kgw,kgw-08,-0.60279628678631,111
replication-0048,information_extraction,128,kgw,kgw-09,0.0547996624351191,111
replication-0048,information_extraction,128,synthid,synthid-00,0.5525252525252525,110
replication-0048,information_extraction,128,synthid,synthid-01,0.503030303030303,110
replication-0048,information_extraction,128,synthid,synthid-02,0.494949494949495,110
replication-0048,information_extraction,128,synthid,synthid-03,0.501010101010101,110
replication-0048,information_extraction,128,synthid,synthid-04,0.4636363636363636,110
replication-0048,information_extraction,128,synthid,synthid-05,0.4808080808080808,110
replication-0048,information_extraction,128,synthid,synthid-06,0.48787878787878786,110
replication-0048,information_extraction,128,synthid,synthid-07,0.4818181818181818,110
replication-0048,information_extraction,128,synthid,synthid-08,0.5171717171717172,110
replication-0048,information_extraction,128,synthid,synthid-09,0.502020202020202,110
replication-0048,information_extraction,256,kgw,kgw-00,1.264562747644923,227
replication-0048,information_extraction,256,kgw,kgw-01,0.19160041630983685,227
replication-0048,information_extraction,256,kgw,kgw-02,0.9580020815491842,227
replication-0048,information_extraction,256,kgw,kgw-03,1.264562747644923,227
replication-0048,information_extraction,256,kgw,kgw-04,0.3448807493577063,227
replication-0048,information_extraction,256,kgw,kgw-05,1.7244037467885316,227
replication-0048,information_extraction,256,kgw,kgw-06,0.4981610824055758,227
replication-0048,information_extraction,256,kgw,kgw-07,1.571123413740662,227
replication-0048,information_extraction,256,kgw,kgw-08,1.1112824145970537,227
replication-0048,information_extraction,256,kgw,kgw-09,-1.341202914168858,227
replication-0048,information_extraction,256,synthid,synthid-00,0.5226155358898722,226
replication-0048,information_extraction,256,synthid,synthid-01,0.5019665683382497,226
replication-0048,information_extraction,256,synthid,synthid-02,0.4995083579154376,226
replication-0048,information_extraction,256,synthid,synthid-03,0.49901671583087515,226
replication-0048,information_extraction,256,synthid,synthid-04,0.4882005899705015,226
replication-0048,information_extraction,256,synthid,synthid-05,0.4749262536873156,226
replication-0048,information_extraction,256,synthid,synthid-06,0.49852507374631266,226
replication-0048,information_extraction,256,synthid,synthid-07,0.4941002949852507,226
replication-0048,information_extraction,256,synthid,synthid-08,0.5068829891838741,226
replication-0048,information_extraction,256,synthid,synthid-09,0.5039331366764995,226
replication-0048,information_extraction,512,kgw,kgw-00,1.4762696898972818,446
replication-0048,information_extraction,512,kgw,kgw-01,-0.6014432069951889,446
replication-0048,information_extraction,512,kgw,kgw-02,1.2575630691717588,446
replication-0048,information_extraction,512,kgw,kgw-03,1.694976310622805,446
replication-0048,information_extraction,512,kgw,kgw-04,2.1323895520738514,446
replication-0048,information_extraction,512,kgw,kgw-05,1.2575630691717588,446
replication-0048,information_extraction,512,kgw,kgw-06,1.9136829313483283,446
replication-0048,information_extraction,512,kgw,kgw-07,2.02303624171109,446
replication-0048,information_extraction,512,kgw,kgw-08,1.0388564484462355,446
replication-0048,information_extraction,512,kgw,kgw-09,-1.9136829313483283,446
replication-0048,information_extraction,512,synthid,synthid-00,0.5098626716604244,445
replication-0048,information_extraction,512,synthid,synthid-01,0.5021223470661673,445
replication-0048,information_extraction,512,synthid,synthid-02,0.5058676654182273,445
replication-0048,information_extraction,512,synthid,synthid-03,0.503370786516854,445
replication-0048,information_extraction,512,synthid,synthid-04,0.4968789013732834,445
replication-0048,information_extraction,512,synthid,synthid-05,0.4771535580524345,445
replication-0048,information_extraction,512,synthid,synthid-06,0.500374531835206,445
replication-0048,information_extraction,512,synthid,synthid-07,0.5046192259675406,445
replication-0048,information_extraction,512,synthid,synthid-08,0.5058676654182273,445
replication-0048,information_extraction,512,synthid,synthid-09,0.5001248439450686,445
replication-0049,classification,128,kgw,kgw-00,1.7772084698636768,122
replication-0049,classification,128,kgw,kgw-01,-1.7772084698636768,122
replication-0049,classification,128,kgw,kgw-02,-0.5227083734893166,122
replication-0049,classification,128,kgw,kgw-03,1.56812512046795,122
replication-0049,classification,128,kgw,kgw-04,2.82262521684231,122
replication-0049,classification,128,kgw,kgw-05,1.7772084698636768,122
replication-0049,classification,128,kgw,kgw-06,0.5227083734893166,122
replication-0049,classification,128,kgw,kgw-07,0.7317917228850433,122
replication-0049,classification,128,kgw,kgw-08,-0.5227083734893166,122
replication-0049,classification,128,kgw,kgw-09,-0.5227083734893166,122
replication-0049,classification,128,synthid,synthid-00,0.49403122130394855,121
replication-0049,classification,128,synthid,synthid-01,0.5151515151515151,121
replication-0049,classification,128,synthid,synthid-02,0.5041322314049587,121
replication-0049,classification,128,synthid,synthid-03,0.4820936639118457,121
replication-0049,classification,128,synthid,synthid-04,0.49403122130394855,121
replication-0049,classification,128,synthid,synthid-05,0.4857667584940312,121
replication-0049,classification,128,synthid,synthid-06,0.5059687786960514,121
replication-0049,classification,128,synthid,synthid-07,0.4903581267217631,121
replication-0049,classification,128,synthid,synthid-08,0.5298438934802571,121
replication-0049,classification,128,synthid,synthid-09,0.480257116620753,121
replication-0049,classification,256,kgw,kgw-00,0.5865884600854132,248
replication-0049,classification,256,kgw,kgw-01,-1.6131182652348863,248
replication-0049,classification,256,kgw,kgw-02,-0.8798826901281198,248
replication-0049,classification,256,kgw,kgw-03,1.7597653802562396,248
replication-0049,classification,256,kgw,kgw-04,2.346353840341653,248
replication-0049,classification,256,kgw,kgw-05,2.6396480703843594,248
replication-0049,classification,256,kgw,kgw-06,-0.4399413450640599,248
replication-0049,classification,256,kgw,kgw-07,-0.8798826901281198,248
replication-0049,classification,256,kgw,kgw-08,-0.5865884600854132,248
replication-0049,classification,256,kgw,kgw-09,-1.3198240351921797,248
replication-0049,classification,256,synthid,synthid-00,0.4939271255060729,247
replication-0049,classification,256,synthid,synthid-01,0.5011246063877642,247
replication-0049,classification,256,synthid,synthid-02,0.5056230319388214,247
replication-0049,classification,256,synthid,synthid-03,0.4853801169590643,247
replication-0049,classification,256,synthid,synthid-04,0.5155195681511471,247
replication-0049,classification,256,synthid,synthid-05,0.49122807017543857,247
replication-0049,classification,256,synthid,synthid-06,0.50472334682861,247
replication-0049,classification,256,synthid,synthid-07,0.5020242914979757,247
replication-0049,classification,256,synthid,synthid-08,0.5150697255960414,247
replication-0049,classification,256,synthid,synthid-09,0.49302744039586144,247
replication-0049,classification,512,kgw,kgw-00,0.21510477935205072,353
replication-0049,classification,512,kgw,kgw-01,-1.0140653883739534,353
replication-0049,classification,512,kgw,kgw-02,-0.5223973212835518,353
replication-0049,classification,512,kgw,kgw-03,0.4609388128972516,353
replication-0049,classification,512,kgw,kgw-04,2.3046940644862577,353
replication-0049,classification,512,kgw,kgw-05,1.5671919638506553,353
replication-0049,classification,512,kgw,kgw-06,-0.2765632877383509,353
replication-0049,classification,512,kgw,kgw-07,-0.6453143380561522,353
replication-0049,classification,512,kgw,kgw-08,-0.030729254193150105,353
replication-0049,classification,512,kgw,kgw-09,-1.0140653883739534,353
replication-0049,classification,512,synthid,synthid-00,0.4910292728989613,353
replication-0049,classification,512,synthid,synthid-01,0.4976392823418319,353
replication-0049,classification,512,synthid,synthid-02,0.5070821529745042,353
replication-0049,classification,512,synthid,synthid-03,0.4973245199874095,353
replication-0049,classification,512,synthid,synthid-04,0.5086559647466163,353
replication-0049,classification,512,synthid,synthid-05,0.48158640226628896,353
replication-0049,classification,512,synthid,synthid-06,0.5064526282656594,353
replication-0049,classification,512,synthid,synthid-07,0.4941768964431854,353
replication-0049,classification,512,synthid,synthid-08,0.5067673906200818,353
replication-0049,classification,512,synthid,synthid-09,0.49606547056971984,353
replication-0050,brainstorming,128,kgw,kgw-00,2.8401877872187726,125
replication-0050,brainstorming,128,kgw,kgw-01,-0.051639777949432225,125
replication-0050,brainstorming,128,kgw,kgw-02,-1.7041126723312634,125
replication-0050,brainstorming,128,kgw,kgw-03,0.3614784456460256,125
replication-0050,brainstorming,128,kgw,kgw-04,1.1877148928369412,125
replication-0050,brainstorming,128,kgw,kgw-05,1.1877148928369412,125
replication-0050,brainstorming,128,kgw,kgw-06,-0.051639777949432225,125
replication-0050,brainstorming,128,kgw,kgw-07,-1.9106717841289924,125
replication-0050,brainstorming,128,kgw,kgw-08,-1.9106717841289924,125
replication-0050,brainstorming,128,kgw,kgw-09,-0.8778762251403478,125
replication-0050,brainstorming,128,synthid,synthid-00,0.5008960573476703,124
replication-0050,brainstorming,128,synthid,synthid-01,0.5053763440860215,124
replication-0050,brainstorming,128,synthid,synthid-02,0.5008960573476703,124
replication-0050,brainstorming,128,synthid,synthid-03,0.4668458781362007,124
replication-0050,brainstorming,128,synthid,synthid-04,0.5197132616487455,124
replication-0050,brainstorming,128,synthid,synthid-05,0.503584229390681,124
replication-0050,brainstorming,128,synthid,synthid-06,0.5152329749103942,124
replication-0050,brainstorming,128,synthid,synthid-07,0.5,124
replication-0050,brainstorming,128,synthid,synthid-08,0.49193548387096775,124
replication-0050,brainstorming,128,synthid,synthid-09,0.49551971326164873,124
replication-0050,brainstorming,256,kgw,kgw-00,2.1350095041137,246
replication-0050,brainstorming,256,kgw,kgw-01,-1.6932833998143137,246
replication-0050,brainstorming,256,kgw,kgw-02,-1.8405254345807758,246
replication-0050,brainstorming,256,kgw,kgw-03,0.3681050869161552,246
replication-0050,brainstorming,256,kgw,kgw-04,1.3987993302813897,246
replication-0050,brainstorming,256,kgw,kgw-05,2.4294935736466243,246
replication-0050,brainstorming,256,kgw,kgw-06,1.9877674693472378,246
replication-0050,brainstorming,256,kgw,kgw-07,-1.3987993302813897,246
replication-0050,brainstorming,256,kgw,kgw-08,-2.282251538880162,246
replication-0050,brainstorming,256,kgw,kgw-09,-0.8098311912155414,246
replication-0050,brainstorming,256,synthid,synthid-00,0.4965986394557823,245
replication-0050,brainstorming,256,synthid,synthid-01,0.508843537414966,245
replication-0050,brainstorming,256,synthid,synthid-02,0.49569160997732425,245
replication-0050,brainstorming,256,synthid,synthid-03,0.4748299319727891,245
replication-0050,brainstorming,256,synthid,synthid-04,0.5011337868480725,245
replication-0050,brainstorming,256,synthid,synthid-05,0.5006802721088436,245
replication-0050,brainstorming,256,synthid,synthid-06,0.5106575963718821,245
replication-0050,brainstorming,256,synthid,synthid-07,0.5065759637188209,245
replication-0050,brainstorming,256,synthid,synthid-08,0.48435374149659866,245
replication-0050,brainstorming,256,synthid,synthid-09,0.49569160997732425,245
replication-0050,brainstorming,512,kgw,kgw-00,2.11914127740305,487
replication-0050,brainstorming,512,kgw,kgw-01,-1.2296251856536216,487
replication-0050,brainstorming,512,kgw,kgw-02,-2.1714657533883104,487
replication-0050,brainstorming,512,kgw,kgw-03,-0.39243356988945366,487
replication-0050,brainstorming,512,kgw,kgw-04,1.07265175769784,487
replication-0050,brainstorming,512,kgw,kgw-05,2.3284391813440917,487
replication-0050,brainstorming,512,kgw,kgw-06,2.0144923254325287,487
replication-0050,brainstorming,512,kgw,kgw-07,-1.2296251856536216,487
replication-0050,brainstorming,512,kgw,kgw-08,-3.322604225064041,487
replication-0050,brainstorming,512,kgw,kgw-09,-1.1249762336831004,487
replication-0050,brainstorming,512,synthid,synthid-00,0.5100594421582076,486
replication-0050,brainstorming,512,synthid,synthid-01,0.5029721079103795,486
replication-0050,brainstorming,512,synthid,synthid-02,0.5,486
replication-0050,brainstorming,512,synthid,synthid-03,0.48582533150434387,486
replication-0050,brainstorming,512,synthid,synthid-04,0.5050297210791038,486
replication-0050,brainstorming,512,synthid,synthid-05,0.49817101051668955,486
replication-0050,brainstorming,512,synthid,synthid-06,0.501143118427069,486
replication-0050,brainstorming,512,synthid,synthid-07,0.4974851394604481,486
replication-0050,brainstorming,512,synthid,synthid-08,0.4869684499314129,486
replication-0050,brainstorming,512,synthid,synthid-09,0.49405578417924095,486
replication-0051,classification,128,kgw,kgw-00,1.39427400463467,125
replication-0051,classification,128,kgw,kgw-01,-0.25819888974716115,125
replication-0051,classification,128,kgw,kgw-02,-0.8778762251403478,125
replication-0051,classification,128,kgw,kgw-03,-0.46475800154489005,125
replication-0051,classification,128,kgw,kgw-04,-0.6713171133426189,125
replication-0051,classification,128,kgw,kgw-05,1.600833116432399,125
replication-0051,classification,128,kgw,kgw-06,-0.051639777949432225,125
replication-0051,classification,128,kgw,kgw-07,-0.051639777949432225,125
replication-0051,classification,128,kgw,kgw-08,0.7745966692414834,125
replication-0051,classification,128,kgw,kgw-09,-1.2909944487358056,125
replication-0051,classification,128,synthid,synthid-00,0.510752688172043,124
replication-0051,classification,128,synthid,synthid-01,0.5116487455197133,124
replication-0051,classification,128,synthid,synthid-02,0.48028673835125446,124
replication-0051,classification,128,synthid,synthid-03,0.49372759856630827,124
replication-0051,classification,128,synthid,synthid-04,0.5304659498207885,124
replication-0051,classification,128,synthid,synthid-05,0.49372759856630827,124
replication-0051,classification,128,synthid,synthid-06,0.503584229390681,124
replication-0051,classification,128,synthid,synthid-07,0.5017921146953405,124
replication-0051,classification,128,synthid,synthid-08,0.5017921146953405,124
replication-0051,classification,128,synthid,synthid-09,0.5331541218637993,124
replication-0051,classification,256,kgw,kgw-00,0.8728715609439694,252
replication-0051,classification,256,kgw,kgw-01,-0.4364357804719847,252
replication-0051,classification,256,kgw,kgw-02,-1.3093073414159542,252
replication-0051,classification,256,kgw,kgw-03,-1.454785934906616,252
replication-0051,classification,256,kgw,kgw-04,-0.4364357804719847,252
replication-0051,classification,256,kgw,kgw-05,1.0183501544346312,252
replication-0051,classification,256,kgw,kgw-06,0.14547859349066158,252
replication-0051,classification,256,kgw,kgw-07,0.4364357804719847,252
replication-0051,classification,256,kgw,kgw-08,0.29095718698132317,252
replication-0051,classification,256,kgw,kgw-09,-1.1638287479252927,252
replication-0051,classification,256,synthid,synthid-00,0.5024347056219566,251
replication-0051,classification,256,synthid,synthid-01,0.5117308543603364,251
replication-0051,classification,256,synthid,synthid-02,0.4904825143868969,251
replication-0051,classification,256,synthid,synthid-03,0.5059760956175299,251
replication-0051,classification,256,synthid,synthid-04,0.5166002656042497,251
replication-0051,classification,256,synthid,synthid-05,0.5095174856131032,251
replication-0051,classification,256,synthid,synthid-06,0.5015493581230633,251
replication-0051,classification,256,synthid,synthid-07,0.49933598937583,251
replication-0051,classification,256,synthid,synthid-08,0.481186365648517,251
replication-0051,classification,256,synthid,synthid-09,0.5055334218680833,251
replication-0051,classification,512,kgw,kgw-00,1.158424926414813,503
replication-0051,classification,512,kgw,kgw-01,-1.3128815832701215,503
replication-0051,classification,512,kgw,kgw-02,-1.3128815832701215,503
replication-0051,classification,512,kgw,kgw-03,-1.415852687840327,503
replication-0051,classification,512,kgw,kgw-04,-0.48911274670847665,503
replication-0051,classification,512,kgw,kgw-05,2.4970492858274858,503
replication-0051,classification,512,kgw,kgw-06,0.2316849852829626,503
replication-0051,classification,512,kgw,kgw-07,0.643569403563785,503
replication-0051,classification,512,kgw,kgw-08,-1.0039682695595047,503
replication-0051,classification,512,kgw,kgw-09,0.43762719442337383,503
replication-0051,classification,512,synthid,synthid-00,0.49291722000885346,502
replication-0051,classification,512,synthid,synthid-01,0.5046480743691899,502
replication-0051,classification,512,synthid,synthid-02,0.4951305887560868,502
replication-0051,classification,512,synthid,synthid-03,0.5039840637450199,502
replication-0051,classification,512,synthid,synthid-04,0.5024347056219566,502
replication-0051,classification,512,synthid,synthid-05,0.4997786631252767,502
replication-0051,classification,512,synthid,synthid-06,0.50132802124834,502
replication-0051,classification,512,synthid,synthid-07,0.4984506418769367,502
replication-0051,classification,512,synthid,synthid-08,0.4907038512616202,502
replication-0051,classification,512,synthid,synthid-09,0.5075254537405932,502
replication-0052,open_qa,128,kgw,kgw-00,-0.051639777949432225,125
replication-0052,open_qa,128,kgw,kgw-01,-0.6713171133426189,125
replication-0052,open_qa,128,kgw,kgw-02,2.8401877872187726,125
replication-0052,open_qa,128,kgw,kgw-03,0.5680375574437545,125
replication-0052,open_qa,128,kgw,kgw-04,1.39427400463467,125
replication-0052,open_qa,128,kgw,kgw-05,1.8073922282301278,125
replication-0052,open_qa,128,kgw,kgw-06,-0.46475800154489005,125
replication-0052,open_qa,128,kgw,kgw-07,-0.6713171133426189,125
replication-0052,open_qa,128,kgw,kgw-08,-0.25819888974716115,125
replication-0052,open_qa,128,kgw,kgw-09,-0.6713171133426189,125
replication-0052,open_qa,128,synthid,synthid-00,0.492831541218638,124
replication-0052,open_qa,128,synthid,synthid-01,0.4883512544802867,124
replication-0052,open_qa,128,synthid,synthid-02,0.4883512544802867,124
replication-0052,open_qa,128,synthid,synthid-03,0.5152329749103942,124
replication-0052,open_qa,128,synthid,synthid-04,0.507168458781362,124
replication-0052,open_qa,128,synthid,synthid-05,0.48655913978494625,124
replication-0052,open_qa,128,synthid,synthid-06,0.48118279569892475,124
replication-0052,open_qa,128,synthid,synthid-07,0.5295698924731183,124
replication-0052,open_qa,128,synthid,synthid-08,0.5125448028673835,124
replication-0052,open_qa,128,synthid,synthid-09,0.5089605734767025,124
replication-0052,open_qa,256,kgw,kgw-00,-0.4472135954999579,240
replication-0052,open_qa,256,kgw,kgw-01,-0.29814239699997197,240
replication-0052,open_qa,256,kgw,kgw-02,2.8323527714997336,240
replication-0052,open_qa,256,kgw,kgw-03,0.14907119849998599,240
replication-0052,open_qa,256,kgw,kgw-04,1.3416407864998738,240
replication-0052,open_qa,256,kgw,kgw-05,2.8323527714997336,240
replication-0052,open_qa,256,kgw,kgw-06,0.14907119849998599,240
replication-0052,open_qa,256,kgw,kgw-07,0.7453559924999299,240
replication-0052,open_qa,256,kgw,kgw-08,0.14907119849998599,240
replication-0052,open_qa,256,kgw,kgw-09,0.14907119849998599,240
replication-0052,open_qa,256,synthid,synthid-00,0.4825662482566248,239
replication-0052,open_qa,256,synthid,synthid-01,0.49279404927940496,239
replication-0052,open_qa,256,synthid,synthid-02,0.502556950255695,239
replication-0052,open_qa,256,synthid,synthid-03,0.497907949790795,239
replication-0052,open_qa,256,synthid,synthid-04,0.499302649930265,239
replication-0052,open_qa,256,synthid,synthid-05,0.4793119479311948,239
replication-0052,open_qa,256,synthid,synthid-06,0.4932589493258949,239
replication-0052,open_qa,256,synthid,synthid-07,0.5253370525337052,239
replication-0052,open_qa,256,synthid,synthid-08,0.504416550441655,239
replication-0052,open_qa,256,synthid,synthid-09,0.5034867503486751,239
replication-0052,open_qa,512,kgw,kgw-00,-0.08014975277178972,467
replication-0052,open_qa,512,kgw,kgw-01,0.667914606431581,467
replication-0052,open_qa,512,kgw,kgw-02,3.339573032157905,467
replication-0052,open_qa,512,kgw,kgw-03,-0.8282141119751605,467
replication-0052,open_qa,512,kgw,kgw-04,3.018974021070746,467
replication-0052,open_qa,512,kgw,kgw-05,2.2709096618673756,467
replication-0052,open_qa,512,kgw,kgw-06,1.6297116396930578,467
replication-0052,open_qa,512,kgw,kgw-07,0.4541819323734751,467
replication-0052,open_qa,512,kgw,kgw-08,0.561048269402528,467
replication-0052,open_qa,512,kgw,kgw-09,-0.5076151008880015,467
replication-0052,open_qa,512,synthid,synthid-00,0.4895088221268479,466
replication-0052,open_qa,512,synthid,synthid-01,0.5073915116833572,466
replication-0052,open_qa,512,synthid,synthid-02,0.4961850262279447,466
replication-0052,open_qa,512,synthid,synthid-03,0.49308536003814973,466
replication-0052,open_qa,512,synthid,synthid-04,0.49308536003814973,466
replication-0052,open_qa,512,synthid,synthid-05,0.4830710538865045,466
replication-0052,open_qa,512,synthid,synthid-06,0.49308536003814973,466
replication-0052,open_qa,512,synthid,synthid-07,0.5185979971387696,466
replication-0052,open_qa,512,synthid,synthid-08,0.503099666189795,466
replication-0052,open_qa,512,synthid,synthid-09,0.5004768717215069,466
replication-0053,brainstorming,128,kgw,kgw-00,1.600833116432399,125
replication-0053,brainstorming,128,kgw,kgw-01,-1.0844353369380768,125
replication-0053,brainstorming,128,kgw,kgw-02,-0.6713171133426189,125
replication-0053,brainstorming,128,kgw,kgw-03,2.4270695636233146,125
replication-0053,brainstorming,128,kgw,kgw-04,1.8073922282301278,125
replication-0053,brainstorming,128,kgw,kgw-05,0.5680375574437545,125
replication-0053,brainstorming,128,kgw,kgw-06,2.4270695636233146,125
replication-0053,brainstorming,128,kgw,kgw-07,-1.9106717841289924,125
replication-0053,brainstorming,128,kgw,kgw-08,1.39427400463467,125
replication-0053,brainstorming,128,kgw,kgw-09,-1.0844353369380768,125
replication-0053,brainstorming,128,synthid,synthid-00,0.49193548387096775,124
replication-0053,brainstorming,128,synthid,synthid-01,0.5206093189964157,124
replication-0053,brainstorming,128,synthid,synthid-02,0.5062724014336918,124
replication-0053,brainstorming,128,synthid,synthid-03,0.4883512544802867,124
replication-0053,brainstorming,128,synthid,synthid-04,0.49193548387096775,124
replication-0053,brainstorming,128,synthid,synthid-05,0.5376344086021505,124
replication-0053,brainstorming,128,synthid,synthid-06,0.5125448028673835,124
replication-0053,brainstorming,128,synthid,synthid-07,0.492831541218638,124
replication-0053,brainstorming,128,synthid,synthid-08,0.5134408602150538,124
replication-0053,brainstorming,128,synthid,synthid-09,0.4982078853046595,124
replication-0053,brainstorming,256,kgw,kgw-00,0.6896563082085964,253
replication-0053,brainstorming,256,kgw,kgw-01,-0.7622517090726592,253
replication-0053,brainstorming,256,kgw,kgw-02,-0.6170609073445336,253
replication-0053,brainstorming,256,kgw,kgw-03,2.1415643254898518,253
replication-0053,brainstorming,256,kgw,kgw-04,2.1415643254898518,253
replication-0053,brainstorming,256,kgw,kgw-05,2.8675183341304797,253
replication-0053,brainstorming,256,kgw,kgw-06,2.431945928946103,253
replication-0053,brainstorming,256,kgw,kgw-07,-0.471870105616408,253
replication-0053,brainstorming,256,kgw,kgw-08,0.834847109936722,253
replication-0053,brainstorming,256,kgw,kgw-09,0.25408390302421974,253
replication-0053,brainstorming,256,synthid,synthid-00,0.5008818342151675,252
replication-0053,brainstorming,256,synthid,synthid-01,0.5097001763668431,252
replication-0053,brainstorming,256,synthid,synthid-02,0.5105820105820106,252
replication-0053,brainstorming,256,synthid,synthid-03,0.5013227513227513,252
replication-0053,brainstorming,256,synthid,synthid-04,0.4876543209876543,252
replication-0053,brainstorming,256,synthid,synthid-05,0.5158730158730159,252
replication-0053,brainstorming,256,synthid,synthid-06,0.5052910052910053,252
replication-0053,brainstorming,256,synthid,synthid-07,0.4911816578483245,252
replication-0053,brainstorming,256,synthid,synthid-08,0.49779541446208114,252
replication-0053,brainstorming,256,synthid,synthid-09,0.5048500881834215,252
replication-0053,brainstorming,512,kgw,kgw-00,1.7557524502806956,500
replication-0053,brainstorming,512,kgw,kgw-01,-1.0327955589886446,500
replication-0053,brainstorming,512,kgw,kgw-02,-1.4459137825841024,500
replication-0053,brainstorming,512,kgw,kgw-03,1.136075114887509,500
replication-0053,brainstorming,512,kgw,kgw-04,2.1688706738761536,500
replication-0053,brainstorming,512,kgw,kgw-05,3.6147844564602556,500
replication-0053,brainstorming,512,kgw,kgw-06,1.5491933384829668,500
replication-0053,brainstorming,512,kgw,kgw-07,-0.9295160030897801,500
replication-0053,brainstorming,512,kgw,kgw-08,1.4459137825841024,500
replication-0053,brainstorming,512,kgw,kgw-09,-0.8262364471909156,500
replication-0053,brainstorming,512,synthid,synthid-00,0.5054553551547539,499
replication-0053,brainstorming,512,synthid,synthid-01,0.501002004008016,499
replication-0053,brainstorming,512,synthid,synthid-02,0.5101313738588288,499
replication-0053,brainstorming,512,synthid,synthid-03,0.5003340013360054,499
replication-0053,brainstorming,512,synthid,synthid-04,0.4974393230906257,499
replication-0053,brainstorming,512,synthid,synthid-05,0.5081273658427967,499
replication-0053,brainstorming,512,synthid,synthid-06,0.4978846582052995,499
replication-0053,brainstorming,512,synthid,synthid-07,0.5056780227120908,499
replication-0053,brainstorming,512,synthid,synthid-08,0.4992206635493209,499
replication-0053,brainstorming,512,synthid,synthid-09,0.5023380093520374,499
replication-0054,brainstorming,128,kgw,kgw-00,1.1877148928369412,125
replication-0054,brainstorming,128,kgw,kgw-01,0.15491933384829668,125
replication-0054,brainstorming,128,kgw,kgw-02,0.3614784456460256,125
replication-0054,brainstorming,128,kgw,kgw-03,-0.6713171133426189,125
replication-0054,brainstorming,128,kgw,kgw-04,0.3614784456460256,125
replication-0054,brainstorming,128,kgw,kgw-05,1.39427400463467,125
replication-0054,brainstorming,128,kgw,kgw-06,0.5680375574437545,125
replication-0054,brainstorming,128,kgw,kgw-07,0.5680375574437545,125
replication-0054,brainstorming,128,kgw,kgw-08,-0.8778762251403478,125
replication-0054,brainstorming,128,kgw,kgw-09,1.1877148928369412,125
replication-0054,brainstorming,128,synthid,synthid-00,0.5197132616487455,124
replication-0054,brainstorming,128,synthid,synthid-01,0.49193548387096775,124
replication-0054,brainstorming,128,synthid,synthid-02,0.53584229390681,124
replication-0054,brainstorming,128,synthid,synthid-03,0.5331541218637993,124
replication-0054,brainstorming,128,synthid,synthid-04,0.47580645161290325,124
replication-0054,brainstorming,128,synthid,synthid-05,0.471326164874552,124
replication-0054,brainstorming,128,synthid,synthid-06,0.49014336917562723,124
replication-0054,brainstorming,128,synthid,synthid-07,0.48118279569892475,124
replication-0054,brainstorming,128,synthid,synthid-08,0.5224014336917563,124
replication-0054,brainstorming,128,synthid,synthid-09,0.5161290322580645,124
replication-0054,brainstorming,256,kgw,kgw-00,1.5608011185773496,253
replication-0054,brainstorming,256,kgw,kgw-01,-1.0526333125289102,253
replication-0054,brainstorming,256,kgw,kgw-02,1.5608011185773496,253
replication-0054,brainstorming,256,kgw,kgw-03,-0.7622517090726592,253
replication-0054,brainstorming,256,kgw,kgw-04,1.125228713392973,253
replication-0054,brainstorming,256,kgw,kgw-05,1.5608011185773496,253
replication-0054,brainstorming,256,kgw,kgw-06,1.4156103168492242,253
replication-0054,brainstorming,256,kgw,kgw-07,0.10889310129609417,253
replication-0054,brainstorming,256,kgw,kgw-08,-0.9074425108007848,253
replication-0054,brainstorming,256,kgw,kgw-09,0.9800379116648474,253
replication-0054,brainstorming,256,synthid,synthid-00,0.5030864197530864,252
replication-0054,brainstorming,256,synthid,synthid-01,0.48677248677248675,252
replication-0054,brainstorming,256,synthid,synthid-02,0.5132275132275133,252
replication-0054,brainstorming,256,synthid,synthid-03,0.5123456790123457,252
replication-0054,brainstorming,256,synthid,synthid-04,0.48897707231040566,252
replication-0054,brainstorming,256,synthid,synthid-05,0.4783950617283951,252
replication-0054,brainstorming,256,synthid,synthid-06,0.4911816578483245,252
replication-0054,brainstorming,256,synthid,synthid-07,0.48897707231040566,252
replication-0054,brainstorming,256,synthid,synthid-08,0.5074955908289241,252
replication-0054,brainstorming,256,synthid,synthid-09,0.5,252
replication-0054,brainstorming,512,kgw,kgw-00,1.158648244043315,438
replication-0054,brainstorming,512,kgw,kgw-01,-2.813860021248051,438
replication-0054,brainstorming,512,kgw,kgw-02,0.3862160813477717,438
replication-0054,brainstorming,512,kgw,kgw-03,-2.7035125694344018,438
replication-0054,brainstorming,512,kgw,kgw-04,2.0414278585525074,438
replication-0054,brainstorming,512,kgw,kgw-05,2.2621227621798057,438
replication-0054,brainstorming,512,kgw,kgw-06,0.937953340416017,438
replication-0054,brainstorming,512,kgw,kgw-07,1.048300792229666,438
replication-0054,brainstorming,512,kgw,kgw-08,-1.2689956958569641,438
replication-0054,brainstorming,512,kgw,kgw-09,0.827605888602368,438
replication-0054,brainstorming,512,synthid,synthid-00,0.49441907661085743,438
replication-0054,brainstorming,512,synthid,synthid-01,0.48528665651953323,438
replication-0054,brainstorming,512,synthid,synthid-02,0.508625063419584,438
replication-0054,brainstorming,512,synthid,synthid-03,0.5010147133434805,438
replication-0054,brainstorming,512,synthid,synthid-04,0.5038051750380518,438
replication-0054,brainstorming,512,synthid,synthid-05,0.48300355149670215,438
replication-0054,brainstorming,512,synthid,synthid-06,0.4946727549467275,438
replication-0054,brainstorming,512,synthid,synthid-07,0.4916286149162861,438
replication-0054,brainstorming,512,synthid,synthid-08,0.5073566717402334,438
replication-0054,brainstorming,512,synthid,synthid-09,0.5038051750380518,438
replication-0055,general_qa,128,kgw,kgw-00,2.0139513400278566,125
replication-0055,general_qa,128,kgw,kgw-01,-0.25819888974716115,125
replication-0055,general_qa,128,kgw,kgw-02,2.220510451825586,125
replication-0055,general_qa,128,kgw,kgw-03,-0.051639777949432225,125
replication-0055,general_qa,128,kgw,kgw-04,1.8073922282301278,125
replication-0055,general_qa,128,kgw,kgw-05,-0.46475800154489005,125
replication-0055,general_qa,128,kgw,kgw-06,1.600833116432399,125
replication-0055,general_qa,128,kgw,kgw-07,0.7745966692414834,125
replication-0055,general_qa,128,kgw,kgw-08,-0.46475800154489005,125
replication-0055,general_qa,128,kgw,kgw-09,-1.9106717841289924,125
replication-0055,general_qa,128,synthid,synthid-00,0.5161290322580645,124
replication-0055,general_qa,128,synthid,synthid-01,0.4946236559139785,124
replication-0055,general_qa,128,synthid,synthid-02,0.4946236559139785,124
replication-0055,general_qa,128,synthid,synthid-03,0.496415770609319,124
replication-0055,general_qa,128,synthid,synthid-04,0.5206093189964157,124
replication-0055,general_qa,128,synthid,synthid-05,0.5232974910394266,124
replication-0055,general_qa,128,synthid,synthid-06,0.47580645161290325,124
replication-0055,general_qa,128,synthid,synthid-07,0.5,124
replication-0055,general_qa,128,synthid,synthid-08,0.510752688172043,124
replication-0055,general_qa,128,synthid,synthid-09,0.5206093189964157,124
replication-0055,general_qa,256,kgw,kgw-00,1.9314273702593594,251
replication-0055,general_qa,256,kgw,kgw-01,-0.25509418097765124,251
replication-0055,general_qa,256,kgw,kgw-02,0.9110506463487544,251
replication-0055,general_qa,256,kgw,kgw-03,0.9110506463487544,251
replication-0055,general_qa,256,kgw,kgw-04,0.7652825429329537,251
replication-0055,general_qa,256,kgw,kgw-05,0.619514439517153,251
replication-0055,general_qa,256,kgw,kgw-06,1.3483549565961566,251
replication-0055,general_qa,256,kgw,kgw-07,-0.40086228439345195,251
replication-0055,general_qa,256,kgw,kgw-08,0.4737463361013523,251
replication-0055,general_qa,256,kgw,kgw-09,-0.9839346980566548,251
replication-0055,general_qa,256,synthid,synthid-00,0.5253333333333333,250
replication-0055,general_qa,256,synthid,synthid-01,0.5106666666666667,250
replication-0055,general_qa,256,synthid,synthid-02,0.5044444444444445,250
replication-0055,general_qa,256,synthid,synthid-03,0.5022222222222222,250
replication-0055,general_qa,256,synthid,synthid-04,0.5208888888888888,250
replication-0055,general_qa,256,synthid,synthid-05,0.5053333333333333,250
replication-0055,general_qa,256,synthid,synthid-06,0.4902222222222222,250
replication-0055,general_qa,256,synthid,synthid-07,0.49333333333333335,250
replication-0055,general_qa,256,synthid,synthid-08,0.49244444444444446,250
replication-0055,general_qa,256,synthid,synthid-09,0.516,250
replication-0055,general_qa,512,kgw,kgw-00,2.6975684390524743,431
replication-0055,general_qa,512,kgw,kgw-01,-0.5283896942473919,431
replication-0055,general_qa,512,kgw,kgw-02,1.5851690827421758,431
replication-0055,general_qa,512,kgw,kgw-03,1.1402093402180562,431
replication-0055,general_qa,512,kgw,kgw-04,0.9177294689559965,431
replication-0055,general_qa,512,kgw,kgw-05,1.8076489540042355,431
replication-0055,general_qa,512,kgw,kgw-06,1.362689211480116,431
replication-0055,general_qa,512,kgw,kgw-07,-0.30590982298533215,431
replication-0055,general_qa,512,kgw,kgw-08,0.8064895333249666,431
replication-0055,general_qa,512,kgw,kgw-09,-1.4183091792956308,431
replication-0055,general_qa,512,synthid,synthid-00,0.5229974160206718,430
replication-0055,general_qa,512,synthid,synthid-01,0.5087855297157623,430
replication-0055,general_qa,512,synthid,synthid-02,0.5007751937984496,430
replication-0055,general_qa,512,synthid,synthid-03,0.5064599483204134,430
replication-0055,general_qa,512,synthid,synthid-04,0.5113695090439276,430
replication-0055,general_qa,512,synthid,synthid-05,0.507235142118863,430
replication-0055,general_qa,512,synthid,synthid-06,0.4906976744186046,430
replication-0055,general_qa,512,synthid,synthid-07,0.4842377260981912,430
replication-0055,general_qa,512,synthid,synthid-08,0.49819121447028425,430
replication-0055,general_qa,512,synthid,synthid-09,0.5023255813953489,430
replication-0056,creative_writing,128,kgw,kgw-00,1.8073922282301278,125
replication-0056,creative_writing,128,kgw,kgw-01,-0.6713171133426189,125
replication-0056,creative_writing,128,kgw,kgw-02,0.15491933384829668,125
replication-0056,creative_writing,128,kgw,kgw-03,0.9811557810392123,125
replication-0056,creative_writing,128,kgw,kgw-04,1.39427400463467,125
replication-0056,creative_writing,128,kgw,kgw-05,1.8073922282301278,125
replication-0056,creative_writing,128,kgw,kgw-06,2.0139513400278566,125
replication-0056,creative_writing,128,kgw,kgw-07,1.8073922282301278,125
replication-0056,creative_writing,128,kgw,kgw-08,-1.0844353369380768,125
replication-0056,creative_writing,128,kgw,kgw-09,-0.6713171133426189,125
replication-0056,creative_writing,128,synthid,synthid-00,0.4829749103942652,124
replication-0056,creative_writing,128,synthid,synthid-01,0.503584229390681,124
replication-0056,creative_writing,128,synthid,synthid-02,0.49731182795698925,124
replication-0056,creative_writing,128,synthid,synthid-03,0.514336917562724,124
replication-0056,creative_writing,128,synthid,synthid-04,0.4982078853046595,124
replication-0056,creative_writing,128,synthid,synthid-05,0.5161290322580645,124
replication-0056,creative_writing,128,synthid,synthid-06,0.5224014336917563,124
replication-0056,creative_writing,128,synthid,synthid-07,0.514336917562724,124
replication-0056,creative_writing,128,synthid,synthid-08,0.4946236559139785,124
replication-0056,creative_writing,128,synthid,synthid-09,0.4883512544802867,124
replication-0056,creative_writing,256,kgw,kgw-00,2.1821789023599236,252
replication-0056,creative_writing,256,kgw,kgw-01,0.14547859349066158,252
replication-0056,creative_writing,256,kgw,kgw-02,1.0183501544346312,252
replication-0056,creative_writing,256,kgw,kgw-03,-0.14547859349066158,252
replication-0056,creative_writing,256,kgw,kgw-04,2.6186146828319083,252
replication-0056,creative_writing,256,kgw,kgw-05,2.473136089341247,252
replication-0056,creative_writing,256,kgw,kgw-06,2.76409327632257,252
replication-0056,creative_writing,256,kgw,kgw-07,1.0183501544346312,252
replication-0056,creative_writing,256,kgw,kgw-08,-1.8912217153786006,252
replication-0056,creative_writing,256,kgw,kgw-09,1.0183501544346312,252
replication-0056,creative_writing,256,synthid,synthid-00,0.48339973439575035,251
replication-0056,creative_writing,256,synthid,synthid-01,0.5011066843736166,251
replication-0056,creative_writing,256,synthid,synthid-02,0.4909251881363435,251
replication-0056,creative_writing,256,synthid,synthid-03,0.5130588756086764,251
replication-0056,creative_writing,256,synthid,synthid-04,0.5042054006197433,251
replication-0056,creative_writing,256,synthid,synthid-05,0.4997786631252767,251
replication-0056,creative_writing,256,synthid,synthid-06,0.5183709606020362,251
replication-0056,creative_writing,256,synthid,synthid-07,0.5024347056219566,251
replication-0056,creative_writing,256,synthid,synthid-08,0.5002213368747234,251
replication-0056,creative_writing,256,synthid,synthid-09,0.4984506418769367,251
replication-0056,creative_writing,512,kgw,kgw-00,2.2812937284069355,496
replication-0056,creative_writing,512,kgw,kgw-01,-0.7258661863112977,496
replication-0056,creative_writing,512,kgw,kgw-02,0.10369516947304253,496
replication-0056,creative_writing,512,kgw,kgw-03,-0.20739033894608505,496
replication-0056,creative_writing,512,kgw,kgw-04,3.0071599147182333,496
replication-0056,creative_writing,512,kgw,kgw-05,2.903464745245191,496
replication-0056,creative_writing,512,kgw,kgw-06,2.592379236826063,496
replication-0056,creative_writing,512,kgw,kgw-07,0.20739033894608505,496
replication-0056,creative_writing,512,kgw,kgw-08,-2.3849888978799783,496
replication-0056,creative_writing,512,kgw,kgw-09,0.7258661863112977,496
replication-0056,creative_writing,512,synthid,synthid-00,0.4931537598204265,495
replication-0056,creative_writing,512,synthid,synthid-01,0.4965207631874299,495
replication-0056,creative_writing,512,synthid,synthid-02,0.4936026936026936,495
replication-0056,creative_writing,512,synthid,synthid-03,0.5077441077441077,495
replication-0056,creative_writing,512,synthid,synthid-04,0.5007856341189675,495
replication-0056,creative_writing,512,synthid,synthid-05,0.498989898989899,495
replication-0056,creative_writing,512,synthid,synthid-06,0.5111111111111111,495
replication-0056,creative_writing,512,synthid,synthid-07,0.5001122334455668,495
replication-0056,creative_writing,512,synthid,synthid-08,0.489337822671156,495
replication-0056,creative_writing,512,synthid,synthid-09,0.49876543209876545,495
replication-0057,open_qa,128,kgw,kgw-00,0.2739983121755955,111
replication-0057,open_qa,128,kgw,kgw-01,0.7123956116565483,111
replication-0057,open_qa,128,kgw,kgw-02,1.3699915608779774,111
replication-0057,open_qa,128,kgw,kgw-03,-0.1643989873053573,111
replication-0057,open_qa,128,kgw,kgw-04,0.2739983121755955,111
replication-0057,open_qa,128,kgw,kgw-05,-1.9179881852291685,111
replication-0057,open_qa,128,kgw,kgw-06,-1.4795908857482156,111
replication-0057,open_qa,128,kgw,kgw-07,0.4931969619160719,111
replication-0057,open_qa,128,kgw,kgw-08,0.0547996624351191,111
replication-0057,open_qa,128,kgw,kgw-09,0.0547996624351191,111
replication-0057,open_qa,128,synthid,synthid-00,0.49292929292929294,110
replication-0057,open_qa,128,synthid,synthid-01,0.4696969696969697,110
replication-0057,open_qa,128,synthid,synthid-02,0.5141414141414141,110
replication-0057,open_qa,128,synthid,synthid-03,0.501010101010101,110
replication-0057,open_qa,128,synthid,synthid-04,0.4696969696969697,110
replication-0057,open_qa,128,synthid,synthid-05,0.4858585858585859,110
replication-0057,open_qa,128,synthid,synthid-06,0.5080808080808081,110
replication-0057,open_qa,128,synthid,synthid-07,0.5060606060606061,110
replication-0057,open_qa,128,synthid,synthid-08,0.5070707070707071,110
replication-0057,open_qa,128,synthid,synthid-09,0.5070707070707071,110
replication-0057,open_qa,256,kgw,kgw-00,0.562543950463012,237
replication-0057,open_qa,256,kgw,kgw-01,-0.3375263702778072,237
replication-0057,open_qa,256,kgw,kgw-02,2.0626611516977107,237
replication-0057,open_qa,256,kgw,kgw-03,0.4125322303395421,237
replication-0057,open_qa,256,kgw,kgw-04,0.562543950463012,237
replication-0057,open_qa,256,kgw,kgw-05,-1.387608411142096,237
replication-0057,open_qa,256,kgw,kgw-06,-1.2375966910186262,237
replication-0057,open_qa,256,kgw,kgw-07,0.4125322303395421,237
replication-0057,open_qa,256,kgw,kgw-08,-0.3375263702778072,237
replication-0057,open_qa,256,kgw,kgw-09,0.4125322303395421,237
replication-0057,open_qa,256,synthid,synthid-00,0.5018832391713748,236
replication-0057,open_qa,256,synthid,synthid-01,0.4887005649717514,236
replication-0057,open_qa,256,synthid,synthid-02,0.5,236
replication-0057,open_qa,256,synthid,synthid-03,0.4854048964218456,236
replication-0057,open_qa,256,synthid,synthid-04,0.5051789077212806,236
replication-0057,open_qa,256,synthid,synthid-05,0.5051789077212806,236
replication-0057,open_qa,256,synthid,synthid-06,0.513653483992467,236
replication-0057,open_qa,256,synthid,synthid-07,0.5089453860640302,236
replication-0057,open_qa,256,synthid,synthid-08,0.5117702448210922,236
replication-0057,open_qa,256,synthid,synthid-09,0.4849340866290019,236
replication-0057,open_qa,512,kgw,kgw-00,0.6272925433634212,410
replication-0057,open_qa,512,kgw,kgw-01,0.2851329742561005,410
replication-0057,open_qa,512,kgw,kgw-02,1.653771250685383,410
replication-0057,open_qa,512,kgw,kgw-03,0.2851329742561005,410
replication-0057,open_qa,512,kgw,kgw-04,1.9959308197927037,410
replication-0057,open_qa,512,kgw,kgw-05,-0.8553989227683015,410
replication-0057,open_qa,512,kgw,kgw-06,-0.9694521124707418,410
replication-0057,open_qa,512,kgw,kgw-07,1.5397180609829428,410
replication-0057,open_qa,512,kgw,kgw-08,-0.8553989227683015,410
replication-0057,open_qa,512,kgw,kgw-09,1.1975584918756221,410
replication-0057,open_qa,512,synthid,synthid-00,0.49877750611246946,409
replication-0057,open_qa,512,synthid,synthid-01,0.4928008693289867,409
replication-0057,open_qa,512,synthid,synthid-02,0.49660418364574843,409
replication-0057,open_qa,512,synthid,synthid-03,0.4892692203205651,409
replication-0057,open_qa,512,synthid,synthid-04,0.5055691388209725,409
replication-0057,open_qa,512,synthid,synthid-05,0.5004074979625102,409
replication-0057,open_qa,512,synthid,synthid-06,0.5074707959793534,409
replication-0057,open_qa,512,synthid,synthid-07,0.5107307796794349,409
replication-0057,open_qa,512,synthid,synthid-08,0.4936158652540071,409
replication-0057,open_qa,512,synthid,synthid-09,0.4895408856289052,409
replication-0058,information_extraction,128,kgw,kgw-00,1.0721125348377947,116
replication-0058,information_extraction,128,kgw,kgw-01,-0.6432675209026768,116
replication-0058,information_extraction,128,kgw,kgw-02,-1.0721125348377947,116
replication-0058,information_extraction,128,kgw,kgw-03,1.0721125348377947,116
replication-0058,information_extraction,128,kgw,kgw-04,-0.21442250696755896,116
replication-0058,information_extraction,128,kgw,kgw-05,1.5009575487729128,116
replication-0058,information_extraction,128,kgw,kgw-06,0.8576900278702358,116
replication-0058,information_extraction,128,kgw,kgw-07,-0.21442250696755896,116
replication-0058,information_extraction,128,kgw,kgw-08,-1.7153800557404717,116
replication-0058,information_extraction,128,kgw,kgw-09,-0.6432675209026768,116
replication-0058,information_extraction,128,synthid,synthid-00,0.5067049808429118,116
replication-0058,information_extraction,128,synthid,synthid-01,0.5344827586206896,116
replication-0058,information_extraction,128,synthid,synthid-02,0.5019157088122606,116
replication-0058,information_extraction,128,synthid,synthid-03,0.5019157088122606,116
replication-0058,information_extraction,128,synthid,synthid-04,0.5028735632183908,116
replication-0058,information_extraction,128,synthid,synthid-05,0.5162835249042146,116
replication-0058,information_extraction,128,synthid,synthid-06,0.4846743295019157,116
replication-0058,information_extraction,128,synthid,synthid-07,0.4932950191570881,116
replication-0058,information_extraction,128,synthid,synthid-08,0.5086206896551724,116
replication-0058,information_extraction,128,synthid,synthid-09,0.5172413793103449,116
replication-0058,information_extraction,256,kgw,kgw-00,1.1793839502289376,162
replication-0058,information_extraction,256,kgw,kgw-01,0.45360921162651446,162
replication-0058,information_extraction,256,kgw,kgw-02,-0.816496580927726,162
replication-0058,information_extraction,256,kgw,kgw-03,0.816496580927726,162
replication-0058,information_extraction,256,kgw,kgw-04,-0.2721655269759087,162
replication-0058,information_extraction,256,kgw,kgw-05,1.5422713195301492,162
replication-0058,information_extraction,256,kgw,kgw-06,1.1793839502289376,162
replication-0058,information_extraction,256,kgw,kgw-07,0.2721655269759087,162
replication-0058,information_extraction,256,kgw,kgw-08,-1.5422713195301492,162
replication-0058,information_extraction,256,kgw,kgw-09,-0.816496580927726,162
replication-0058,information_extraction,256,synthid,synthid-00,0.5086266390614217,161
replication-0058,information_extraction,256,synthid,synthid-01,0.5341614906832298,161
replication-0058,information_extraction,256,synthid,synthid-02,0.5037957211870255,161
replication-0058,information_extraction,256,synthid,synthid-03,0.4989648033126294,161
replication-0058,information_extraction,256,synthid,synthid-04,0.5017253278122843,161
replication-0058,information_extraction,256,synthid,synthid-05,0.5113871635610766,161
replication-0058,information_extraction,256,synthid,synthid-06,0.4893029675638371,161
replication-0058,information_extraction,256,synthid,synthid-07,0.5072463768115942,161
replication-0058,information_extraction,256,synthid,synthid-08,0.5065562456866805,161
replication-0058,information_extraction,256,synthid,synthid-09,0.5203588681849551,161
replication-0058,information_extraction,512,kgw,kgw-00,0.5397814402407792,413
replication-0058,information_extraction,512,kgw,kgw-01,0.6534196381862065,413
replication-0058,information_extraction,512,kgw,kgw-02,-0.14204774743178403,413
replication-0058,information_extraction,512,kgw,kgw-03,0.3125050443499248,413
replication-0058,information_extraction,512,kgw,kgw-04,1.1079724299679155,413
replication-0058,information_extraction,512,kgw,kgw-05,0.08522864845907041,413
replication-0058,information_extraction,512,kgw,kgw-06,0.6534196381862065,413
replication-0058,information_extraction,512,kgw,kgw-07,0.42614324229535205,413
replication-0058,information_extraction,512,kgw,kgw-08,0.6534196381862065,413
replication-0058,information_extraction,512,kgw,kgw-09,-0.14204774743178403,413
replication-0058,information_extraction,512,synthid,synthid-00,0.4894822006472492,412
replication-0058,information_extraction,512,synthid,synthid-01,0.5161812297734628,412
replication-0058,information_extraction,512,synthid,synthid-02,0.506202804746494,412
replication-0058,information_extraction,512,synthid,synthid-03,0.5032362459546925,412
replication-0058,information_extraction,512,synthid,synthid-04,0.4989212513484358,412
replication-0058,information_extraction,512,synthid,synthid-05,0.5091693635382956,412
replication-0058,information_extraction,512,synthid,synthid-06,0.49514563106796117,412
replication-0058,information_extraction,512,synthid,synthid-07,0.5048543689320388,412
replication-0058,information_extraction,512,synthid,synthid-08,0.5,412
replication-0058,information_extraction,512,synthid,synthid-09,0.5097087378640777,412
replication-0059,summarization,128,kgw,kgw-00,1.0369516947304254,124
replication-0059,summarization,128,kgw,kgw-01,0.6221710168382552,124
replication-0059,summarization,128,kgw,kgw-02,0.4147806778921701,124
replication-0059,summarization,128,kgw,kgw-03,0.0,124
replication-0059,summarization,128,kgw,kgw-04,1.8665130505147656,124
replication-0059,summarization,128,kgw,kgw-05,1.6591227115686804,124
replication-0059,summarization,128,kgw,kgw-06,0.6221710168382552,124
replication-0059,summarization,128,kgw,kgw-07,0.8295613557843402,124
replication-0059,summarization,128,kgw,kgw-08,-0.4147806778921701,124
replication-0059,summarization,128,kgw,kgw-09,-0.20739033894608505,124
replication-0059,summarization,128,synthid,synthid-00,0.4932249322493225,123
replication-0059,summarization,128,synthid,synthid-01,0.5058717253839206,123
replication-0059,summarization,128,synthid,synthid-02,0.4670280036133695,123
replication-0059,summarization,128,synthid,synthid-03,0.5067750677506775,123
replication-0059,summarization,128,synthid,synthid-04,0.5329719963866305,123
replication-0059,summarization,128,synthid,synthid-05,0.5049683830171635,123
replication-0059,summarization,128,synthid,synthid-06,0.5167118337850045,123
replication-0059,summarization,128,synthid,synthid-07,0.4968383017163505,123
replication-0059,summarization,128,synthid,synthid-08,0.4896115627822945,123
replication-0059,summarization,128,synthid,synthid-09,0.5031616982836495,123
replication-0059,summarization,256,kgw,kgw-00,1.1342306865601335,249
replication-0059,summarization,256,kgw,kgw-01,-0.7683498199278324,249
replication-0059,summarization,256,kgw,kgw-02,-0.329292779969071,249
replication-0059,summarization,256,kgw,kgw-03,-0.621997473274912,249
replication-0059,summarization,256,kgw,kgw-04,3.3295158863539402,249
replication-0059,summarization,256,kgw,kgw-05,1.1342306865601335,249
replication-0059,summarization,256,kgw,kgw-06,0.5488212999484517,249
replication-0059,summarization,256,kgw,kgw-07,-0.036588086663230115,249
replication-0059,summarization,256,kgw,kgw-08,-1.7928162464982755,249
replication-0059,summarization,256,kgw,kgw-09,-0.036588086663230115,249
replication-0059,summarization,256,synthid,synthid-00,0.48028673835125446,248
replication-0059,summarization,256,synthid,synthid-01,0.5008960573476703,248
replication-0059,summarization,256,synthid,synthid-02,0.5,248
replication-0059,summarization,256,synthid,synthid-03,0.5076164874551972,248
replication-0059,summarization,256,synthid,synthid-04,0.5161290322580645,248
replication-0059,summarization,256,synthid,synthid-05,0.49731182795698925,248
replication-0059,summarization,256,synthid,synthid-06,0.5192652329749103,248
replication-0059,summarization,256,synthid,synthid-07,0.49417562724014336,248
replication-0059,summarization,256,synthid,synthid-08,0.4986559139784946,248
replication-0059,summarization,256,synthid,synthid-09,0.5076164874551972,248
replication-0059,summarization,512,kgw,kgw-00,1.0286889997472795,504
replication-0059,summarization,512,kgw,kgw-01,0.0,504
replication-0059,summarization,512,kgw,kgw-02,0.0,504
replication-0059,summarization,512,kgw,kgw-03,-2.6745913993429262,504
replication-0059,summarization,512,kgw,kgw-04,3.9090181990396617,504
replication-0059,summarization,512,kgw,kgw-05,2.2631157994440145,504
replication-0059,summarization,512,kgw,kgw-06,1.3372956996714631,504
replication-0059,summarization,512,kgw,kgw-07,0.7200822998230956,504
replication-0059,summarization,512,kgw,kgw-08,-1.645902399595647,504
replication-0059,summarization,512,kgw,kgw-09,1.543033499620919,504
replication-0059,summarization,512,synthid,synthid-00,0.48641484426772696,503
replication-0059,summarization,512,synthid,synthid-01,0.5009940357852882,503
replication-0059,summarization,512,synthid,synthid-02,0.4990059642147117,503
replication-0059,summarization,512,synthid,synthid-03,0.5080627347028938,503
replication-0059,summarization,512,synthid,synthid-04,0.4985641705323614,503
replication-0059,summarization,512,synthid,synthid-05,0.4897282968853545,503
replication-0059,summarization,512,synthid,synthid-06,0.512259774685222,503
replication-0059,summarization,512,synthid,synthid-07,0.5001104484205876,503
replication-0059,summarization,512,synthid,synthid-08,0.48950740004417936,503
replication-0059,summarization,512,synthid,synthid-09,0.4990059642147117,503
replication-0060,classification,128,kgw,kgw-00,0.8006407690254357,117
replication-0060,classification,128,kgw,kgw-01,-0.9073928715621605,117
replication-0060,classification,128,kgw,kgw-02,0.16012815380508716,117
replication-0060,classification,128,kgw,kgw-03,0.8006407690254357,117
replication-0060,classification,128,kgw,kgw-04,4.003203845127179,117
replication-0060,classification,128,kgw,kgw-05,1.0141449740988853,117
replication-0060,classification,128,kgw,kgw-06,0.16012815380508716,117
replication-0060,classification,128,kgw,kgw-07,0.8006407690254357,117
replication-0060,classification,128,kgw,kgw-08,-1.3344012817090596,117
replication-0060,classification,128,kgw,kgw-09,-1.3344012817090596,117
replication-0060,classification,128,synthid,synthid-00,0.48563218390804597,116
replication-0060,classification,128,synthid,synthid-01,0.5009578544061303,116
replication-0060,classification,128,synthid,synthid-02,0.48946360153256707,116
replication-0060,classification,128,synthid,synthid-03,0.5450191570881227,116
replication-0060,classification,128,synthid,synthid-04,0.4942528735632184,116
replication-0060,classification,128,synthid,synthid-05,0.49616858237547895,116
replication-0060,classification,128,synthid,synthid-06,0.4990421455938697,116
replication-0060,classification,128,synthid,synthid-07,0.4942528735632184,116
replication-0060,classification,128,synthid,synthid-08,0.46839080459770116,116
replication-0060,classification,128,synthid,synthid-09,0.49808429118773945,116
replication-0060,classification,256,kgw,kgw-00,0.4435327625727437,244
replication-0060,classification,256,kgw,kgw-01,0.14784425419091457,244
replication-0060,classification,256,kgw,kgw-02,0.8870655251454874,244
replication-0060,classification,256,kgw,kgw-03,0.8870655251454874,244
replication-0060,classification,256,kgw,kgw-04,4.287483371536522,244
replication-0060,classification,256,kgw,kgw-05,1.4784425419091456,244
replication-0060,classification,256,kgw,kgw-06,1.1827540335273166,244
replication-0060,classification,256,kgw,kgw-07,1.3305982877182312,244
replication-0060,classification,256,kgw,kgw-08,-1.3305982877182312,244
replication-0060,classification,256,kgw,kgw-09,-1.4784425419091456,244
replication-0060,classification,256,synthid,synthid-00,0.4919981710105167,243
replication-0060,classification,256,synthid,synthid-01,0.49794238683127573,243
replication-0060,classification,256,synthid,synthid-02,0.4942844078646548,243
replication-0060,classification,256,synthid,synthid-03,0.53360768175583,243
replication-0060,classification,256,synthid,synthid-04,0.4915409236396891,243
replication-0060,classification,256,synthid,synthid-05,0.49336991312299955,243
replication-0060,classification,256,synthid,synthid-06,0.5029721079103795,243
replication-0060,classification,256,synthid,synthid-07,0.5002286236854138,243
replication-0060,classification,256,synthid,synthid-08,0.4828532235939643,243
replication-0060,classification,256,synthid,synthid-09,0.510745313214449,243
replication-0060,classification,512,kgw,kgw-00,-0.7634222834143518,481
replication-0060,classification,512,kgw,kgw-01,1.6584690984518677,481
replication-0060,classification,512,kgw,kgw-02,0.7107724707650862,481
replication-0060,classification,512,kgw,kgw-03,0.18427434427242975,481
replication-0060,classification,512,kgw,kgw-04,3.3432631032283684,481
replication-0060,classification,512,kgw,kgw-05,1.2372705972577425,481
replication-0060,classification,512,kgw,kgw-06,0.8160720960636174,481
replication-0060,classification,512,kgw,kgw-07,2.3955664755415866,481
replication-0060,classification,512,kgw,kgw-08,-0.9740215340114143,481
replication-0060,classification,512,kgw,kgw-09,-0.44752340751875797,481
replication-0060,classification,512,synthid,synthid-00,0.4965277777777778,480
replication-0060,classification,512,synthid,synthid-01,0.4997685185185185,480
replication-0060,classification,512,synthid,synthid-02,0.49375,480
replication-0060,classification,512,synthid,synthid-03,0.5076388888888889,480
replication-0060,classification,512,synthid,synthid-04,0.49421296296296297,480
replication-0060,classification,512,synthid,synthid-05,0.4914351851851852,480
replication-0060,classification,512,synthid,synthid-06,0.5039351851851852,480
replication-0060,classification,512,synthid,synthid-07,0.5046296296296297,480
replication-0060,classification,512,synthid,synthid-08,0.48148148148148145,480
replication-0060,classification,512,synthid,synthid-09,0.5118055555555555,480
replication-0061,brainstorming,128,kgw,kgw-00,1.8073922282301278,125
replication-0061,brainstorming,128,kgw,kgw-01,0.7745966692414834,125
replication-0061,brainstorming,128,kgw,kgw-02,-1.0844353369380768,125
replication-0061,brainstorming,128,kgw,kgw-03,-1.2909944487358056,125
replication-0061,brainstorming,128,kgw,kgw-04,1.600833116432399,125
replication-0061,brainstorming,128,kgw,kgw-05,0.9811557810392123,125
replication-0061,brainstorming,128,kgw,kgw-06,-1.0844353369380768,125
replication-0061,brainstorming,128,kgw,kgw-07,1.8073922282301278,125
replication-0061,brainstorming,128,kgw,kgw-08,-2.1172308959267214,125
replication-0061,brainstorming,128,kgw,kgw-09,0.3614784456460256,125
replication-0061,brainstorming,128,synthid,synthid-00,0.5017921146953405,124
replication-0061,brainstorming,128,synthid,synthid-01,0.49193548387096775,124
replication-0061,brainstorming,128,synthid,synthid-02,0.5,124
replication-0061,brainstorming,128,synthid,synthid-03,0.5161290322580645,124
replication-0061,brainstorming,128,synthid,synthid-04,0.49014336917562723,124
replication-0061,brainstorming,128,synthid,synthid-05,0.5089605734767025,124
replication-0061,brainstorming,128,synthid,synthid-06,0.5134408602150538,124
replication-0061,brainstorming,128,synthid,synthid-07,0.5,124
replication-0061,brainstorming,128,synthid,synthid-08,0.4829749103942652,124
replication-0061,brainstorming,128,synthid,synthid-09,0.5188172043010753,124
replication-0061,brainstorming,256,kgw,kgw-00,-0.14547859349066158,252
replication-0061,brainstorming,256,kgw,kgw-01,-1.8912217153786006,252
replication-0061,brainstorming,256,kgw,kgw-02,-0.4364357804719847,252
replication-0061,brainstorming,256,kgw,kgw-03,-1.3093073414159542,252
replication-0061,brainstorming,256,kgw,kgw-04,2.473136089341247,252
replication-0061,brainstorming,256,kgw,kgw-05,1.3093073414159542,252
replication-0061,brainstorming,256,kgw,kgw-06,0.0,252
replication-0061,brainstorming,256,kgw,kgw-07,1.454785934906616,252
replication-0061,brainstorming,256,kgw,kgw-08,-1.0183501544346312,252
replication-0061,brainstorming,256,kgw,kgw-09,0.29095718698132317,252
replication-0061,brainstorming,256,synthid,synthid-00,0.48959716688800353,251
replication-0061,brainstorming,256,synthid,synthid-01,0.5002213368747234,251
replication-0061,brainstorming,256,synthid,synthid-02,0.49756529437804337,251
replication-0061,brainstorming,256,synthid,synthid-03,0.49933598937583,251
replication-0061,brainstorming,256,synthid,synthid-04,0.4860557768924303,251
replication-0061,brainstorming,256,synthid,synthid-05,0.5028773793714033,251
replication-0061,brainstorming,256,synthid,synthid-06,0.49933598937583,251
replication-0061,brainstorming,256,synthid,synthid-07,0.5139442231075697,251
replication-0061,brainstorming,256,synthid,synthid-08,0.5050907481186365,251
replication-0061,brainstorming,256,synthid,synthid-09,0.4997786631252767,251
replication-0061,brainstorming,512,kgw,kgw-00,-1.2443420336765103,496
replication-0061,brainstorming,512,kgw,kgw-01,-3.525635762083446,496
replication-0061,brainstorming,512,kgw,kgw-02,0.10369516947304253,496
replication-0061,brainstorming,512,kgw,kgw-03,-1.970208219987808,496
replication-0061,brainstorming,512,kgw,kgw-04,2.2812937284069355,496
replication-0061,brainstorming,512,kgw,kgw-05,0.7258661863112977,496
replication-0061,brainstorming,512,kgw,kgw-06,-0.3110855084191276,496
replication-0061,brainstorming,512,kgw,kgw-07,0.5184758473652127,496
replication-0061,brainstorming,512,kgw,kgw-08,-0.8295613557843402,496
replication-0061,brainstorming,512,kgw,kgw-09,1.1406468642034677,496
replication-0061,brainstorming,512,synthid,synthid-00,0.49427609427609426,495
replication-0061,brainstorming,512,synthid,synthid-01,0.4994388327721661,495
replication-0061,brainstorming,512,synthid,synthid-02,0.49539842873176204,495
replication-0061,brainstorming,512,synthid,synthid-03,0.49764309764309766,495
replication-0061,brainstorming,512,synthid,synthid-04,0.48597081930415265,495
replication-0061,brainstorming,512,synthid,synthid-05,0.49809203142536473,495
replication-0061,brainstorming,512,synthid,synthid-06,0.4978675645342312,495
replication-0061,brainstorming,512,synthid,synthid-07,0.5041526374859708,495
replication-0061,brainstorming,512,synthid,synthid-08,0.49876543209876545,495
replication-0061,brainstorming,512,synthid,synthid-09,0.4920314253647587,495
replication-0062,information_extraction,128,kgw,kgw-00,-0.46475800154489005,125
replication-0062,information_extraction,128,kgw,kgw-01,0.3614784456460256,125
replication-0062,information_extraction,128,kgw,kgw-02,-1.2909944487358056,125
replication-0062,information_extraction,128,kgw,kgw-03,-1.9106717841289924,125
replication-0062,information_extraction,128,kgw,kgw-04,2.4270695636233146,125
replication-0062,information_extraction,128,kgw,kgw-05,1.39427400463467,125
replication-0062,information_extraction,128,kgw,kgw-06,0.15491933384829668,125
replication-0062,information_extraction,128,kgw,kgw-07,0.3614784456460256,125
replication-0062,information_extraction,128,kgw,kgw-08,-1.9106717841289924,125
replication-0062,information_extraction,128,kgw,kgw-09,-2.1172308959267214,125
replication-0062,information_extraction,128,synthid,synthid-00,0.5161290322580645,124
replication-0062,information_extraction,128,synthid,synthid-01,0.503584229390681,124
replication-0062,information_extraction,128,synthid,synthid-02,0.5017921146953405,124
replication-0062,information_extraction,128,synthid,synthid-03,0.5,124
replication-0062,information_extraction,128,synthid,synthid-04,0.47043010752688175,124
replication-0062,information_extraction,128,synthid,synthid-05,0.5116487455197133,124
replication-0062,information_extraction,128,synthid,synthid-06,0.5089605734767025,124
replication-0062,information_extraction,128,synthid,synthid-07,0.5044802867383512,124
replication-0062,information_extraction,128,synthid,synthid-08,0.5008960573476703,124
replication-0062,information_extraction,128,synthid,synthid-09,0.48476702508960573,124
replication-0062,information_extraction,256,kgw,kgw-00,-0.9074425108007848,253
replication-0062,information_extraction,256,kgw,kgw-01,1.7059919203054752,253
replication-0062,information_extraction,256,kgw,kgw-02,-1.778587321169538,253
replication-0062,information_extraction,256,kgw,kgw-03,-1.0526333125289102,253
replication-0062,information_extraction,256,kgw,kgw-04,2.2867551272179774,253
replication-0062,information_extraction,256,kgw,kgw-05,0.3992747047523453,253
replication-0062,information_extraction,256,kgw,kgw-06,0.10889310129609417,253
replication-0062,information_extraction,256,kgw,kgw-07,-0.036297700432031385,253
replication-0062,information_extraction,256,kgw,kgw-08,-2.649732131538291,253
replication-0062,information_extraction,256,kgw,kgw-09,-1.1978241142570358,253
replication-0062,information_extraction,256,synthid,synthid-00,0.5052910052910053,252
replication-0062,information_extraction,256,synthid,synthid-01,0.5004409171075838,252
replication-0062,information_extraction,256,synthid,synthid-02,0.5026455026455027,252
replication-0062,information_extraction,256,synthid,synthid-03,0.4991181657848324,252
replication-0062,information_extraction,256,synthid,synthid-04,0.49691358024691357,252
replication-0062,information_extraction,256,synthid,synthid-05,0.5083774250440917,252
replication-0062,information_extraction,256,synthid,synthid-06,0.5119047619047619,252
replication-0062,information_extraction,256,synthid,synthid-07,0.5008818342151675,252
replication-0062,information_extraction,256,synthid,synthid-08,0.5088183421516755,252
replication-0062,information_extraction,256,synthid,synthid-09,0.49559082892416223,252
replication-0062,information_extraction,512,kgw,kgw-00,-0.8726559039768871,506
replication-0062,information_extraction,512,kgw,kgw-01,0.5646597025732799,506
replication-0062,information_extraction,512,kgw,kgw-02,-2.309971510527054,506
replication-0062,information_extraction,512,kgw,kgw-03,-1.1806521053804944,506
replication-0062,information_extraction,512,kgw,kgw-04,2.9259639133342685,506
replication-0062,information_extraction,512,kgw,kgw-05,1.6939791077198396,506
replication-0062,information_extraction,512,kgw,kgw-06,1.1806521053804944,506
replication-0062,information_extraction,512,kgw,kgw-07,-0.667325103041149,506
replication-0062,information_extraction,512,kgw,kgw-08,-3.84995251754509,506
replication-0062,information_extraction,512,kgw,kgw-09,-1.8993099086555778,506
replication-0062,information_extraction,512,synthid,synthid-00,0.49636963696369635,505
replication-0062,information_extraction,512,synthid,synthid-01,0.5003300330033004,505
replication-0062,information_extraction,512,synthid,synthid-02,0.5038503850385039,505
replication-0062,information_extraction,512,synthid,synthid-03,0.4913091309130913,505
replication-0062,information_extraction,512,synthid,synthid-04,0.4968096809680968,505
replication-0062,information_extraction,512,synthid,synthid-05,0.5020902090209021,505
replication-0062,information_extraction,512,synthid,synthid-06,0.506050605060506,505
replication-0062,information_extraction,512,synthid,synthid-07,0.5042904290429043,505
replication-0062,information_extraction,512,synthid,synthid-08,0.5128712871287129,505
replication-0062,information_extraction,512,synthid,synthid-09,0.4996699669966997,505
replication-0063,summarization,128,kgw,kgw-00,-0.6324555320336759,120
replication-0063,summarization,128,kgw,kgw-01,-1.4757295747452437,120
replication-0063,summarization,128,kgw,kgw-02,0.4216370213557839,120
replication-0063,summarization,128,kgw,kgw-03,-0.8432740427115678,120
replication-0063,summarization,128,kgw,kgw-04,1.4757295747452437,120
replication-0063,summarization,128,kgw,kgw-05,-0.4216370213557839,120
replication-0063,summarization,128,kgw,kgw-06,0.4216370213557839,120
replication-0063,summarization,128,kgw,kgw-07,-0.21081851067789195,120
replication-0063,summarization,128,kgw,kgw-08,0.0,120
replication-0063,summarization,128,kgw,kgw-09,-0.4216370213557839,120
replication-0063,summarization,128,synthid,synthid-00,0.48179271708683474,119
replication-0063,summarization,128,synthid,synthid-01,0.5014005602240896,119
replication-0063,summarization,128,synthid,synthid-02,0.49673202614379086,119
replication-0063,summarization,128,synthid,synthid-03,0.484593837535014,119
replication-0063,summarization,128,synthid,synthid-04,0.4976657329598506,119
replication-0063,summarization,128,synthid,synthid-05,0.5051353874883286,119
replication-0063,summarization,128,synthid,synthid-06,0.5051353874883286,119
replication-0063,summarization,128,synthid,synthid-07,0.5126050420168067,119
replication-0063,summarization,128,synthid,synthid-08,0.5163398692810458,119
replication-0063,summarization,128,synthid,synthid-09,0.49859943977591037,119
replication-0063,summarization,256,kgw,kgw-00,-0.4834752021486412,241
replication-0063,summarization,256,kgw,kgw-01,-2.417376010743206,241
replication-0063,summarization,256,kgw,kgw-02,1.8967104084292847,241
replication-0063,summarization,256,kgw,kgw-03,-0.6322368028097616,241
replication-0063,summarization,256,kgw,kgw-04,1.8967104084292847,241
replication-0063,summarization,256,kgw,kgw-05,-1.3760448061153634,241
replication-0063,summarization,256,kgw,kgw-06,0.5578560024792014,241
replication-0063,summarization,256,kgw,kgw-07,-0.9297600041320023,241
replication-0063,summarization,256,kgw,kgw-08,-0.18595200082640045,241
replication-0063,summarization,256,kgw,kgw-09,1.5991872071070439,241
replication-0063,summarization,256,synthid,synthid-00,0.4824074074074074,240
replication-0063,summarization,256,synthid,synthid-01,0.5097222222222222,240
replication-0063,summarization,256,synthid,synthid-02,0.48194444444444445,240
replication-0063,summarization,256,synthid,synthid-03,0.5018518518518519,240
replication-0063,summarization,256,synthid,synthid-04,0.4935185185185185,240
replication-0063,summarization,256,synthid,synthid-05,0.5106481481481482,240
replication-0063,summarization,256,synthid,synthid-06,0.5032407407407408,240
replication-0063,summarization,256,synthid,synthid-07,0.49537037037037035,240
replication-0063,summarization,256,synthid,synthid-08,0.49907407407407406,240
replication-0063,summarization,256,synthid,synthid-09,0.5037037037037037,240
replication-0063,summarization,512,kgw,kgw-00,0.026162237992630243,487
replication-0063,summarization,512,kgw,kgw-01,-2.0668168014177892,487
replication-0063,summarization,512,kgw,kgw-02,2.0144923254325287,487
replication-0063,summarization,512,kgw,kgw-03,-0.1831356659484117,487
replication-0063,summarization,512,kgw,kgw-04,2.9563328931672177,487
replication-0063,summarization,512,kgw,kgw-05,0.2354601419336722,487
replication-0063,summarization,512,kgw,kgw-06,-0.7063804258010166,487
replication-0063,summarization,512,kgw,kgw-07,-0.39243356988945366,487
replication-0063,summarization,512,kgw,kgw-08,-1.4389230895946634,487
replication-0063,summarization,512,kgw,kgw-09,2.0144923254325287,487
replication-0063,summarization,512,synthid,synthid-00,0.49382716049382713,486
replication-0063,summarization,512,synthid,synthid-01,0.5029721079103795,486
replication-0063,summarization,512,synthid,synthid-02,0.5004572473708276,486
replication-0063,summarization,512,synthid,synthid-03,0.5018289894833105,486
replication-0063,summarization,512,synthid,synthid-04,0.4947416552354824,486
replication-0063,summarization,512,synthid,synthid-05,0.508459076360311,486
replication-0063,summarization,512,synthid,synthid-06,0.5052583447645176,486
replication-0063,summarization,512,synthid,synthid-07,0.49336991312299955,486
replication-0063,summarization,512,synthid,synthid-08,0.49565614997713764,486
replication-0063,summarization,512,synthid,synthid-09,0.4974851394604481,486
replication-0064,summarization,128,kgw,kgw-00,2.6336286754210434,125
replication-0064,summarization,128,kgw,kgw-01,0.15491933384829668,125
replication-0064,summarization,128,kgw,kgw-02,0.9811557810392123,125
replication-0064,summarization,128,kgw,kgw-03,0.3614784456460256,125
replication-0064,summarization,128,kgw,kgw-04,0.9811557810392123,125
replication-0064,summarization,128,kgw,kgw-05,2.220510451825586,125
replication-0064,summarization,128,kgw,kgw-06,0.3614784456460256,125
replication-0064,summarization,128,kgw,kgw-07,-0.25819888974716115,125
replication-0064,summarization,128,kgw,kgw-08,-0.8778762251403478,125
replication-0064,summarization,128,kgw,kgw-09,-0.051639777949432225,125
replication-0064,summarization,128,synthid,synthid-00,0.5080645161290323,124
replication-0064,summarization,128,synthid,synthid-01,0.4614695340501792,124
replication-0064,summarization,128,synthid,synthid-02,0.47401433691756273,124
replication-0064,summarization,128,synthid,synthid-03,0.4775985663082437,124
replication-0064,summarization,128,synthid,synthid-04,0.5,124
replication-0064,summarization,128,synthid,synthid-05,0.48655913978494625,124
replication-0064,summarization,128,synthid,synthid-06,0.48118279569892475,124
replication-0064,summarization,128,synthid,synthid-07,0.5098566308243727,124
replication-0064,summarization,128,synthid,synthid-08,0.49551971326164873,124
replication-0064,summarization,128,synthid,synthid-09,0.5098566308243727,124
replication-0064,summarization,256,kgw,kgw-00,2.297392910321864,235
replication-0064,summarization,256,kgw,kgw-01,1.0922031868743287,235
replication-0064,summarization,256,kgw,kgw-02,3.0506364874765732,235
replication-0064,summarization,256,kgw,kgw-03,0.48960832515056113,235
replication-0064,summarization,256,kgw,kgw-04,0.9415544714433868,235
replication-0064,summarization,256,kgw,kgw-05,2.146744194890922,235
replication-0064,summarization,256,kgw,kgw-06,0.640257040581503,235
replication-0064,summarization,256,kgw,kgw-07,0.18831089428867737,235
replication-0064,summarization,256,kgw,kgw-08,-1.3181762600207416,235
replication-0064,summarization,256,kgw,kgw-09,-0.2636352520041483,235
replication-0064,summarization,256,synthid,synthid-00,0.4976258309591643,234
replication-0064,summarization,256,synthid,synthid-01,0.4757834757834758,234
replication-0064,summarization,256,synthid,synthid-02,0.4862298195631529,234
replication-0064,summarization,256,synthid,synthid-03,0.4919278252611586,234
replication-0064,summarization,256,synthid,synthid-04,0.5037986704653371,234
replication-0064,summarization,256,synthid,synthid-05,0.4890788224121557,234
replication-0064,summarization,256,synthid,synthid-06,0.49002849002849,234
replication-0064,summarization,256,synthid,synthid-07,0.5056980056980057,234
replication-0064,summarization,256,synthid,synthid-08,0.4905033238366572,234
replication-0064,summarization,256,synthid,synthid-09,0.5208926875593543,234
replication-0064,summarization,512,kgw,kgw-00,2.902512169617135,453
replication-0064,summarization,512,kgw,kgw-01,-0.461146793303657,453
replication-0064,summarization,512,kgw,kgw-02,1.383440379910971,453
replication-0064,summarization,512,kgw,kgw-03,2.1429762747640533,453
replication-0064,summarization,512,kgw,kgw-04,2.7940070417809806,453
replication-0064,summarization,512,kgw,kgw-05,3.5535429366340625,453
replication-0064,summarization,512,kgw,kgw-06,1.7089557634194348,453
replication-0064,summarization,512,kgw,kgw-07,1.0579249964025073,453
replication-0064,summarization,512,kgw,kgw-08,-1.9802185830098211,453
replication-0064,summarization,512,kgw,kgw-09,-0.7866621768121207,453
replication-0064,summarization,512,synthid,synthid-00,0.48770894788593905,452
replication-0064,summarization,512,synthid,synthid-01,0.4938544739429695,452
replication-0064,summarization,512,synthid,synthid-02,0.4884464110127827,452
replication-0064,summarization,512,synthid,synthid-03,0.4941002949852507,452
replication-0064,summarization,512,synthid,synthid-04,0.5029498525073747,452
replication-0064,summarization,512,synthid,synthid-05,0.49532940019665683,452
replication-0064,summarization,512,synthid,synthid-06,0.5014749262536873,452
replication-0064,summarization,512,synthid,synthid-07,0.5034414945919371,452
replication-0064,summarization,512,synthid,synthid-08,0.49016715830875124,452
replication-0064,summarization,512,synthid,synthid-09,0.5071288102261554,452
replication-0065,information_extraction,128,kgw,kgw-00,0.15491933384829668,125
replication-0065,information_extraction,128,kgw,kgw-01,0.15491933384829668,125
replication-0065,information_extraction,128,kgw,kgw-02,0.7745966692414834,125
replication-0065,information_extraction,128,kgw,kgw-03,-0.25819888974716115,125
replication-0065,information_extraction,128,kgw,kgw-04,0.9811557810392123,125
replication-0065,information_extraction,128,kgw,kgw-05,-0.46475800154489005,125
replication-0065,information_extraction,128,kgw,kgw-06,-0.051639777949432225,125
replication-0065,information_extraction,128,kgw,kgw-07,0.3614784456460256,125
replication-0065,information_extraction,128,kgw,kgw-08,-1.0844353369380768,125
replication-0065,information_extraction,128,kgw,kgw-09,-0.25819888974716115,125
replication-0065,information_extraction,128,synthid,synthid-00,0.4883512544802867,124
replication-0065,information_extraction,128,synthid,synthid-01,0.48476702508960573,124
replication-0065,information_extraction,128,synthid,synthid-02,0.48476702508960573,124
replication-0065,information_extraction,128,synthid,synthid-03,0.471326164874552,124
replication-0065,information_extraction,128,synthid,synthid-04,0.5044802867383512,124
replication-0065,information_extraction,128,synthid,synthid-05,0.496415770609319,124
replication-0065,information_extraction,128,synthid,synthid-06,0.496415770609319,124
replication-0065,information_extraction,128,synthid,synthid-07,0.5170250896057348,124
replication-0065,information_extraction,128,synthid,synthid-08,0.5080645161290323,124
replication-0065,information_extraction,128,synthid,synthid-09,0.49193548387096775,124
replication-0065,information_extraction,256,kgw,kgw-00,0.03644202585395018,251
replication-0065,information_extraction,256,kgw,kgw-01,0.1822101292697509,251
replication-0065,information_extraction,256,kgw,kgw-02,0.619514439517153,251
replication-0065,information_extraction,256,kgw,kgw-03,-0.5466303878092527,251
replication-0065,information_extraction,256,kgw,kgw-04,0.03644202585395018,251
replication-0065,information_extraction,256,kgw,kgw-05,0.4737463361013523,251
replication-0065,information_extraction,256,kgw,kgw-06,-0.5466303878092527,251
replication-0065,information_extraction,256,kgw,kgw-07,1.7856592668435587,251
replication-0065,information_extraction,256,kgw,kgw-08,-0.8381665946408541,251
replication-0065,information_extraction,256,kgw,kgw-09,0.1822101292697509,251
replication-0065,information_extraction,256,synthid,synthid-00,0.49822222222222223,250
replication-0065,information_extraction,256,synthid,synthid-01,0.496,250
replication-0065,information_extraction,256,synthid,synthid-02,0.48977777777777776,250
replication-0065,information_extraction,256,synthid,synthid-03,0.49333333333333335,250
replication-0065,information_extraction,256,synthid,synthid-04,0.5115555555555555,250
replication-0065,information_extraction,256,synthid,synthid-05,0.504,250
replication-0065,information_extraction,256,synthid,synthid-06,0.49777777777777776,250
replication-0065,information_extraction,256,synthid,synthid-07,0.52,250
replication-0065,information_extraction,256,synthid,synthid-08,0.48977777777777776,250
replication-0065,information_extraction,256,synthid,synthid-09,0.49777777777777776,250
replication-0065,information_extraction,512,kgw,kgw-00,1.8037882521052562,502
replication-0065,information_extraction,512,kgw,kgw-01,-0.051536807203007316,502
replication-0065,information_extraction,512,kgw,kgw-02,0.8761257224511244,502
replication-0065,information_extraction,512,kgw,kgw-03,-1.7007146376992415,502
replication-0065,information_extraction,512,kgw,kgw-04,1.0822729512631537,502
replication-0065,information_extraction,512,kgw,kgw-05,1.9068618665112707,502
replication-0065,information_extraction,512,kgw,kgw-06,-0.4638312648270658,502
replication-0065,information_extraction,512,kgw,kgw-07,2.5253035529473586,502
replication-0065,information_extraction,512,kgw,kgw-08,-0.15461042160902194,502
replication-0065,information_extraction,512,kgw,kgw-09,-0.4638312648270658,502
replication-0065,information_extraction,512,synthid,synthid-00,0.4899090707473941,501
replication-0065,information_extraction,512,synthid,synthid-01,0.4901308494122865,501
replication-0065,information_extraction,512,synthid,synthid-02,0.48924373475271676,501
replication-0065,information_extraction,512,synthid,synthid-03,0.48502994011976047,501
replication-0065,information_extraction,512,synthid,synthid-04,0.504546462630295,501
replication-0065,information_extraction,512,synthid,synthid-05,0.5038811266356177,501
replication-0065,information_extraction,512,synthid,synthid-06,0.4947882013750277,501
replication-0065,information_extraction,512,synthid,synthid-07,0.5149700598802395,501
replication-0065,information_extraction,512,synthid,synthid-08,0.48924373475271676,501
replication-0065,information_extraction,512,synthid,synthid-09,0.5096473719228211,501
replication-0066,creative_writing,128,kgw,kgw-00,0.8849846507021011,123
replication-0066,creative_writing,128,kgw,kgw-01,-0.15617376188860607,123
replication-0066,creative_writing,128,kgw,kgw-02,0.6767529681839596,123
replication-0066,creative_writing,128,kgw,kgw-03,-0.3644054444067475,123
replication-0066,creative_writing,128,kgw,kgw-04,0.4685212856658182,123
replication-0066,creative_writing,128,kgw,kgw-05,1.0932163332202425,123
replication-0066,creative_writing,128,kgw,kgw-06,2.1343747458109497,123
replication-0066,creative_writing,128,kgw,kgw-07,0.6767529681839596,123
replication-0066,creative_writing,128,kgw,kgw-08,-0.9891004919611718,123
replication-0066,creative_writing,128,kgw,kgw-09,-1.613795539515596,123
replication-0066,creative_writing,128,synthid,synthid-00,0.48451730418943534,122
replication-0066,creative_writing,128,synthid,synthid-01,0.5300546448087432,122
replication-0066,creative_writing,128,synthid,synthid-02,0.517304189435337,122
replication-0066,creative_writing,128,synthid,synthid-03,0.5,122
replication-0066,creative_writing,128,synthid,synthid-04,0.49089253187613846,122
replication-0066,creative_writing,128,synthid,synthid-05,0.5018214936247724,122
replication-0066,creative_writing,128,synthid,synthid-06,0.4872495446265938,122
replication-0066,creative_writing,128,synthid,synthid-07,0.48178506375227687,122
replication-0066,creative_writing,128,synthid,synthid-08,0.5282331511839709,122
replication-0066,creative_writing,128,synthid,synthid-09,0.5091074681238615,122
replication-0066,creative_writing,256,kgw,kgw-00,1.0653416196374352,247
replication-0066,creative_writing,256,kgw,kgw-01,-0.5510387687779837,247
replication-0066,creative_writing,256,kgw,kgw-02,0.7714542762891773,247
replication-0066,creative_writing,256,kgw,kgw-03,-0.4040950971038548,247
replication-0066,creative_writing,256,kgw,kgw-04,0.6245106046150483,247
replication-0066,creative_writing,256,kgw,kgw-05,2.5347783363787255,247
replication-0066,creative_writing,256,kgw,kgw-06,2.8286656797269836,247
replication-0066,creative_writing,256,kgw,kgw-07,0.7714542762891773,247
replication-0066,creative_writing,256,kgw,kgw-08,-0.25715142542972574,247
replication-0066,creative_writing,256,kgw,kgw-09,-1.8735318138451449,247
replication-0066,creative_writing,256,synthid,synthid-00,0.4823848238482385,246
replication-0066,creative_writing,256,synthid,synthid-01,0.5275519421860885,246
replication-0066,creative_writing,256,synthid,synthid-02,0.5121951219512195,246
replication-0066,creative_writing,256,synthid,synthid-03,0.4914182475158085,246
replication-0066,creative_writing,256,synthid,synthid-04,0.5049683830171635,246
replication-0066,creative_writing,256,synthid,synthid-05,0.4878048780487805,246
replication-0066,creative_writing,256,synthid,synthid-06,0.48870822041553746,246
replication-0066,creative_writing,256,synthid,synthid-07,0.48870822041553746,246
replication-0066,creative_writing,256,synthid,synthid-08,0.526196928635953,246
replication-0066,creative_writing,256,synthid,synthid-09,0.4968383017163505,246
replication-0066,creative_writing,512,kgw,kgw-00,0.5449492609130662,495
replication-0066,creative_writing,512,kgw,kgw-01,0.5449492609130662,495
replication-0066,creative_writing,512,kgw,kgw-02,-0.4930493313022979,495
replication-0066,creative_writing,512,kgw,kgw-03,0.1297498240269205,495
replication-0066,creative_writing,512,kgw,kgw-04,1.1677484162422844,495
replication-0066,creative_writing,512,kgw,kgw-05,4.074144474445304,495
replication-0066,creative_writing,512,kgw,kgw-06,3.347545459894549,495
replication-0066,creative_writing,512,kgw,kgw-07,1.271548275463821,495
replication-0066,creative_writing,512,kgw,kgw-08,0.3373495424699933,495
replication-0066,creative_writing,512,kgw,kgw-09,-1.323448205074589,495
replication-0066,creative_writing,512,synthid,synthid-00,0.49055330634278005,494
replication-0066,creative_writing,512,synthid,synthid-01,0.5164192532613585,494
replication-0066,creative_writing,512,synthid,synthid-02,0.5067476383265856,494
replication-0066,creative_writing,512,synthid,synthid-03,0.49055330634278005,494
replication-0066,creative_writing,512,synthid,synthid-04,0.5105713000449843,494
replication-0066,creative_writing,512,synthid,synthid-05,0.49820062977957713,494
replication-0066,creative_writing,512,synthid,synthid-06,0.49617633828160146,494
replication-0066,creative_writing,512,synthid,synthid-07,0.48830409356725146,494
replication-0066,creative_writing,512,synthid,synthid-08,0.5159694107062528,494
replication-0066,creative_writing,512,synthid,synthid-09,0.4948268106162843,494
replication-0067,classification,128,kgw,kgw-00,-0.46475800154489005,125
replication-0067,classification,128,kgw,kgw-01,-0.6713171133426189,125
replication-0067,classification,128,kgw,kgw-02,-1.2909944487358056,125
replication-0067,classification,128,kgw,kgw-03,0.7745966692414834,125
replication-0067,classification,128,kgw,kgw-04,0.3614784456460256,125
replication-0067,classification,128,kgw,kgw-05,2.220510451825586,125
replication-0067,classification,128,kgw,kgw-06,0.7745966692414834,125
replication-0067,classification,128,kgw,kgw-07,0.3614784456460256,125
replication-0067,classification,128,kgw,kgw-08,1.600833116432399,125
replication-0067,classification,128,kgw,kgw-09,-0.46475800154489005,125
replication-0067,classification,128,synthid,synthid-00,0.49014336917562723,124
replication-0067,classification,128,synthid,synthid-01,0.5017921146953405,124
replication-0067,classification,128,synthid,synthid-02,0.48566308243727596,124
replication-0067,classification,128,synthid,synthid-03,0.492831541218638,124
replication-0067,classification,128,synthid,synthid-04,0.543010752688172,124
replication-0067,classification,128,synthid,synthid-05,0.48028673835125446,124
replication-0067,classification,128,synthid,synthid-06,0.47491039426523296,124
replication-0067,classification,128,synthid,synthid-07,0.4982078853046595,124
replication-0067,classification,128,synthid,synthid-08,0.4982078853046595,124
replication-0067,classification,128,synthid,synthid-09,0.49731182795698925,124
replication-0067,classification,256,kgw,kgw-00,0.3992747047523453,253
replication-0067,classification,256,kgw,kgw-01,-0.9074425108007848,253
replication-0067,classification,256,kgw,kgw-02,-2.214159726353915,253
replication-0067,classification,256,kgw,kgw-03,1.9963735237617264,253
replication-0067,classification,256,kgw,kgw-04,1.2704195151210986,253
replication-0067,classification,256,kgw,kgw-05,3.303090739314856,253
replication-0067,classification,256,kgw,kgw-06,0.834847109936722,253
replication-0067,classification,256,kgw,kgw-07,0.10889310129609417,253
replication-0067,classification,256,kgw,kgw-08,1.5608011185773496,253
replication-0067,classification,256,kgw,kgw-09,-0.7622517090726592,253
replication-0067,classification,256,synthid,synthid-00,0.486331569664903,252
replication-0067,classification,256,synthid,synthid-01,0.49603174603174605,252
replication-0067,classification,256,synthid,synthid-02,0.49559082892416223,252
replication-0067,classification,256,synthid,synthid-03,0.4947089947089947,252
replication-0067,classification,256,synthid,synthid-04,0.5202821869488536,252
replication-0067,classification,256,synthid,synthid-05,0.49867724867724866,252
replication-0067,classification,256,synthid,synthid-06,0.48853615520282184,252
replication-0067,classification,256,synthid,synthid-07,0.5048500881834215,252
replication-0067,classification,256,synthid,synthid-08,0.5013227513227513,252
replication-0067,classification,256,synthid,synthid-09,0.49603174603174605,252
replication-0067,classification,512,kgw,kgw-00,0.1835128767825767,485
replication-0067,classification,512,kgw,kgw-01,-1.2845901374780369,485
replication-0067,classification,512,kgw,kgw-02,-0.5505386303477301,485
replication-0067,classification,512,kgw,kgw-03,0.9175643839128835,485
replication-0067,classification,512,kgw,kgw-04,3.539176909378265,485
replication-0067,classification,512,kgw,kgw-05,3.7489059114154957,485
replication-0067,classification,512,kgw,kgw-06,1.2321578869687293,485
replication-0067,classification,512,kgw,kgw-07,1.127293385950114,485
replication-0067,classification,512,kgw,kgw-08,1.9662093940990362,485
replication-0067,classification,512,kgw,kgw-09,-0.026216125254653815,485
replication-0067,classification,512,synthid,synthid-00,0.49081726354453625,484
replication-0067,classification,512,synthid,synthid-01,0.49563820018365473,484
replication-0067,classification,512,synthid,synthid-02,0.4928833792470156,484
replication-0067,classification,512,synthid,synthid-03,0.4986225895316804,484
replication-0067,classification,512,synthid,synthid-04,0.5068870523415978,484
replication-0067,classification,512,synthid,synthid-05,0.4997704315886134,484
replication-0067,classification,512,synthid,synthid-06,0.49403122130394855,484
replication-0067,classification,512,synthid,synthid-07,0.5029843893480257,484
replication-0067,classification,512,synthid,synthid-08,0.5068870523415978,484
replication-0067,classification,512,synthid,synthid-09,0.5034435261707989,484
replication-0068,summarization,128,kgw,kgw-00,0.4147806778921701,124
replication-0068,summarization,128,kgw,kgw-01,-1.8665130505147656,124
replication-0068,summarization,128,kgw,kgw-02,-0.8295613557843402,124
replication-0068,summarization,128,kgw,kgw-03,1.4517323726225955,124
replication-0068,summarization,128,kgw,kgw-04,1.2443420336765103,124
replication-0068,summarization,128,kgw,kgw-05,1.0369516947304254,124
replication-0068,summarization,128,kgw,kgw-06,-0.6221710168382552,124
replication-0068,summarization,128,kgw,kgw-07,-0.6221710168382552,124
replication-0068,summarization,128,kgw,kgw-08,0.4147806778921701,124
replication-0068,summarization,128,kgw,kgw-09,-1.6591227115686804,124
replication-0068,summarization,128,synthid,synthid-00,0.5257452574525745,123
replication-0068,summarization,128,synthid,synthid-01,0.46612466124661245,123
replication-0068,summarization,128,synthid,synthid-02,0.48870822041553746,123
replication-0068,summarization,128,synthid,synthid-03,0.5067750677506775,123
replication-0068,summarization,128,synthid,synthid-04,0.4977416440831075,123
replication-0068,summarization,128,synthid,synthid-05,0.4760614272809395,123
replication-0068,summarization,128,synthid,synthid-06,0.48509485094850946,123
replication-0068,summarization,128,synthid,synthid-07,0.5112917795844625,123
replication-0068,summarization,128,synthid,synthid-08,0.5049683830171635,123
replication-0068,summarization,128,synthid,synthid-09,0.4878048780487805,123
replication-0068,summarization,256,kgw,kgw-00,0.7652825429329537,251
replication-0068,summarization,256,kgw,kgw-01,-0.25509418097765124,251
replication-0068,summarization,256,kgw,kgw-02,-1.2754709048882562,251
replication-0068,summarization,256,kgw,kgw-03,-0.25509418097765124,251
replication-0068,summarization,256,kgw,kgw-04,2.660267887338363,251
replication-0068,summarization,256,kgw,kgw-05,-0.10932607756185053,251
replication-0068,summarization,256,kgw,kgw-06,-0.5466303878092527,251
replication-0068,summarization,256,kgw,kgw-07,0.1822101292697509,251
replication-0068,summarization,256,kgw,kgw-08,0.9110506463487544,251
replication-0068,summarization,256,kgw,kgw-09,-2.1500795253830605,251
replication-0068,summarization,256,synthid,synthid-00,0.5093333333333333,250
replication-0068,summarization,256,synthid,synthid-01,0.4817777777777778,250
replication-0068,summarization,256,synthid,synthid-02,0.4928888888888889,250
replication-0068,summarization,256,synthid,synthid-03,0.4991111111111111,250
replication-0068,summarization,256,synthid,synthid-04,0.5026666666666667,250
replication-0068,summarization,256,synthid,synthid-05,0.47733333333333333,250
replication-0068,summarization,256,synthid,synthid-06,0.4968888888888889,250
replication-0068,summarization,256,synthid,synthid-07,0.4991111111111111,250
replication-0068,summarization,256,synthid,synthid-08,0.5044444444444445,250
replication-0068,summarization,256,synthid,synthid-09,0.5026666666666667,250
replication-0068,summarization,512,kgw,kgw-00,1.1380484106671502,454
replication-0068,summarization,512,kgw,kgw-01,0.3793494702223834,454
replication-0068,summarization,512,kgw,kgw-02,-1.679976225270555,454
replication-0068,summarization,512,kgw,kgw-03,-0.27096390730170244,454
replication-0068,summarization,512,kgw,kgw-04,3.5225307949221314,454
replication-0068,summarization,512,kgw,kgw-05,0.05419278146034048,454
replication-0068,summarization,512,kgw,kgw-06,-0.27096390730170244,454
replication-0068,summarization,512,kgw,kgw-07,0.7045061589844263,454
replication-0068,summarization,512,kgw,kgw-08,0.16257834438102145,454
replication-0068,summarization,512,kgw,kgw-09,-2.22190403987396,454
replication-0068,summarization,512,synthid,synthid-00,0.5067451557517783,453
replication-0068,summarization,512,synthid,synthid-01,0.48834927642874665,453
replication-0068,summarization,512,synthid,synthid-02,0.49472651459406425,453
replication-0068,summarization,512,synthid,synthid-03,0.5006131959774344,453
replication-0068,summarization,512,synthid,synthid-04,0.5003679175864606,453
replication-0068,summarization,512,synthid,synthid-05,0.49251900907530044,453
replication-0068,summarization,512,synthid,synthid-06,0.493009565857248,453
replication-0068,summarization,512,synthid,synthid-07,0.49938680402256563,453
replication-0068,summarization,512,synthid,synthid-08,0.5060093205788571,453
replication-0068,summarization,512,synthid,synthid-09,0.5006131959774344,453
replication-0069,classification,128,kgw,kgw-00,0.3614784456460256,125
replication-0069,classification,128,kgw,kgw-01,0.7745966692414834,125
replication-0069,classification,128,kgw,kgw-02,-1.2909944487358056,125
replication-0069,classification,128,kgw,kgw-03,2.0139513400278566,125
replication-0069,classification,128,kgw,kgw-04,-0.46475800154489005,125
replication-0069,classification,128,kgw,kgw-05,1.600833116432399,125
replication-0069,classification,128,kgw,kgw-06,1.1877148928369412,125
replication-0069,classification,128,kgw,kgw-07,-0.25819888974716115,125
replication-0069,classification,128,kgw,kgw-08,-0.8778762251403478,125
replication-0069,classification,128,kgw,kgw-09,0.5680375574437545,125
replication-0069,classification,128,synthid,synthid-00,0.478494623655914,124
replication-0069,classification,128,synthid,synthid-01,0.5080645161290323,124
replication-0069,classification,128,synthid,synthid-02,0.489247311827957,124
replication-0069,classification,128,synthid,synthid-03,0.49193548387096775,124
replication-0069,classification,128,synthid,synthid-04,0.4982078853046595,124
replication-0069,classification,128,synthid,synthid-05,0.5170250896057348,124
replication-0069,classification,128,synthid,synthid-06,0.49731182795698925,124
replication-0069,classification,128,synthid,synthid-07,0.4650537634408602,124
replication-0069,classification,128,synthid,synthid-08,0.5098566308243727,124
replication-0069,classification,128,synthid,synthid-09,0.49731182795698925,124
replication-0069,classification,256,kgw,kgw-00,0.6896563082085964,253
replication-0069,classification,256,kgw,kgw-01,0.9800379116648474,253
replication-0069,classification,256,kgw,kgw-02,-1.4882057177132868,253
replication-0069,classification,256,kgw,kgw-03,0.9800379116648474,253
replication-0069,classification,256,kgw,kgw-04,0.5444655064804709,253
replication-0069,classification,256,kgw,kgw-05,0.834847109936722,253
replication-0069,classification,256,kgw,kgw-06,1.8511827220336008,253
replication-0069,classification,256,kgw,kgw-07,1.125228713392973,253
replication-0069,classification,256,kgw,kgw-08,-1.3430149159851614,253
replication-0069,classification,256,kgw,kgw-09,0.3992747047523453,253
replication-0069,classification,256,synthid,synthid-00,0.48853615520282184,252
replication-0069,classification,256,synthid,synthid-01,0.4991181657848324,252
replication-0069,classification,256,synthid,synthid-02,0.49955908289241624,252
replication-0069,classification,256,synthid,synthid-03,0.49514991181657847,252
replication-0069,classification,256,synthid,synthid-04,0.5101410934744268,252
replication-0069,classification,256,synthid,synthid-05,0.5035273368606702,252
replication-0069,classification,256,synthid,synthid-06,0.49250440917107585,252
replication-0069,classification,256,synthid,synthid-07,0.48412698412698413,252
replication-0069,classification,256,synthid,synthid-08,0.5026455026455027,252
replication-0069,classification,256,synthid,synthid-09,0.49559082892416223,252
replication-0069,classification,512,kgw,kgw-00,1.3370223879873446,485
replication-0069,classification,512,kgw,kgw-01,0.6029708808570378,485
replication-0069,classification,512,kgw,kgw-02,-0.9699966344221911,485
replication-0069,classification,512,kgw,kgw-03,-1.0748611354408064,485
replication-0069,classification,512,kgw,kgw-04,2.700260901229343,485
replication-0069,classification,512,kgw,kgw-05,1.3370223879873446,485
replication-0069,classification,512,kgw,kgw-06,1.546751390024575,485
replication-0069,classification,512,kgw,kgw-07,1.127293385950114,485
replication-0069,classification,512,kgw,kgw-08,-0.9699966344221911,485
replication-0069,classification,512,kgw,kgw-09,0.707835381875653,485
replication-0069,classification,512,synthid,synthid-00,0.49759450171821307,485
replication-0069,classification,512,synthid,synthid-01,0.4953035509736541,485
replication-0069,classification,512,synthid,synthid-02,0.5008018327605956,485
replication-0069,classification,512,synthid,synthid-03,0.4934707903780069,485
replication-0069,classification,512,synthid,synthid-04,0.4950744558991982,485
replication-0069,classification,512,synthid,synthid-05,0.5024054982817869,485
replication-0069,classification,512,synthid,synthid-06,0.49759450171821307,485
replication-0069,classification,512,synthid,synthid-07,0.4941580756013746,485
replication-0069,classification,512,synthid,synthid-08,0.5033218785796105,485
replication-0069,classification,512,synthid,synthid-09,0.49805269186712486,485
replication-0070,closed_qa,128,kgw,kgw-00,-1.4975535605335346,125
replication-0070,closed_qa,128,kgw,kgw-01,-0.25819888974716115,125
replication-0070,closed_qa,128,kgw,kgw-02,0.7745966692414834,125
replication-0070,closed_qa,128,kgw,kgw-03,2.6336286754210434,125
replication-0070,closed_qa,128,kgw,kgw-04,-0.051639777949432225,125
replication-0070,closed_qa,128,kgw,kgw-05,0.9811557810392123,125
replication-0070,closed_qa,128,kgw,kgw-06,0.15491933384829668,125
replication-0070,closed_qa,128,kgw,kgw-07,1.1877148928369412,125
replication-0070,closed_qa,128,kgw,kgw-08,-1.4975535605335346,125
replication-0070,closed_qa,128,kgw,kgw-09,0.3614784456460256,125
replication-0070,closed_qa,128,synthid,synthid-00,0.496415770609319,124
replication-0070,closed_qa,128,synthid,synthid-01,0.5394265232974911,124
replication-0070,closed_qa,128,synthid,synthid-02,0.489247311827957,124
replication-0070,closed_qa,128,synthid,synthid-03,0.489247311827957,124
replication-0070,closed_qa,128,synthid,synthid-04,0.5008960573476703,124
replication-0070,closed_qa,128,synthid,synthid-05,0.517921146953405,124
replication-0070,closed_qa,128,synthid,synthid-06,0.5313620071684588,124
replication-0070,closed_qa,128,synthid,synthid-07,0.4910394265232975,124
replication-0070,closed_qa,128,synthid,synthid-08,0.5241935483870968,124
replication-0070,closed_qa,128,synthid,synthid-09,0.5053763440860215,124
replication-0070,closed_qa,256,kgw,kgw-00,-1.466471150213533,248
replication-0070,closed_qa,256,kgw,kgw-01,-0.2932942300427066,248
replication-0070,closed_qa,256,kgw,kgw-02,0.2932942300427066,248
replication-0070,closed_qa,256,kgw,kgw-03,1.0265298051494731,248
replication-0070,closed_qa,256,kgw,kgw-04,0.7332355751067665,248
replication-0070,closed_qa,256,kgw,kgw-05,1.7597653802562396,248
replication-0070,closed_qa,256,kgw,kgw-06,0.4399413450640599,248
replication-0070,closed_qa,256,kgw,kgw-07,1.906412495277593,248
replication-0070,closed_qa,256,kgw,kgw-08,-1.466471150213533,248
replication-0070,closed_qa,256,kgw,kgw-09,0.4399413450640599,248
replication-0070,closed_qa,256,synthid,synthid-00,0.50157444894287,247
replication-0070,closed_qa,256,synthid,synthid-01,0.5200179937022043,247
replication-0070,closed_qa,256,synthid,synthid-02,0.4993252361673414,247
replication-0070,closed_qa,256,synthid,synthid-03,0.48313090418353577,247
replication-0070,closed_qa,256,synthid,synthid-04,0.5083220872694557,247
replication-0070,closed_qa,256,synthid,synthid-05,0.5141700404858299,247
replication-0070,closed_qa,256,synthid,synthid-06,0.5128205128205128,247
replication-0070,closed_qa,256,synthid,synthid-07,0.4898785425101215,247
replication-0070,closed_qa,256,synthid,synthid-08,0.5074224021592443,247
replication-0070,closed_qa,256,synthid,synthid-09,0.5119208277103013,247
replication-0070,closed_qa,512,kgw,kgw-00,-0.36220357866295533,498
replication-0070,closed_qa,512,kgw,kgw-01,0.36220357866295533,498
replication-0070,closed_qa,512,kgw,kgw-02,2.0179913668364655,498
replication-0070,closed_qa,512,kgw,kgw-03,0.9831239992280216,498
replication-0070,closed_qa,512,kgw,kgw-04,1.397070946271399,498
replication-0070,closed_qa,512,kgw,kgw-05,3.1563454712057535,498
replication-0070,closed_qa,512,kgw,kgw-06,1.2935842095105548,498
replication-0070,closed_qa,512,kgw,kgw-07,2.5354250506406872,498
replication-0070,closed_qa,512,kgw,kgw-08,-0.46569031542379974,498
replication-0070,closed_qa,512,kgw,kgw-09,1.086610735988866,498
replication-0070,closed_qa,512,synthid,synthid-00,0.5070422535211268,497
replication-0070,closed_qa,512,synthid,synthid-01,0.5121842164095686,497
replication-0070,closed_qa,512,synthid,synthid-02,0.48558014755197854,497
replication-0070,closed_qa,512,synthid,synthid-03,0.49295774647887325,497
replication-0070,closed_qa,512,synthid,synthid-04,0.5048066174826739,497
replication-0070,closed_qa,512,synthid,synthid-05,0.5115135255980326,497
replication-0070,closed_qa,512,synthid,synthid-06,0.5119606528057232,497
replication-0070,closed_qa,512,synthid,synthid-07,0.48826291079812206,497
replication-0070,closed_qa,512,synthid,synthid-08,0.49966465459423204,497
replication-0070,closed_qa,512,synthid,synthid-09,0.5101721439749609,497
replication-0071,open_qa,128,kgw,kgw-00,-0.8295613557843402,124
replication-0071,open_qa,128,kgw,kgw-01,-1.4517323726225955,124
replication-0071,open_qa,128,kgw,kgw-02,2.4886840673530206,124
replication-0071,open_qa,128,kgw,kgw-03,0.0,124
replication-0071,open_qa,128,kgw,kgw-04,1.4517323726225955,124
replication-0071,open_qa,128,kgw,kgw-05,0.0,124
replication-0071,open_qa,128,kgw,kgw-06,-1.0369516947304254,124
replication-0071,open_qa,128,kgw,kgw-07,0.20739033894608505,124
replication-0071,open_qa,128,kgw,kgw-08,-0.6221710168382552,124
replication-0071,open_qa,128,kgw,kgw-09,-1.0369516947304254,124
replication-0071,open_qa,128,synthid,synthid-00,0.4914182475158085,123
replication-0071,open_qa,128,synthid,synthid-01,0.4905149051490515,123
replication-0071,open_qa,128,synthid,synthid-02,0.4959349593495935,123
replication-0071,open_qa,128,synthid,synthid-03,0.4914182475158085,123
replication-0071,open_qa,128,synthid,synthid-04,0.5022583559168925,123
replication-0071,open_qa,128,synthid,synthid-05,0.4869015356820235,123
replication-0071,open_qa,128,synthid,synthid-06,0.47696476964769646,123
replication-0071,open_qa,128,synthid,synthid-07,0.4823848238482385,123
replication-0071,open_qa,128,synthid,synthid-08,0.5194218608852755,123
replication-0071,open_qa,128,synthid,synthid-09,0.4869015356820235,123
replication-0071,open_qa,256,kgw,kgw-00,-0.3319700011034929,245
replication-0071,open_qa,256,kgw,kgw-01,0.40574111245982464,245
replication-0071,open_qa,256,kgw,kgw-02,3.356585566713095,245
replication-0071,open_qa,256,kgw,kgw-03,-0.4795122238161564,245
replication-0071,open_qa,256,kgw,kgw-04,1.8811633395864598,245
replication-0071,open_qa,256,kgw,kgw-05,-1.6598500055174645,245
replication-0071,open_qa,256,kgw,kgw-06,-1.0696811146668104,245
replication-0071,open_qa,256,kgw,kgw-07,-0.4795122238161564,245
replication-0071,open_qa,256,kgw,kgw-08,-0.9221388919541469,245
replication-0071,open_qa,256,kgw,kgw-09,1.1434522260231421,245
replication-0071,open_qa,256,synthid,synthid-00,0.49271402550091076,244
replication-0071,open_qa,256,synthid,synthid-01,0.4763205828779599,244
replication-0071,open_qa,256,synthid,synthid-02,0.49043715846994534,244
replication-0071,open_qa,256,synthid,synthid-03,0.49453551912568305,244
replication-0071,open_qa,256,synthid,synthid-04,0.49408014571949,244
replication-0071,open_qa,256,synthid,synthid-05,0.4854280510018215,244
replication-0071,open_qa,256,synthid,synthid-06,0.4899817850637523,244
replication-0071,open_qa,256,synthid,synthid-07,0.4890710382513661,244
replication-0071,open_qa,256,synthid,synthid-08,0.49954462659380694,244
replication-0071,open_qa,256,synthid,synthid-09,0.49681238615664847,244
replication-0071,open_qa,512,kgw,kgw-00,0.5205792062953536,492
replication-0071,open_qa,512,kgw,kgw-01,0.728810888813495,492
replication-0071,open_qa,512,kgw,kgw-02,3.4358227615493333,492
replication-0071,open_qa,512,kgw,kgw-03,-0.728810888813495,492
replication-0071,open_qa,512,kgw,kgw-04,2.498780190217697,492
replication-0071,open_qa,512,kgw,kgw-05,0.10411584125907071,492
replication-0071,open_qa,512,kgw,kgw-06,-1.1452742538497778,492
replication-0071,open_qa,512,kgw,kgw-07,-0.5205792062953536,492
replication-0071,open_qa,512,kgw,kgw-08,-0.41646336503628284,492
replication-0071,open_qa,512,kgw,kgw-09,2.0823168251814144,492
replication-0071,open_qa,512,synthid,synthid-00,0.5044127630685675,491
replication-0071,open_qa,512,synthid,synthid-01,0.4865354152523195,491
replication-0071,open_qa,512,synthid,synthid-02,0.49445575922154333,491
replication-0071,open_qa,512,synthid,synthid-03,0.5003394433129668,491
replication-0071,open_qa,512,synthid,synthid-04,0.4908350305498982,491
replication-0071,open_qa,512,synthid,synthid-05,0.5053179452364789,491
replication-0071,open_qa,512,synthid,synthid-06,0.4983027834351663,491
replication-0071,open_qa,512,synthid,synthid-07,0.4863091197103417,491
replication-0071,open_qa,512,synthid,synthid-08,0.5019235121068115,491
replication-0071,open_qa,512,synthid,synthid-09,0.5014709210228558,491
replication-0072,brainstorming,128,kgw,kgw-00,0.15491933384829668,125
replication-0072,brainstorming,128,kgw,kgw-01,-1.2909944487358056,125
replication-0072,brainstorming,128,kgw,kgw-02,2.220510451825586,125
replication-0072,brainstorming,128,kgw,kgw-03,-0.46475800154489005,125
replication-0072,brainstorming,128,kgw,kgw-04,0.7745966692414834,125
replication-0072,brainstorming,128,kgw,kgw-05,1.39427400463467,125
replication-0072,brainstorming,128,kgw,kgw-06,-0.6713171133426189,125
replication-0072,brainstorming,128,kgw,kgw-07,-0.6713171133426189,125
replication-0072,brainstorming,128,kgw,kgw-08,-0.6713171133426189,125
replication-0072,brainstorming,128,kgw,kgw-09,-0.46475800154489005,125
replication-0072,brainstorming,128,synthid,synthid-00,0.48118279569892475,124
replication-0072,brainstorming,128,synthid,synthid-01,0.5116487455197133,124
replication-0072,brainstorming,128,synthid,synthid-02,0.5,124
replication-0072,brainstorming,128,synthid,synthid-03,0.5170250896057348,124
replication-0072,brainstorming,128,synthid,synthid-04,0.525089605734767,124
replication-0072,brainstorming,128,synthid,synthid-05,0.5152329749103942,124
replication-0072,brainstorming,128,synthid,synthid-06,0.5241935483870968,124
replication-0072,brainstorming,128,synthid,synthid-07,0.5241935483870968,124
replication-0072,brainstorming,128,synthid,synthid-08,0.5026881720430108,124
replication-0072,brainstorming,128,synthid,synthid-09,0.5134408602150538,124
replication-0072,brainstorming,256,kgw,kgw-00,1.4156103168492242,253
replication-0072,brainstorming,256,kgw,kgw-01,1.125228713392973,253
replication-0072,brainstorming,256,kgw,kgw-02,0.6896563082085964,253
replication-0072,brainstorming,256,kgw,kgw-03,-0.3266793038882825,253
replication-0072,brainstorming,256,kgw,kgw-04,2.431945928946103,253
replication-0072,brainstorming,256,kgw,kgw-05,4.319426351411735,253
replication-0072,brainstorming,256,kgw,kgw-06,0.10889310129609417,253
replication-0072,brainstorming,256,kgw,kgw-07,-0.036297700432031385,253
replication-0072,brainstorming,256,kgw,kgw-08,0.6896563082085964,253
replication-0072,brainstorming,256,kgw,kgw-09,-1.4882057177132868,253
replication-0072,brainstorming,256,synthid,synthid-00,0.48677248677248675,252
replication-0072,brainstorming,256,synthid,synthid-01,0.49867724867724866,252
replication-0072,brainstorming,256,synthid,synthid-02,0.5004409171075838,252
replication-0072,brainstorming,256,synthid,synthid-03,0.5123456790123457,252
replication-0072,brainstorming,256,synthid,synthid-04,0.5061728395061729,252
replication-0072,brainstorming,256,synthid,synthid-05,0.49779541446208114,252
replication-0072,brainstorming,256,synthid,synthid-06,0.513668430335097,252
replication-0072,brainstorming,256,synthid,synthid-07,0.517636684303351,252
replication-0072,brainstorming,256,synthid,synthid-08,0.4947089947089947,252
replication-0072,brainstorming,256,synthid,synthid-09,0.5114638447971781,252
replication-0072,brainstorming,512,kgw,kgw-00,0.7465405081339906,503
replication-0072,brainstorming,512,kgw,kgw-01,0.025742776142551403,503
replication-0072,brainstorming,512,kgw,kgw-02,0.2316849852829626,503
replication-0072,brainstorming,512,kgw,kgw-03,-0.900997164989299,503
replication-0072,brainstorming,512,kgw,kgw-04,2.4970492858274858,503
replication-0072,brainstorming,512,kgw,kgw-05,5.174298004652831,503
replication-0072,brainstorming,512,kgw,kgw-06,-0.18019943299785982,503
replication-0072,brainstorming,512,kgw,kgw-07,0.5405982989935795,503
replication-0072,brainstorming,512,kgw,kgw-08,0.33465608985316825,503
replication-0072,brainstorming,512,kgw,kgw-09,-2.136650419831766,503
replication-0072,brainstorming,512,synthid,synthid-00,0.49313855688357683,502
replication-0072,brainstorming,512,synthid,synthid-01,0.49867197875166,502
replication-0072,brainstorming,512,synthid,synthid-02,0.5081894643647632,502
replication-0072,brainstorming,512,synthid,synthid-03,0.5039840637450199,502
replication-0072,brainstorming,512,synthid,synthid-04,0.5090748118636564,502
replication-0072,brainstorming,512,synthid,synthid-05,0.4953519256308101,502
replication-0072,brainstorming,512,synthid,synthid-06,0.5055334218680833,502
replication-0072,brainstorming,512,synthid,synthid-07,0.5110668437361664,502
replication-0072,brainstorming,512,synthid,synthid-08,0.49712262062859675,502
replication-0072,brainstorming,512,synthid,synthid-09,0.49756529437804337,502
replication-0073,brainstorming,128,kgw,kgw-00,0.3614784456460256,125
replication-0073,brainstorming,128,kgw,kgw-01,-0.46475800154489005,125
replication-0073,brainstorming,128,kgw,kgw-02,-1.9106717841289924,125
replication-0073,brainstorming,128,kgw,kgw-03,-0.051639777949432225,125
replication-0073,brainstorming,128,kgw,kgw-04,1.39427400463467,125
replication-0073,brainstorming,128,kgw,kgw-05,2.0139513400278566,125
replication-0073,brainstorming,128,kgw,kgw-06,-0.8778762251403478,125
replication-0073,brainstorming,128,kgw,kgw-07,-2.530349119522179,125
replication-0073,brainstorming,128,kgw,kgw-08,-0.46475800154489005,125
replication-0073,brainstorming,128,kgw,kgw-09,0.5680375574437545,125
replication-0073,brainstorming,128,synthid,synthid-00,0.5080645161290323,124
replication-0073,brainstorming,128,synthid,synthid-01,0.5044802867383512,124
replication-0073,brainstorming,128,synthid,synthid-02,0.5241935483870968,124
replication-0073,brainstorming,128,synthid,synthid-03,0.49731182795698925,124
replication-0073,brainstorming,128,synthid,synthid-04,0.5,124
replication-0073,brainstorming,128,synthid,synthid-05,0.5008960573476703,124
replication-0073,brainstorming,128,synthid,synthid-06,0.482078853046595,124
replication-0073,brainstorming,128,synthid,synthid-07,0.5008960573476703,124
replication-0073,brainstorming,128,synthid,synthid-08,0.4829749103942652,124
replication-0073,brainstorming,128,synthid,synthid-09,0.4775985663082437,124
replication-0073,brainstorming,256,kgw,kgw-00,0.8098311912155414,246
replication-0073,brainstorming,256,kgw,kgw-01,0.07362101738323103,246
replication-0073,brainstorming,256,kgw,kgw-02,-0.6625891564490793,246
replication-0073,brainstorming,256,kgw,kgw-03,0.8098311912155414,246
replication-0073,brainstorming,256,kgw,kgw-04,2.4294935736466243,246
replication-0073,brainstorming,256,kgw,kgw-05,2.5767356084130864,246
replication-0073,brainstorming,256,kgw,kgw-06,0.5153471216826172,246
replication-0073,brainstorming,256,kgw,kgw-07,-1.2515572955149277,246
replication-0073,brainstorming,256,kgw,kgw-08,-0.9570732259820034,246
replication-0073,brainstorming,256,kgw,kgw-09,0.9570732259820034,246
replication-0073,brainstorming,256,synthid,synthid-00,0.4965986394557823,245
replication-0073,brainstorming,256,synthid,synthid-01,0.5029478458049886,245
replication-0073,brainstorming,256,synthid,synthid-02,0.509297052154195,245
replication-0073,brainstorming,256,synthid,synthid-03,0.5056689342403629,245
replication-0073,brainstorming,256,synthid,synthid-04,0.4997732426303855,245
replication-0073,brainstorming,256,synthid,synthid-05,0.507482993197279,245
replication-0073,brainstorming,256,synthid,synthid-06,0.4875283446712018,245
replication-0073,brainstorming,256,synthid,synthid-07,0.4888888888888889,245
replication-0073,brainstorming,256,synthid,synthid-08,0.4879818594104308,245
replication-0073,brainstorming,256,synthid,synthid-09,0.48299319727891155,245
replication-0073,brainstorming,512,kgw,kgw-00,0.10327955589886445,500
replication-0073,brainstorming,512,kgw,kgw-01,-1.136075114887509,500
replication-0073,brainstorming,512,kgw,kgw-02,0.0,500
replication-0073,brainstorming,512,kgw,kgw-03,0.30983866769659335,500
replication-0073,brainstorming,512,kgw,kgw-04,3.511504900561391,500
replication-0073,brainstorming,512,kgw,kgw-05,2.581988897471611,500
replication-0073,brainstorming,512,kgw,kgw-06,0.9295160030897801,500
replication-0073,brainstorming,512,kgw,kgw-07,-1.136075114887509,500
replication-0073,brainstorming,512,kgw,kgw-08,-1.7557524502806956,500
replication-0073,brainstorming,512,kgw,kgw-09,0.8262364471909156,500
replication-0073,brainstorming,512,synthid,synthid-00,0.4972166555332888,499
replication-0073,brainstorming,512,synthid,synthid-01,0.5023380093520374,499
replication-0073,brainstorming,512,synthid,synthid-02,0.5012246715653529,499
replication-0073,brainstorming,512,synthid,synthid-03,0.5003340013360054,499
replication-0073,brainstorming,512,synthid,synthid-04,0.5050100200400801,499
replication-0073,brainstorming,512,synthid,synthid-05,0.5063460253841016,499
replication-0073,brainstorming,512,synthid,synthid-06,0.496771320418615,499
replication-0073,brainstorming,512,synthid,synthid-07,0.4909819639278557,499
replication-0073,brainstorming,512,synthid,synthid-08,0.49521264751725674,499
replication-0073,brainstorming,512,synthid,synthid-09,0.4978846582052995,499
replication-0074,brainstorming,128,kgw,kgw-00,1.9355044226326585,109
replication-0074,brainstorming,128,kgw,kgw-01,-1.3825031590233277,109
replication-0074,brainstorming,128,kgw,kgw-02,1.2719029063014613,109
replication-0074,brainstorming,128,kgw,kgw-03,-0.2765006318046655,109
replication-0074,brainstorming,128,kgw,kgw-04,0.6083013899702642,109
replication-0074,brainstorming,128,kgw,kgw-05,2.1567049280763912,109
replication-0074,brainstorming,128,kgw,kgw-06,0.38710088452653174,109
replication-0074,brainstorming,128,kgw,kgw-07,-1.8249041699107924,109
replication-0074,brainstorming,128,kgw,kgw-08,1.050702400857729,109
replication-0074,brainstorming,128,kgw,kgw-09,1.2719029063014613,109
replication-0074,brainstorming,128,synthid,synthid-00,0.5041152263374485,108
replication-0074,brainstorming,128,synthid,synthid-01,0.4948559670781893,108
replication-0074,brainstorming,128,synthid,synthid-02,0.49691358024691357,108
replication-0074,brainstorming,128,synthid,synthid-03,0.49691358024691357,108
replication-0074,brainstorming,128,synthid,synthid-04,0.5195473251028807,108
replication-0074,brainstorming,128,synthid,synthid-05,0.5,108
replication-0074,brainstorming,128,synthid,synthid-06,0.507201646090535,108
replication-0074,brainstorming,128,synthid,synthid-07,0.5061728395061729,108
replication-0074,brainstorming,128,synthid,synthid-08,0.48148148148148145,108
replication-0074,brainstorming,128,synthid,synthid-09,0.4876543209876543,108
replication-0074,brainstorming,256,kgw,kgw-00,1.3126025510803612,237
replication-0074,brainstorming,256,kgw,kgw-01,0.26252051021607226,237
replication-0074,brainstorming,256,kgw,kgw-02,1.0125791108334214,237
replication-0074,brainstorming,256,kgw,kgw-03,-0.037502930030867465,237
replication-0074,brainstorming,256,kgw,kgw-04,1.1625908309568913,237
replication-0074,brainstorming,256,kgw,kgw-05,2.96273147243853,237
replication-0074,brainstorming,256,kgw,kgw-06,0.562543950463012,237
replication-0074,brainstorming,256,kgw,kgw-07,1.3126025510803612,237
replication-0074,brainstorming,256,kgw,kgw-08,2.0626611516977107,237
replication-0074,brainstorming,256,kgw,kgw-09,0.562543950463012,237
replication-0074,brainstorming,256,synthid,synthid-00,0.4981167608286252,236
replication-0074,brainstorming,256,synthid,synthid-01,0.4839924670433145,236
replication-0074,brainstorming,256,synthid,synthid-02,0.4915254237288136,236
replication-0074,brainstorming,256,synthid,synthid-03,0.4981167608286252,236
replication-0074,brainstorming,256,synthid,synthid-04,0.5174199623352166,236
replication-0074,brainstorming,256,synthid,synthid-05,0.501412429378531,236
replication-0074,brainstorming,256,synthid,synthid-06,0.4943502824858757,236
replication-0074,brainstorming,256,synthid,synthid-07,0.5037664783427496,236
replication-0074,brainstorming,256,synthid,synthid-08,0.4910546139359699,236
replication-0074,brainstorming,256,synthid,synthid-09,0.4976459510357815,236
replication-0074,brainstorming,512,kgw,kgw-00,0.8363333975829067,488
replication-0074,brainstorming,512,kgw,kgw-01,0.8363333975829067,488
replication-0074,brainstorming,512,kgw,kgw-02,1.56812512046795,488
replication-0074,brainstorming,512,kgw,kgw-03,0.7317917228850433,488
replication-0074,brainstorming,512,kgw,kgw-04,1.3590417710722233,488
replication-0074,brainstorming,512,kgw,kgw-05,2.2999168433529933,488
replication-0074,brainstorming,512,kgw,kgw-06,0.20908334939572668,488
replication-0074,brainstorming,512,kgw,kgw-07,0.41816669879145335,488
replication-0074,brainstorming,512,kgw,kgw-08,1.88175014456154,488
replication-0074,brainstorming,512,kgw,kgw-09,-0.31362502409359,488
replication-0074,brainstorming,512,synthid,synthid-00,0.4973762263289984,487
replication-0074,brainstorming,512,synthid,synthid-01,0.49121606205795115,487
replication-0074,brainstorming,512,synthid,synthid-02,0.49326945014830026,487
replication-0074,brainstorming,512,synthid,synthid-03,0.5001140771161305,487
replication-0074,brainstorming,512,synthid,synthid-04,0.5119780971937029,487
replication-0074,brainstorming,512,synthid,synthid-05,0.5046771617613507,487
replication-0074,brainstorming,512,synthid,synthid-06,0.4889345197353411,487
replication-0074,brainstorming,512,synthid,synthid-07,0.4976043805612594,487
replication-0074,brainstorming,512,synthid,synthid-08,0.49304129591603923,487
replication-0074,brainstorming,512,synthid,synthid-09,0.4946383755418663,487
replication-0075,open_qa,128,kgw,kgw-00,-0.15877683720748895,119
replication-0075,open_qa,128,kgw,kgw-01,-0.7938841860374447,119
replication-0075,open_qa,128,kgw,kgw-02,0.05292561240249631,119
replication-0075,open_qa,128,kgw,kgw-03,0.6880329612324521,119
replication-0075,open_qa,128,kgw,kgw-04,0.26462806201248157,119
replication-0075,open_qa,128,kgw,kgw-05,1.1114378604524227,119
replication-0075,open_qa,128,kgw,kgw-06,0.4763305116224668,119
replication-0075,open_qa,128,kgw,kgw-07,0.8997354108424374,119
replication-0075,open_qa,128,kgw,kgw-08,-1.8523964340873709,119
replication-0075,open_qa,128,kgw,kgw-09,0.26462806201248157,119
replication-0075,open_qa,128,synthid,synthid-00,0.4911297852474323,119
replication-0075,open_qa,128,synthid,synthid-01,0.5368814192343604,119
replication-0075,open_qa,128,synthid,synthid-02,0.4892623716153128,119
replication-0075,open_qa,128,synthid,synthid-03,0.5051353874883286,119
replication-0075,open_qa,128,synthid,synthid-04,0.49486461251167135,119
replication-0075,open_qa,128,synthid,synthid-05,0.49206349206349204,119
replication-0075,open_qa,128,synthid,synthid-06,0.48739495798319327,119
replication-0075,open_qa,128,synthid,synthid-07,0.5126050420168067,119
replication-0075,open_qa,128,synthid,synthid-08,0.5014005602240896,119
replication-0075,open_qa,128,synthid,synthid-09,0.5098039215686274,119
replication-0075,open_qa,256,kgw,kgw-00,0.29814239699997197,240
replication-0075,open_qa,256,kgw,kgw-01,0.5962847939999439,240
replication-0075,open_qa,256,kgw,kgw-02,0.29814239699997197,240
replication-0075,open_qa,256,kgw,kgw-03,0.4472135954999579,240
replication-0075,open_qa,256,kgw,kgw-04,0.29814239699997197,240
replication-0075,open_qa,256,kgw,kgw-05,0.5962847939999439,240
replication-0075,open_qa,256,kgw,kgw-06,1.0434983894999017,240
replication-0075,open_qa,256,kgw,kgw-07,0.14907119849998599,240
replication-0075,open_qa,256,kgw,kgw-08,-1.4907119849998598,240
replication-0075,open_qa,256,kgw,kgw-09,0.14907119849998599,240
replication-0075,open_qa,256,synthid,synthid-00,0.49232914923291493,239
replication-0075,open_qa,256,synthid,synthid-01,0.5271966527196653,239
replication-0075,open_qa,256,synthid,synthid-02,0.49279404927940496,239
replication-0075,open_qa,256,synthid,synthid-03,0.502556950255695,239
replication-0075,open_qa,256,synthid,synthid-04,0.49604834960483496,239
replication-0075,open_qa,256,synthid,synthid-05,0.496513249651325,239
replication-0075,open_qa,256,synthid,synthid-06,0.4895397489539749,239
replication-0075,open_qa,256,synthid,synthid-07,0.504881450488145,239
replication-0075,open_qa,256,synthid,synthid-08,0.49465364946536494,239
replication-0075,open_qa,256,synthid,synthid-09,0.5086006508600651,239
replication-0075,open_qa,512,kgw,kgw-00,-0.10675210253672476,468
replication-0075,open_qa,512,kgw,kgw-01,0.42700841014689905,468
replication-0075,open_qa,512,kgw,kgw-02,0.42700841014689905,468
replication-0075,open_qa,512,kgw,kgw-03,0.7472647177570734,468
replication-0075,open_qa,512,kgw,kgw-04,1.6012815380508714,468
replication-0075,open_qa,512,kgw,kgw-05,1.2810252304406973,468
replication-0075,open_qa,512,kgw,kgw-06,-0.3202563076101743,468
replication-0075,open_qa,512,kgw,kgw-07,0.42700841014689905,468
replication-0075,open_qa,512,kgw,kgw-08,-1.814785743124321,468
replication-0075,open_qa,512,kgw,kgw-09,-0.8540168202937981,468
replication-0075,open_qa,512,synthid,synthid-00,0.4898881751130145,467
replication-0075,open_qa,512,synthid,synthid-01,0.5129669283844873,467
replication-0075,open_qa,512,synthid,synthid-02,0.4848917439923864,467
replication-0075,open_qa,512,synthid,synthid-03,0.5005948132286462,467
replication-0075,open_qa,512,synthid,synthid-04,0.4979776350226029,467
replication-0075,open_qa,512,synthid,synthid-05,0.4927432786105163,467
replication-0075,open_qa,512,synthid,synthid-06,0.4944087556507257,467
replication-0075,open_qa,512,synthid,synthid-07,0.5072567213894837,467
replication-0075,open_qa,512,synthid,synthid-08,0.4986914108969783,467
replication-0075,open_qa,512,synthid,synthid-09,0.4994051867713538,467
replication-0076,summarization,128,kgw,kgw-00,0.6767529681839596,123
replication-0076,summarization,128,kgw,kgw-01,-0.15617376188860607,123
replication-0076,summarization,128,kgw,kgw-02,2.759069793365374,123
replication-0076,summarization,128,kgw,kgw-03,0.052057920629535355,123
replication-0076,summarization,128,kgw,kgw-04,3.175533158401657,123
replication-0076,summarization,128,kgw,kgw-05,3.383764840919798,123
replication-0076,summarization,128,kgw,kgw-06,4.216691570992364,123
replication-0076,summarization,128,kgw,kgw-07,-0.15617376188860607,123
replication-0076,summarization,128,kgw,kgw-08,-0.3644054444067475,123
replication-0076,summarization,128,kgw,kgw-09,-1.4055638569974547,123
replication-0076,summarization,128,synthid,synthid-00,0.4918032786885246,122
replication-0076,summarization,128,synthid,synthid-01,0.517304189435337,122
replication-0076,summarization,128,synthid,synthid-02,0.5027322404371585,122
replication-0076,summarization,128,synthid,synthid-03,0.4936247723132969,122
replication-0076,summarization,128,synthid,synthid-04,0.4772313296903461,122
replication-0076,summarization,128,synthid,synthid-05,0.48269581056466304,122
replication-0076,summarization,128,synthid,synthid-06,0.5273224043715847,122
replication-0076,summarization,128,synthid,synthid-07,0.5081967213114754,122
replication-0076,summarization,128,synthid,synthid-08,0.49635701275045535,122
replication-0076,summarization,128,synthid,synthid-09,0.4981785063752277,122
replication-0076,summarization,256,kgw,kgw-00,-0.4108025278352991,239
replication-0076,summarization,256,kgw,kgw-01,-0.7095680026246075,239
replication-0076,summarization,256,kgw,kgw-02,1.8299385330845142,239
replication-0076,summarization,256,kgw,kgw-03,1.9793212704791683,239
replication-0076,summarization,256,kgw,kgw-04,3.174383169636402,239
replication-0076,summarization,256,kgw,kgw-05,2.7262349574524394,239
replication-0076,summarization,256,kgw,kgw-06,3.3237659070310563,239
replication-0076,summarization,256,kgw,kgw-07,0.6348766339272804,239
replication-0076,summarization,256,kgw,kgw-08,-1.1577162148085702,239
replication-0076,summarization,256,kgw,kgw-09,-0.5601852652299533,239
replication-0076,summarization,256,synthid,synthid-00,0.49253034547152197,238
replication-0076,summarization,256,synthid,synthid-01,0.5149393090569561,238
replication-0076,summarization,256,synthid,synthid-02,0.5065359477124183,238
replication-0076,summarization,256,synthid,synthid-03,0.49859943977591037,238
replication-0076,summarization,256,synthid,synthid-04,0.49486461251167135,238
replication-0076,summarization,256,synthid,synthid-05,0.49019607843137253,238
replication-0076,summarization,256,synthid,synthid-06,0.5163398692810458,238
replication-0076,summarization,256,synthid,synthid-07,0.5060690943043884,238
replication-0076,summarization,256,synthid,synthid-08,0.4850606909430439,238
replication-0076,summarization,256,synthid,synthid-09,0.49019607843137253,238
replication-0076,summarization,512,kgw,kgw-00,-1.2147397859456464,478
replication-0076,summarization,512,kgw,kgw-01,-0.6865920529258002,478
replication-0076,summarization,512,kgw,kgw-02,2.693553438401216,478
replication-0076,summarization,512,kgw,kgw-03,2.1654057053813696,478
replication-0076,summarization,512,kgw,kgw-04,4.383626184064724,478
replication-0076,summarization,512,kgw,kgw-05,4.91177391708457,478
replication-0076,summarization,512,kgw,kgw-06,2.3766647985893083,478
replication-0076,summarization,512,kgw,kgw-07,0.6865920529258002,478
replication-0076,summarization,512,kgw,kgw-08,-1.9541466121734312,478
replication-0076,summarization,512,kgw,kgw-09,-1.003480692737708,478
replication-0076,summarization,512,synthid,synthid-00,0.5036105287677615,477
replication-0076,summarization,512,synthid,synthid-01,0.4987188446307943,477
replication-0076,summarization,512,synthid,synthid-02,0.49149778709527137,477
replication-0076,summarization,512,synthid,synthid-03,0.49918471931050545,477
replication-0076,summarization,512,synthid,synthid-04,0.506638714185884,477
replication-0076,summarization,512,synthid,synthid-05,0.5026787794083392,477
replication-0076,summarization,512,synthid,synthid-06,0.5122292103424179,477
replication-0076,summarization,512,synthid,synthid-07,0.5050081528068949,477
replication-0076,summarization,512,synthid,synthid-08,0.48986722571628233,477
replication-0076,summarization,512,synthid,synthid-09,0.4882366643372933,477
replication-0077,classification,128,kgw,kgw-00,1.2443420336765103,124
replication-0077,classification,128,kgw,kgw-01,-3.1108550841912757,124
replication-0077,classification,128,kgw,kgw-02,0.20739033894608505,124
replication-0077,classification,128,kgw,kgw-03,0.4147806778921701,124
replication-0077,classification,128,kgw,kgw-04,2.0739033894608507,124
replication-0077,classification,128,kgw,kgw-05,3.525635762083446,124
replication-0077,classification,128,kgw,kgw-06,4.355197117867786,124
replication-0077,classification,128,kgw,kgw-07,0.0,124
replication-0077,classification,128,kgw,kgw-08,-3.525635762083446,124
replication-0077,classification,128,kgw,kgw-09,0.0,124
replication-0077,classification,128,synthid,synthid-00,0.4878048780487805,123
replication-0077,classification,128,synthid,synthid-01,0.4968383017163505,123
replication-0077,classification,128,synthid,synthid-02,0.4905149051490515,123
replication-0077,classification,128,synthid,synthid-03,0.5103884372177055,123
replication-0077,classification,128,synthid,synthid-04,0.4670280036133695,123
replication-0077,classification,128,synthid,synthid-05,0.5067750677506775,123
replication-0077,classification,128,synthid,synthid-06,0.5140018066847335,123
replication-0077,classification,128,synthid,synthid-07,0.4950316169828365,123
replication-0077,classification,128,synthid,synthid-08,0.4896115627822945,123
replication-0077,classification,128,synthid,synthid-09,0.4914182475158085,123
replication-0077,classification,256,kgw,kgw-00,0.48960832515056113,235
replication-0077,classification,256,kgw,kgw-01,-2.6740146988992186,235
replication-0077,classification,256,kgw,kgw-02,0.18831089428867737,235
replication-0077,classification,256,kgw,kgw-03,0.48960832515056113,235
replication-0077,classification,256,kgw,kgw-04,1.8454467640290382,235
replication-0077,classification,256,kgw,kgw-05,3.8038800646312825,235
replication-0077,classification,256,kgw,kgw-06,4.707772357216934,235
replication-0077,classification,256,kgw,kgw-07,0.790905756012445,235
replication-0077,classification,256,kgw,kgw-08,-2.071419837175451,235
replication-0077,classification,256,kgw,kgw-09,-0.11298653657320641,235
replication-0077,classification,256,synthid,synthid-00,0.4838556505223172,234
replication-0077,classification,256,synthid,synthid-01,0.49952516619183285,234
replication-0077,classification,256,synthid,synthid-02,0.4876543209876543,234
replication-0077,classification,256,synthid,synthid-03,0.5047483380816714,234
replication-0077,classification,256,synthid,synthid-04,0.4734093067426401,234
replication-0077,classification,256,synthid,synthid-05,0.5071225071225072,234
replication-0077,classification,256,synthid,synthid-06,0.51994301994302,234
replication-0077,classification,256,synthid,synthid-07,0.49097815764482433,234
replication-0077,classification,256,synthid,synthid-08,0.49810066476733145,234
replication-0077,classification,256,synthid,synthid-09,0.50332383665717,234
replication-0077,classification,512,kgw,kgw-00,0.5131388228299033,457
replication-0077,classification,512,kgw,kgw-01,-2.8357671787968344,457
replication-0077,classification,512,kgw,kgw-02,0.4051095969709763,457
replication-0077,classification,512,kgw,kgw-03,-0.2430657581825858,457
replication-0077,classification,512,kgw,kgw-04,1.5934310814191737,457
replication-0077,classification,512,kgw,kgw-05,5.158395534763765,457
replication-0077,classification,512,kgw,kgw-06,5.5905124381994735,457
replication-0077,classification,512,kgw,kgw-07,-0.027007306464731755,457
replication-0077,classification,512,kgw,kgw-08,-3.2678840822325426,457
replication-0077,classification,512,kgw,kgw-09,-1.323358016771856,457
replication-0077,classification,512,synthid,synthid-00,0.4838317529783613,457
replication-0077,classification,512,synthid,synthid-01,0.5103330902017992,457
replication-0077,classification,512,synthid,synthid-02,0.49574519815220036,457
replication-0077,classification,512,synthid,synthid-03,0.5037685387794797,457
replication-0077,classification,512,synthid,synthid-04,0.4789691222951617,457
replication-0077,classification,512,synthid,synthid-05,0.5115487478725991,457
replication-0077,classification,512,synthid,synthid-06,0.5203014831023584,457
replication-0077,classification,512,synthid,synthid-07,0.4906394359348408,457
replication-0077,classification,512,synthid,synthid-08,0.50036469730124,457
replication-0077,classification,512,synthid,synthid-09,0.5088743009968393,457
replication-0078,information_extraction,128,kgw,kgw-00,0.15491933384829668,125
replication-0078,information_extraction,128,kgw,kgw-01,0.7745966692414834,125
replication-0078,information_extraction,128,kgw,kgw-02,0.7745966692414834,125
replication-0078,information_extraction,128,kgw,kgw-03,0.3614784456460256,125
replication-0078,information_extraction,128,kgw,kgw-04,3.6664242344096882,125
replication-0078,information_extraction,128,kgw,kgw-05,1.8073922282301278,125
replication-0078,information_extraction,128,kgw,kgw-06,1.600833116432399,125
replication-0078,information_extraction,128,kgw,kgw-07,0.3614784456460256,125
replication-0078,information_extraction,128,kgw,kgw-08,0.7745966692414834,125
replication-0078,information_extraction,128,kgw,kgw-09,-0.051639777949432225,125
replication-0078,information_extraction,128,synthid,synthid-00,0.4982078853046595,124
replication-0078,information_extraction,128,synthid,synthid-01,0.49372759856630827,124
replication-0078,information_extraction,128,synthid,synthid-02,0.4946236559139785,124
replication-0078,information_extraction,128,synthid,synthid-03,0.492831541218638,124
replication-0078,information_extraction,128,synthid,synthid-04,0.5062724014336918,124
replication-0078,information_extraction,128,synthid,synthid-05,0.47939068100358423,124
replication-0078,information_extraction,128,synthid,synthid-06,0.5161290322580645,124
replication-0078,information_extraction,128,synthid,synthid-07,0.5125448028673835,124
replication-0078,information_extraction,128,synthid,synthid-08,0.5080645161290323,124
replication-0078,information_extraction,128,synthid,synthid-09,0.5044802867383512,124
replication-0078,information_extraction,256,kgw,kgw-00,1.4269353798659745,249
replication-0078,information_extraction,256,kgw,kgw-01,-0.9147021665807529,249
replication-0078,information_extraction,256,kgw,kgw-02,0.2561166066426108,249
replication-0078,information_extraction,256,kgw,kgw-03,1.1342306865601335,249
replication-0078,information_extraction,256,kgw,kgw-04,3.475868233006861,249
replication-0078,information_extraction,256,kgw,kgw-05,2.012344766477656,249
replication-0078,information_extraction,256,kgw,kgw-06,0.8415259932542927,249
replication-0078,information_extraction,256,kgw,kgw-07,-0.18294043331615056,249
replication-0078,information_extraction,256,kgw,kgw-08,1.2805830332130541,249
replication-0078,information_extraction,256,kgw,kgw-09,-0.329292779969071,249
replication-0078,information_extraction,256,synthid,synthid-00,0.4914874551971326,248
replication-0078,information_extraction,256,synthid,synthid-01,0.4932795698924731,248
replication-0078,information_extraction,256,synthid,synthid-02,0.4883512544802867,248
replication-0078,information_extraction,256,synthid,synthid-03,0.5017921146953405,248
replication-0078,information_extraction,256,synthid,synthid-04,0.5165770609318996,248
replication-0078,information_extraction,256,synthid,synthid-05,0.5026881720430108,248
replication-0078,information_extraction,256,synthid,synthid-06,0.5062724014336918,248
replication-0078,information_extraction,256,synthid,synthid-07,0.5170250896057348,248
replication-0078,information_extraction,256,synthid,synthid-08,0.49551971326164873,248
replication-0078,information_extraction,256,synthid,synthid-09,0.5125448028673835,248
replication-0078,information_extraction,512,kgw,kgw-00,1.0119849184534842,470
replication-0078,information_extraction,512,kgw,kgw-01,-1.1185096467117457,470
replication-0078,information_extraction,512,kgw,kgw-02,-0.15978709238739225,470
replication-0078,information_extraction,512,kgw,kgw-03,0.05326236412913075,470
replication-0078,information_extraction,512,kgw,kgw-04,2.8229052988439296,470
replication-0078,information_extraction,512,kgw,kgw-05,1.2250343749700072,470
replication-0078,information_extraction,512,kgw,kgw-06,-0.47936127716217675,470
replication-0078,information_extraction,512,kgw,kgw-07,-0.26631182064565373,470
replication-0078,information_extraction,512,kgw,kgw-08,0.7989354619369612,470
replication-0078,information_extraction,512,kgw,kgw-09,-0.6924107336786998,470
replication-0078,information_extraction,512,synthid,synthid-00,0.488272921108742,469
replication-0078,information_extraction,512,synthid,synthid-01,0.4934849561715233,469
replication-0078,information_extraction,512,synthid,synthid-02,0.49656479507225776,469
replication-0078,information_extraction,512,synthid,synthid-03,0.5041459369817579,469
replication-0078,information_extraction,512,synthid,synthid-04,0.5164652925846955,469
replication-0078,information_extraction,512,synthid,synthid-05,0.4994077232883203,469
replication-0078,information_extraction,512,synthid,synthid-06,0.49301113480217956,469
replication-0078,information_extraction,512,synthid,synthid-07,0.5069888651978204,469
replication-0078,information_extraction,512,synthid,synthid-08,0.501776830135039,469
replication-0078,information_extraction,512,synthid,synthid-09,0.5079365079365079,469
replication-0079,creative_writing,128,kgw,kgw-00,0.5680375574437545,125
replication-0079,creative_writing,128,kgw,kgw-01,1.39427400463467,125
replication-0079,creative_writing,128,kgw,kgw-02,0.9811557810392123,125
replication-0079,creative_writing,128,kgw,kgw-03,0.9811557810392123,125
replication-0079,creative_writing,128,kgw,kgw-04,0.7745966692414834,125
replication-0079,creative_writing,128,kgw,kgw-05,0.9811557810392123,125
replication-0079,creative_writing,128,kgw,kgw-06,1.8073922282301278,125
replication-0079,creative_writing,128,kgw,kgw-07,-0.25819888974716115,125
replication-0079,creative_writing,128,kgw,kgw-08,-0.6713171133426189,125
replication-0079,creative_writing,128,kgw,kgw-09,-1.7041126723312634,125
replication-0079,creative_writing,128,synthid,synthid-00,0.482078853046595,124
replication-0079,creative_writing,128,synthid,synthid-01,0.507168458781362,124
replication-0079,creative_writing,128,synthid,synthid-02,0.48566308243727596,124
replication-0079,creative_writing,128,synthid,synthid-03,0.4946236559139785,124
replication-0079,creative_writing,128,synthid,synthid-04,0.496415770609319,124
replication-0079,creative_writing,128,synthid,synthid-05,0.48028673835125446,124
replication-0079,creative_writing,128,synthid,synthid-06,0.4982078853046595,124
replication-0079,creative_writing,128,synthid,synthid-07,0.503584229390681,124
replication-0079,creative_writing,128,synthid,synthid-08,0.4982078853046595,124
replication-0079,creative_writing,128,synthid,synthid-09,0.47580645161290325,124
replication-0079,creative_writing,256,kgw,kgw-00,1.6002645283972774,252
replication-0079,creative_writing,256,kgw,kgw-01,0.0,252
replication-0079,creative_writing,256,kgw,kgw-02,0.727392967453308,252
replication-0079,creative_writing,256,kgw,kgw-03,1.0183501544346312,252
replication-0079,creative_writing,256,kgw,kgw-04,0.727392967453308,252
replication-0079,creative_writing,256,kgw,kgw-05,2.0367003088692623,252
replication-0079,creative_writing,256,kgw,kgw-06,1.8912217153786006,252
replication-0079,creative_writing,256,kgw,kgw-07,0.8728715609439694,252
replication-0079,creative_writing,256,kgw,kgw-08,-1.0183501544346312,252
replication-0079,creative_writing,256,kgw,kgw-09,-1.1638287479252927,252
replication-0079,creative_writing,256,synthid,synthid-00,0.5077467906153165,251
replication-0079,creative_writing,256,synthid,synthid-01,0.4949092518813634,251
replication-0079,creative_writing,256,synthid,synthid-02,0.49756529437804337,251
replication-0079,creative_writing,256,synthid,synthid-03,0.48738379814077026,251
replication-0079,creative_writing,256,synthid,synthid-04,0.49712262062859675,251
replication-0079,creative_writing,256,synthid,synthid-05,0.4900398406374502,251
replication-0079,creative_writing,256,synthid,synthid-06,0.49269588313413015,251
replication-0079,creative_writing,256,synthid,synthid-07,0.5095174856131032,251
replication-0079,creative_writing,256,synthid,synthid-08,0.4957945993802568,251
replication-0079,creative_writing,256,synthid,synthid-09,0.4953519256308101,251
replication-0079,creative_writing,512,kgw,kgw-00,0.9753213044447562,506
replication-0079,creative_writing,512,kgw,kgw-01,-0.667325103041149,506
replication-0079,creative_writing,512,kgw,kgw-02,1.1806521053804944,506
replication-0079,creative_writing,512,kgw,kgw-03,0.4619943021054108,506
replication-0079,creative_writing,512,kgw,kgw-04,1.5913137072519705,506
replication-0079,creative_writing,512,kgw,kgw-05,2.9259639133342685,506
replication-0079,creative_writing,512,kgw,kgw-06,1.3859829063162323,506
replication-0079,creative_writing,512,kgw,kgw-07,-0.2566635011696727,506
replication-0079,creative_writing,512,kgw,kgw-08,-1.5913137072519705,506
replication-0079,creative_writing,512,kgw,kgw-09,-0.5646597025732799,506
replication-0079,creative_writing,512,synthid,synthid-00,0.5064906490649065,505
replication-0079,creative_writing,512,synthid,synthid-01,0.5042904290429043,505
replication-0079,creative_writing,512,synthid,synthid-02,0.5038503850385039,505
replication-0079,creative_writing,512,synthid,synthid-03,0.4946094609460946,505
replication-0079,creative_writing,512,synthid,synthid-04,0.4974697469746975,505
replication-0079,creative_writing,512,synthid,synthid-05,0.4946094609460946,505
replication-0079,creative_writing,512,synthid,synthid-06,0.5016501650165016,505
replication-0079,creative_writing,512,synthid,synthid-07,0.5124312431243124,505
replication-0079,creative_writing,512,synthid,synthid-08,0.502970297029703,505
replication-0079,creative_writing,512,synthid,synthid-09,0.49592959295929595,505
replication-0080,open_qa,128,kgw,kgw-00,1.4517323726225955,124
replication-0080,open_qa,128,kgw,kgw-01,1.0369516947304254,124
replication-0080,open_qa,128,kgw,kgw-02,-0.4147806778921701,124
replication-0080,open_qa,128,kgw,kgw-03,0.6221710168382552,124
replication-0080,open_qa,128,kgw,kgw-04,-0.4147806778921701,124
replication-0080,open_qa,128,kgw,kgw-05,0.0,124
replication-0080,open_qa,128,kgw,kgw-06,0.6221710168382552,124
replication-0080,open_qa,128,kgw,kgw-07,0.4147806778921701,124
replication-0080,open_qa,128,kgw,kgw-08,-1.2443420336765103,124
replication-0080,open_qa,128,kgw,kgw-09,-0.6221710168382552,124
replication-0080,open_qa,128,synthid,synthid-00,0.5040650406504065,123
replication-0080,open_qa,128,synthid,synthid-01,0.5383920505871725,123
replication-0080,open_qa,128,synthid,synthid-02,0.47244805781391147,123
replication-0080,open_qa,128,synthid,synthid-03,0.5094850948509485,123
replication-0080,open_qa,128,synthid,synthid-04,0.5221318879855466,123
replication-0080,open_qa,128,synthid,synthid-05,0.4986449864498645,123
replication-0080,open_qa,128,synthid,synthid-06,0.5112917795844625,123
replication-0080,open_qa,128,synthid,synthid-07,0.49232158988256547,123
replication-0080,open_qa,128,synthid,synthid-08,0.5067750677506775,123
replication-0080,open_qa,128,synthid,synthid-09,0.4950316169828365,123
replication-0080,open_qa,256,kgw,kgw-00,1.0183501544346312,252
replication-0080,open_qa,256,kgw,kgw-01,1.1638287479252927,252
replication-0080,open_qa,256,kgw,kgw-02,0.727392967453308,252
replication-0080,open_qa,256,kgw,kgw-03,-0.14547859349066158,252
replication-0080,open_qa,256,kgw,kgw-04,-0.14547859349066158,252
replication-0080,open_qa,256,kgw,kgw-05,1.3093073414159542,252
replication-0080,open_qa,256,kgw,kgw-06,0.8728715609439694,252
replication-0080,open_qa,256,kgw,kgw-07,-0.727392967453308,252
replication-0080,open_qa,256,kgw,kgw-08,-0.727392967453308,252
replication-0080,open_qa,256,kgw,kgw-09,-1.1638287479252927,252
replication-0080,open_qa,256,synthid,synthid-00,0.5050907481186365,251
replication-0080,open_qa,256,synthid,synthid-01,0.5183709606020362,251
replication-0080,open_qa,256,synthid,synthid-02,0.4913678618857902,251
replication-0080,open_qa,256,synthid,synthid-03,0.50066401062417,251
replication-0080,open_qa,256,synthid,synthid-04,0.5267817618415228,251
replication-0080,open_qa,256,synthid,synthid-05,0.5050907481186365,251
replication-0080,open_qa,256,synthid,synthid-06,0.5055334218680833,251
replication-0080,open_qa,256,synthid,synthid-07,0.49712262062859675,251
replication-0080,open_qa,256,synthid,synthid-08,0.5015493581230633,251
replication-0080,open_qa,256,synthid,synthid-09,0.49933598937583,251
replication-0080,open_qa,512,kgw,kgw-00,1.0999438818457405,486
replication-0080,open_qa,512,kgw,kgw-01,0.6809176411426012,486
replication-0080,open_qa,512,kgw,kgw-02,-0.05237828008789241,486
replication-0080,open_qa,512,kgw,kgw-03,-0.15713484026367722,486
replication-0080,open_qa,512,kgw,kgw-04,1.414213562373095,486
replication-0080,open_qa,512,kgw,kgw-05,2.2522660437793736,486
replication-0080,open_qa,512,kgw,kgw-06,0.6809176411426012,486
replication-0080,open_qa,512,kgw,kgw-07,-0.5761610809668165,486
replication-0080,open_qa,512,kgw,kgw-08,-0.9951873216699557,486
replication-0080,open_qa,512,kgw,kgw-09,-0.4714045207910316,486
replication-0080,open_qa,512,synthid,synthid-00,0.49657064471879286,486
replication-0080,open_qa,512,synthid,synthid-01,0.5102880658436214,486
replication-0080,open_qa,512,synthid,synthid-02,0.4835390946502058,486
replication-0080,open_qa,512,synthid,synthid-03,0.4977137631458619,486
replication-0080,open_qa,512,synthid,synthid-04,0.5132601737540009,486
replication-0080,open_qa,512,synthid,synthid-05,0.5043438500228624,486
replication-0080,open_qa,512,synthid,synthid-06,0.5032007315957934,486
replication-0080,open_qa,512,synthid,synthid-07,0.48582533150434387,486
replication-0080,open_qa,512,synthid,synthid-08,0.49565614997713764,486
replication-0080,open_qa,512,synthid,synthid-09,0.50480109739369,486
replication-0081,brainstorming,128,kgw,kgw-00,0.6880329612324521,119
replication-0081,brainstorming,128,kgw,kgw-01,-1.2172890852574152,119
replication-0081,brainstorming,128,kgw,kgw-02,0.4763305116224668,119
replication-0081,brainstorming,128,kgw,kgw-03,0.26462806201248157,119
replication-0081,brainstorming,128,kgw,kgw-04,1.534842759672393,119
replication-0081,brainstorming,128,kgw,kgw-05,1.7465452092823783,119
replication-0081,brainstorming,128,kgw,kgw-06,1.9582476588923636,119
replication-0081,brainstorming,128,kgw,kgw-07,0.26462806201248157,119
replication-0081,brainstorming,128,kgw,kgw-08,0.6880329612324521,119
replication-0081,brainstorming,128,kgw,kgw-09,0.05292561240249631,119
replication-0081,brainstorming,128,synthid,synthid-00,0.5028248587570622,118
replication-0081,brainstorming,128,synthid,synthid-01,0.5188323917137476,118
replication-0081,brainstorming,128,synthid,synthid-02,0.5009416195856874,118
replication-0081,brainstorming,128,synthid,synthid-03,0.5056497175141242,118
replication-0081,brainstorming,128,synthid,synthid-04,0.5065913370998116,118
replication-0081,brainstorming,128,synthid,synthid-05,0.4962335216572505,118
replication-0081,brainstorming,128,synthid,synthid-06,0.4943502824858757,118
replication-0081,brainstorming,128,synthid,synthid-07,0.4990583804143126,118
replication-0081,brainstorming,128,synthid,synthid-08,0.4915254237288136,118
replication-0081,brainstorming,128,synthid,synthid-09,0.4924670433145009,118
replication-0081,brainstorming,256,kgw,kgw-00,1.2129568697262454,232
replication-0081,brainstorming,256,kgw,kgw-01,-0.30323921743156135,232
replication-0081,brainstorming,256,kgw,kgw-02,0.7580980435789034,232
replication-0081,brainstorming,256,kgw,kgw-03,0.30323921743156135,232
replication-0081,brainstorming,256,kgw,kgw-04,1.819435304589368,232
replication-0081,brainstorming,256,kgw,kgw-05,2.1226745220209295,232
replication-0081,brainstorming,256,kgw,kgw-06,1.2129568697262454,232
replication-0081,brainstorming,256,kgw,kgw-07,0.0,232
replication-0081,brainstorming,256,kgw,kgw-08,-0.454858826147342,232
replication-0081,brainstorming,256,kgw,kgw-09,0.454858826147342,232
replication-0081,brainstorming,256,synthid,synthid-00,0.5016835016835017,231
replication-0081,brainstorming,256,synthid,synthid-01,0.5151515151515151,231
replication-0081,brainstorming,256,synthid,synthid-02,0.49927849927849927,231
replication-0081,brainstorming,256,synthid,synthid-03,0.5079365079365079,231
replication-0081,brainstorming,256,synthid,synthid-04,0.4987974987974988,231
replication-0081,brainstorming,256,synthid,synthid-05,0.49927849927849927,231
replication-0081,brainstorming,256,synthid,synthid-06,0.4896584896584897,231
replication-0081,brainstorming,256,synthid,synthid-07,0.4896584896584897,231
replication-0081,brainstorming,256,synthid,synthid-08,0.4983164983164983,231
replication-0081,brainstorming,256,synthid,synthid-09,0.4963924963924964,231
replication-0081,brainstorming,512,kgw,kgw-00,2.1564019004566894,482
replication-0081,brainstorming,512,kgw,kgw-01,0.3681661781267519,482
replication-0081,brainstorming,512,kgw,kgw-02,0.5785468513420386,482
replication-0081,brainstorming,512,kgw,kgw-03,0.26297584151910847,482
replication-0081,brainstorming,512,kgw,kgw-04,2.4719729102796197,482
replication-0081,brainstorming,512,kgw,kgw-05,3.4186859397484106,482
replication-0081,brainstorming,512,kgw,kgw-06,0.8941178611649688,482
replication-0081,brainstorming,512,kgw,kgw-07,0.5785468513420386,482
replication-0081,brainstorming,512,kgw,kgw-08,-0.26297584151910847,482
replication-0081,brainstorming,512,kgw,kgw-09,1.9460212272414028,482
replication-0081,brainstorming,512,synthid,synthid-00,0.5091245091245091,481
replication-0081,brainstorming,512,synthid,synthid-01,0.5148995148995149,481
replication-0081,brainstorming,512,synthid,synthid-02,0.507969507969508,481
replication-0081,brainstorming,512,synthid,synthid-03,0.4915684915684916,481
replication-0081,brainstorming,512,synthid,synthid-04,0.49734349734349736,481
replication-0081,brainstorming,512,synthid,synthid-05,0.5015015015015015,481
replication-0081,brainstorming,512,synthid,synthid-06,0.49064449064449067,481
replication-0081,brainstorming,512,synthid,synthid-07,0.48925848925848925,481
replication-0081,brainstorming,512,synthid,synthid-08,0.4931854931854932,481
replication-0081,brainstorming,512,synthid,synthid-09,0.4961884961884962,481
replication-0082,open_qa,128,kgw,kgw-00,1.2649110640673518,120
replication-0082,open_qa,128,kgw,kgw-01,-0.21081851067789195,120
replication-0082,open_qa,128,kgw,kgw-02,1.0540925533894598,120
replication-0082,open_qa,128,kgw,kgw-03,0.4216370213557839,120
replication-0082,open_qa,128,kgw,kgw-04,-0.21081851067789195,120
replication-0082,open_qa,128,kgw,kgw-05,2.9514591494904874,120
replication-0082,open_qa,128,kgw,kgw-06,-1.4757295747452437,120
replication-0082,open_qa,128,kgw,kgw-07,-0.8432740427115678,120
replication-0082,open_qa,128,kgw,kgw-08,-1.0540925533894598,120
replication-0082,open_qa,128,kgw,kgw-09,-2.1081851067789197,120
replication-0082,open_qa,128,synthid,synthid-00,0.49486461251167135,119
replication-0082,open_qa,128,synthid,synthid-01,0.46591970121381887,119
replication-0082,open_qa,128,synthid,synthid-02,0.4976657329598506,119
replication-0082,open_qa,128,synthid,synthid-03,0.4780578898225957,119
replication-0082,open_qa,128,synthid,synthid-04,0.5051353874883286,119
replication-0082,open_qa,128,synthid,synthid-05,0.49859943977591037,119
replication-0082,open_qa,128,synthid,synthid-06,0.5116713352007469,119
replication-0082,open_qa,128,synthid,synthid-07,0.5191409897292251,119
replication-0082,open_qa,128,synthid,synthid-08,0.47992530345471524,119
replication-0082,open_qa,128,synthid,synthid-09,0.5023342670401494,119
replication-0082,open_qa,256,kgw,kgw-00,-0.4108025278352991,239
replication-0082,open_qa,256,kgw,kgw-01,0.18672842174331777,239
replication-0082,open_qa,256,kgw,kgw-02,0.7842593713219346,239
replication-0082,open_qa,256,kgw,kgw-03,0.4854938965326262,239
replication-0082,open_qa,256,kgw,kgw-04,1.083024846111243,239
replication-0082,open_qa,256,kgw,kgw-05,3.4731486444257103,239
replication-0082,open_qa,256,kgw,kgw-06,-1.9046299017818413,239
replication-0082,open_qa,256,kgw,kgw-07,-0.8589507400192617,239
replication-0082,open_qa,256,kgw,kgw-08,-0.4108025278352991,239
replication-0082,open_qa,256,kgw,kgw-09,-2.0540126391764955,239
replication-0082,open_qa,256,synthid,synthid-00,0.5018674136321195,238
replication-0082,open_qa,256,synthid,synthid-01,0.47198879551820727,238
replication-0082,open_qa,256,synthid,synthid-02,0.4976657329598506,238
replication-0082,open_qa,256,synthid,synthid-03,0.48552754435107376,238
replication-0082,open_qa,256,synthid,synthid-04,0.4981325863678805,238
replication-0082,open_qa,256,synthid,synthid-05,0.49159663865546216,238
replication-0082,open_qa,256,synthid,synthid-06,0.5004668534080299,238
replication-0082,open_qa,256,synthid,synthid-07,0.507469654528478,238
replication-0082,open_qa,256,synthid,synthid-08,0.5065359477124183,238
replication-0082,open_qa,256,synthid,synthid-09,0.5032679738562091,238
replication-0082,open_qa,512,kgw,kgw-00,1.551223615963827,466
replication-0082,open_qa,512,kgw,kgw-01,0.8023570427399106,466
replication-0082,open_qa,512,kgw,kgw-02,1.444242676931839,466
replication-0082,open_qa,512,kgw,kgw-03,-0.2674523475799702,466
replication-0082,open_qa,512,kgw,kgw-04,1.0163189208038867,466
replication-0082,open_qa,512,kgw,kgw-05,2.5140520672517197,466
replication-0082,open_qa,512,kgw,kgw-06,-2.193109250155756,466
replication-0082,open_qa,512,kgw,kgw-07,-1.1232998598358748,466
replication-0082,open_qa,512,kgw,kgw-08,-1.9791473720917796,466
replication-0082,open_qa,512,kgw,kgw-09,-1.7651854940278033,466
replication-0082,open_qa,512,synthid,synthid-00,0.5017921146953405,465
replication-0082,open_qa,512,synthid,synthid-01,0.47933094384707287,465
replication-0082,open_qa,512,synthid,synthid-02,0.4977299880525687,465
replication-0082,open_qa,512,synthid,synthid-03,0.4939068100358423,465
replication-0082,open_qa,512,synthid,synthid-04,0.5032258064516129,465
replication-0082,open_qa,512,synthid,synthid-05,0.49080047789725206,465
replication-0082,open_qa,512,synthid,synthid-06,0.4876941457586619,465
replication-0082,open_qa,512,synthid,synthid-07,0.4996415770609319,465
replication-0082,open_qa,512,synthid,synthid-08,0.5046594982078854,465
replication-0082,open_qa,512,synthid,synthid-09,0.5053763440860215,465
replication-0083,classification,128,kgw,kgw-00,1.8073922282301278,125
replication-0083,classification,128,kgw,kgw-01,1.1877148928369412,125
replication-0083,classification,128,kgw,kgw-02,-1.0844353369380768,125
replication-0083,classification,128,kgw,kgw-03,1.1877148928369412,125
replication-0083,classification,128,kgw,kgw-04,0.15491933384829668,125
replication-0083,classification,128,kgw,kgw-05,0.9811557810392123,125
replication-0083,classification,128,kgw,kgw-06,0.15491933384829668,125
replication-0083,classification,128,kgw,kgw-07,0.9811557810392123,125
replication-0083,classification,128,kgw,kgw-08,-0.46475800154489005,125
replication-0083,classification,128,kgw,kgw-09,-0.46475800154489005,125
replication-0083,classification,128,synthid,synthid-00,0.4838709677419355,124
replication-0083,classification,128,synthid,synthid-01,0.5134408602150538,124
replication-0083,classification,128,synthid,synthid-02,0.48028673835125446,124
replication-0083,classification,128,synthid,synthid-03,0.510752688172043,124
replication-0083,classification,128,synthid,synthid-04,0.5152329749103942,124
replication-0083,classification,128,synthid,synthid-05,0.49910394265232977,124
replication-0083,classification,128,synthid,synthid-06,0.5286738351254481,124
replication-0083,classification,128,synthid,synthid-07,0.47491039426523296,124
replication-0083,classification,128,synthid,synthid-08,0.5044802867383512,124
replication-0083,classification,128,synthid,synthid-09,0.53584229390681,124
replication-0083,classification,256,kgw,kgw-00,1.865992419824736,249
replication-0083,classification,256,kgw,kgw-01,0.5488212999484517,249
replication-0083,classification,256,kgw,kgw-02,-0.9147021665807529,249
replication-0083,classification,256,kgw,kgw-03,0.5488212999484517,249
replication-0083,classification,256,kgw,kgw-04,0.10976425998969035,249
replication-0083,classification,256,kgw,kgw-05,0.9878783399072131,249
replication-0083,classification,256,kgw,kgw-06,0.6951736466013722,249
replication-0083,classification,256,kgw,kgw-07,2.3050494597834974,249
replication-0083,classification,256,kgw,kgw-08,-1.6464638998453551,249
replication-0083,classification,256,kgw,kgw-09,-0.036588086663230115,249
replication-0083,classification,256,synthid,synthid-00,0.5008960573476703,248
replication-0083,classification,256,synthid,synthid-01,0.5089605734767025,248
replication-0083,classification,256,synthid,synthid-02,0.482078853046595,248
replication-0083,classification,256,synthid,synthid-03,0.49507168458781364,248
replication-0083,classification,256,synthid,synthid-04,0.510752688172043,248
replication-0083,classification,256,synthid,synthid-05,0.4874551971326165,248
replication-0083,classification,256,synthid,synthid-06,0.49955197132616486,248
replication-0083,classification,256,synthid,synthid-07,0.49014336917562723,248
replication-0083,classification,256,synthid,synthid-08,0.5103046594982079,248
replication-0083,classification,256,synthid,synthid-09,0.5188172043010753,248
replication-0083,classification,512,kgw,kgw-00,2.4970492858274858,503
replication-0083,classification,512,kgw,kgw-01,0.025742776142551403,503
replication-0083,classification,512,kgw,kgw-02,-0.5920838512786822,503
replication-0083,classification,512,kgw,kgw-03,0.8495116127041963,503
replication-0083,classification,512,kgw,kgw-04,1.158424926414813,503
replication-0083,classification,512,kgw,kgw-05,1.2613960309850187,503
replication-0083,classification,512,kgw,kgw-06,0.8495116127041963,503
replication-0083,classification,512,kgw,kgw-07,2.6000203903976917,503
replication-0083,classification,512,kgw,kgw-08,-2.136650419831766,503
replication-0083,classification,512,kgw,kgw-09,0.025742776142551403,503
replication-0083,classification,512,synthid,synthid-00,0.5,502
replication-0083,classification,512,synthid,synthid-01,0.5028773793714033,502
replication-0083,classification,512,synthid,synthid-02,0.49114652501106687,502
replication-0083,classification,512,synthid,synthid-03,0.49800796812749004,502
replication-0083,classification,512,synthid,synthid-04,0.5024347056219566,502
replication-0083,classification,512,synthid,synthid-05,0.49778663125276673,502
replication-0083,classification,512,synthid,synthid-06,0.49933598937583,502
replication-0083,classification,512,synthid,synthid-07,0.4869411243913236,502
replication-0083,classification,512,synthid,synthid-08,0.4962372731297034,502
replication-0083,classification,512,synthid,synthid-09,0.5152722443559097,502
replication-0084,brainstorming,128,kgw,kgw-00,2.2812937284069355,124
replication-0084,brainstorming,128,kgw,kgw-01,0.0,124
replication-0084,brainstorming,128,kgw,kgw-02,-0.6221710168382552,124
replication-0084,brainstorming,128,kgw,kgw-03,0.20739033894608505,124
replication-0084,brainstorming,128,kgw,kgw-04,1.6591227115686804,124
replication-0084,brainstorming,128,kgw,kgw-05,1.8665130505147656,124
replication-0084,brainstorming,128,kgw,kgw-06,1.2443420336765103,124
replication-0084,brainstorming,128,kgw,kgw-07,-0.6221710168382552,124
replication-0084,brainstorming,128,kgw,kgw-08,-0.6221710168382552,124
replication-0084,brainstorming,128,kgw,kgw-09,1.0369516947304254,124
replication-0084,brainstorming,128,synthid,synthid-00,0.4905149051490515,123
replication-0084,brainstorming,128,synthid,synthid-01,0.5013550135501355,123
replication-0084,brainstorming,128,synthid,synthid-02,0.5067750677506775,123
replication-0084,brainstorming,128,synthid,synthid-03,0.5158084914182475,123
replication-0084,brainstorming,128,synthid,synthid-04,0.5013550135501355,123
replication-0084,brainstorming,128,synthid,synthid-05,0.46883468834688347,123
replication-0084,brainstorming,128,synthid,synthid-06,0.5185185185185185,123
replication-0084,brainstorming,128,synthid,synthid-07,0.5040650406504065,123
replication-0084,brainstorming,128,synthid,synthid-08,0.4832881662149955,123
replication-0084,brainstorming,128,synthid,synthid-09,0.4832881662149955,123
replication-0084,brainstorming,256,kgw,kgw-00,1.7196400731718153,249
replication-0084,brainstorming,256,kgw,kgw-01,-0.036588086663230115,249
replication-0084,brainstorming,256,kgw,kgw-02,0.2561166066426108,249
replication-0084,brainstorming,256,kgw,kgw-03,-0.329292779969071,249
replication-0084,brainstorming,256,kgw,kgw-04,1.865992419824736,249
replication-0084,brainstorming,256,kgw,kgw-05,2.7441064997422586,249
replication-0084,brainstorming,256,kgw,kgw-06,2.012344766477656,249
replication-0084,brainstorming,256,kgw,kgw-07,-0.036588086663230115,249
replication-0084,brainstorming,256,kgw,kgw-08,-0.7683498199278324,249
replication-0084,brainstorming,256,kgw,kgw-09,0.6951736466013722,249
replication-0084,brainstorming,256,synthid,synthid-00,0.4883512544802867,248
replication-0084,brainstorming,256,synthid,synthid-01,0.49417562724014336,248
replication-0084,brainstorming,256,synthid,synthid-02,0.5049283154121864,248
replication-0084,brainstorming,256,synthid,synthid-03,0.5098566308243727,248
replication-0084,brainstorming,256,synthid,synthid-04,0.5076164874551972,248
replication-0084,brainstorming,256,synthid,synthid-05,0.4923835125448029,248
replication-0084,brainstorming,256,synthid,synthid-06,0.5040322580645161,248
replication-0084,brainstorming,256,synthid,synthid-07,0.5013440860215054,248
replication-0084,brainstorming,256,synthid,synthid-08,0.48566308243727596,248
replication-0084,brainstorming,256,synthid,synthid-09,0.5013440860215054,248
replication-0084,brainstorming,512,kgw,kgw-00,1.512757539776173,490
replication-0084,brainstorming,512,kgw,kgw-01,-0.469476477861571,490
replication-0084,brainstorming,512,kgw,kgw-02,1.1997732212017924,490
replication-0084,brainstorming,512,kgw,kgw-03,-1.8257418583505538,490
replication-0084,brainstorming,512,kgw,kgw-04,2.034398070733474,490
replication-0084,brainstorming,512,kgw,kgw-05,2.6603667078822353,490
replication-0084,brainstorming,512,kgw,kgw-06,2.556038601690775,490
replication-0084,brainstorming,512,kgw,kgw-07,-0.26082026547865056,490
replication-0084,brainstorming,512,kgw,kgw-08,0.052164053095730106,490
replication-0084,brainstorming,512,kgw,kgw-09,0.7824607964359516,490
replication-0084,brainstorming,512,synthid,synthid-00,0.4965986394557823,490
replication-0084,brainstorming,512,synthid,synthid-01,0.5002267573696145,490
replication-0084,brainstorming,512,synthid,synthid-02,0.500907029478458,490
replication-0084,brainstorming,512,synthid,synthid-03,0.518140589569161,490
replication-0084,brainstorming,512,synthid,synthid-04,0.4873015873015873,490
replication-0084,brainstorming,512,synthid,synthid-05,0.4895691609977324,490
replication-0084,brainstorming,512,synthid,synthid-06,0.4961451247165533,490
replication-0084,brainstorming,512,synthid,synthid-07,0.5108843537414965,490
replication-0084,brainstorming,512,synthid,synthid-08,0.49115646258503404,490
replication-0084,brainstorming,512,synthid,synthid-09,0.49909297052154195,490
replication-0085,classification,128,kgw,kgw-00,0.5119921115897168,103
replication-0085,classification,128,kgw,kgw-01,-1.0808722355782912,103
replication-0085,classification,128,kgw,kgw-02,-1.0808722355782912,103
replication-0085,classification,128,kgw,kgw-03,0.7395441611851465,103
replication-0085,classification,128,kgw,kgw-04,1.194648260376006,103
replication-0085,classification,128,kgw,kgw-05,1.4222003099714355,103
replication-0085,classification,128,kgw,kgw-06,0.7395441611851465,103
replication-0085,classification,128,kgw,kgw-07,-0.398216086792002,103
replication-0085,classification,128,kgw,kgw-08,2.1048564587577245,103
replication-0085,classification,128,kgw,kgw-09,0.2844400619942871,103
replication-0085,classification,128,synthid,synthid-00,0.48366013071895425,102
replication-0085,classification,128,synthid,synthid-01,0.49673202614379086,102
replication-0085,classification,128,synthid,synthid-02,0.4912854030501089,102
replication-0085,classification,128,synthid,synthid-03,0.4912854030501089,102
replication-0085,classification,128,synthid,synthid-04,0.49782135076252726,102
replication-0085,classification,128,synthid,synthid-05,0.47058823529411764,102
replication-0085,classification,128,synthid,synthid-06,0.4891067538126362,102
replication-0085,classification,128,synthid,synthid-07,0.4738562091503268,102
replication-0085,classification,128,synthid,synthid-08,0.4880174291938998,102
replication-0085,classification,128,synthid,synthid-09,0.5261437908496732,102
replication-0085,classification,256,kgw,kgw-00,0.0,184
replication-0085,classification,256,kgw,kgw-01,-1.5322617553657476,184
replication-0085,classification,256,kgw,kgw-02,-0.5107539184552492,184
replication-0085,classification,256,kgw,kgw-03,1.0215078369104984,184
replication-0085,classification,256,kgw,kgw-04,1.7025130615174973,184
replication-0085,classification,256,kgw,kgw-05,0.6810052246069989,184
replication-0085,classification,256,kgw,kgw-06,1.0215078369104984,184
replication-0085,classification,256,kgw,kgw-07,-1.0215078369104984,184
replication-0085,classification,256,kgw,kgw-08,3.4050261230349945,184
replication-0085,classification,256,kgw,kgw-09,-0.34050261230349943,184
replication-0085,classification,256,synthid,synthid-00,0.49516908212560384,184
replication-0085,classification,256,synthid,synthid-01,0.4885265700483092,184
replication-0085,classification,256,synthid,synthid-02,0.4722222222222222,184
replication-0085,classification,256,synthid,synthid-03,0.4861111111111111,184
replication-0085,classification,256,synthid,synthid-04,0.4963768115942029,184
replication-0085,classification,256,synthid,synthid-05,0.48490338164251207,184
replication-0085,classification,256,synthid,synthid-06,0.5048309178743962,184
replication-0085,classification,256,synthid,synthid-07,0.48490338164251207,184
replication-0085,classification,256,synthid,synthid-08,0.4975845410628019,184
replication-0085,classification,256,synthid,synthid-09,0.5157004830917874,184
replication-0085,classification,512,kgw,kgw-00,0.03832008326196737,227
replication-0085,classification,512,kgw,kgw-01,-1.034642248073119,227
replication-0085,classification,512,kgw,kgw-02,-0.5748012489295105,227
replication-0085,classification,512,kgw,kgw-03,1.1112824145970537,227
replication-0085,classification,512,kgw,kgw-04,1.4178430806927926,227
replication-0085,classification,512,kgw,kgw-05,0.6514414154534452,227
replication-0085,classification,512,kgw,kgw-06,0.4981610824055758,227
replication-0085,classification,512,kgw,kgw-07,-0.8813619150252494,227
replication-0085,classification,512,kgw,kgw-08,2.7973660781236176,227
replication-0085,classification,512,kgw,kgw-09,0.19160041630983685,227
replication-0085,classification,512,synthid,synthid-00,0.5022026431718062,227
replication-0085,classification,512,synthid,synthid-01,0.4884973078805678,227
replication-0085,classification,512,synthid,synthid-02,0.48751835535976507,227
replication-0085,classification,512,synthid,synthid-03,0.4845814977973568,227
replication-0085,classification,512,synthid,synthid-04,0.49926578560939794,227
replication-0085,classification,512,synthid,synthid-05,0.4855604503181596,227
replication-0085,classification,512,synthid,synthid-06,0.5051395007342144,227
replication-0085,classification,512,synthid,synthid-07,0.48262359275575134,227
replication-0085,classification,512,synthid,synthid-08,0.4977973568281938,227
replication-0085,classification,512,synthid,synthid-09,0.5154185022026432,227
replication-0086,information_extraction,128,kgw,kgw-00,-0.05337605126836238,117
replication-0086,information_extraction,128,kgw,kgw-01,-0.4803844614152614,117
replication-0086,information_extraction,128,kgw,kgw-02,-0.05337605126836238,117
replication-0086,information_extraction,128,kgw,kgw-03,0.5871365639519862,117
replication-0086,information_extraction,128,kgw,kgw-04,2.2951702045395823,117
replication-0086,information_extraction,128,kgw,kgw-05,1.8681617943926834,117
replication-0086,information_extraction,128,kgw,kgw-06,0.5871365639519862,117
replication-0086,information_extraction,128,kgw,kgw-07,-1.547905486782509,117
replication-0086,information_extraction,128,kgw,kgw-08,-1.3344012817090596,117
replication-0086,information_extraction,128,kgw,kgw-09,-1.3344012817090596,117
replication-0086,information_extraction,128,synthid,synthid-00,0.49616858237547895,116
replication-0086,information_extraction,128,synthid,synthid-01,0.5162835249042146,116
replication-0086,information_extraction,128,synthid,synthid-02,0.4952107279693487,116
replication-0086,information_extraction,128,synthid,synthid-03,0.5076628352490421,116
replication-0086,information_extraction,128,synthid,synthid-04,0.48084291187739464,116
replication-0086,information_extraction,128,synthid,synthid-05,0.5086206896551724,116
replication-0086,information_extraction,128,synthid,synthid-06,0.49616858237547895,116
replication-0086,information_extraction,128,synthid,synthid-07,0.47701149425287354,116
replication-0086,information_extraction,128,synthid,synthid-08,0.4818007662835249,116
replication-0086,information_extraction,128,synthid,synthid-09,0.49616858237547895,116
replication-0086,information_extraction,256,kgw,kgw-00,-0.7481242694102499,215
replication-0086,information_extraction,256,kgw,kgw-01,-0.11812488464372366,215
replication-0086,information_extraction,256,kgw,kgw-02,0.354374653931171,215
replication-0086,information_extraction,256,kgw,kgw-03,-1.0631239617935129,215
replication-0086,information_extraction,256,kgw,kgw-04,2.8743721929972756,215
replication-0086,information_extraction,256,kgw,kgw-05,1.4568735772725918,215
replication-0086,information_extraction,256,kgw,kgw-06,0.5118745001228026,215
replication-0086,information_extraction,256,kgw,kgw-07,-0.7481242694102499,215
replication-0086,information_extraction,256,kgw,kgw-08,-0.9056241156018814,215
replication-0086,information_extraction,256,kgw,kgw-09,-0.2756247308353552,215
replication-0086,information_extraction,256,synthid,synthid-00,0.4984423676012461,214
replication-0086,information_extraction,256,synthid,synthid-01,0.519730010384216,214
replication-0086,information_extraction,256,synthid,synthid-02,0.5036344755970924,214
replication-0086,information_extraction,256,synthid,synthid-03,0.5093457943925234,214
replication-0086,information_extraction,256,synthid,synthid-04,0.4916926272066459,214
replication-0086,information_extraction,256,synthid,synthid-05,0.5124610591900312,214
replication-0086,information_extraction,256,synthid,synthid-06,0.5010384215991692,214
replication-0086,information_extraction,256,synthid,synthid-07,0.48078920041536866,214
replication-0086,information_extraction,256,synthid,synthid-08,0.48598130841121495,214
replication-0086,information_extraction,256,synthid,synthid-09,0.4979231568016615,214
replication-0086,information_extraction,512,kgw,kgw-00,-1.0,432
replication-0086,information_extraction,512,kgw,kgw-01,-0.5555555555555556,432
replication-0086,information_extraction,512,kgw,kgw-02,2.5555555555555554,432
replication-0086,information_extraction,512,kgw,kgw-03,-1.7777777777777777,432
replication-0086,information_extraction,512,kgw,kgw-04,2.3333333333333335,432
replication-0086,information_extraction,512,kgw,kgw-05,0.1111111111111111,432
replication-0086,information_extraction,512,kgw,kgw-06,-1.1111111111111112,432
replication-0086,information_extraction,512,kgw,kgw-07,-1.0,432
replication-0086,information_extraction,512,kgw,kgw-08,-0.6666666666666666,432
replication-0086,information_extraction,512,kgw,kgw-09,-1.3333333333333333,432
replication-0086,information_extraction,512,synthid,synthid-00,0.49497293116782676,431
replication-0086,information_extraction,512,synthid,synthid-01,0.511472028873421,431
replication-0086,information_extraction,512,synthid,synthid-02,0.5078628512503223,431
replication-0086,information_extraction,512,synthid,synthid-03,0.5050270688321732,431
replication-0086,information_extraction,512,synthid,synthid-04,0.49239494715132764,431
replication-0086,information_extraction,512,synthid,synthid-05,0.5130188192833205,431
replication-0086,information_extraction,512,synthid,synthid-06,0.502706883217324,431
replication-0086,information_extraction,512,synthid,synthid-07,0.48569218870843,431
replication-0086,information_extraction,512,synthid,synthid-08,0.4911059551430781,431
replication-0086,information_extraction,512,synthid,synthid-09,0.5009022944057747,431
replication-0087,summarization,128,kgw,kgw-00,0.10454167469786334,122
replication-0087,summarization,128,kgw,kgw-01,-0.31362502409359,122
replication-0087,summarization,128,kgw,kgw-02,-0.5227083734893166,122
replication-0087,summarization,128,kgw,kgw-03,1.1499584216764966,122
replication-0087,summarization,128,kgw,kgw-04,2.6135418674465836,122
replication-0087,summarization,128,kgw,kgw-05,1.3590417710722233,122
replication-0087,summarization,128,kgw,kgw-06,0.94087507228077,122
replication-0087,summarization,128,kgw,kgw-07,0.94087507228077,122
replication-0087,summarization,128,kgw,kgw-08,-0.10454167469786334,122
replication-0087,summarization,128,kgw,kgw-09,-0.10454167469786334,122
replication-0087,summarization,128,synthid,synthid-00,0.4931129476584022,121
replication-0087,summarization,128,synthid,synthid-01,0.509641873278237,121
replication-0087,summarization,128,synthid,synthid-02,0.47842056932966026,121
replication-0087,summarization,128,synthid,synthid-03,0.5004591368227732,121
replication-0087,summarization,128,synthid,synthid-04,0.494949494949495,121
replication-0087,summarization,128,synthid,synthid-05,0.5087235996326905,121
replication-0087,summarization,128,synthid,synthid-06,0.4839302112029385,121
replication-0087,summarization,128,synthid,synthid-07,0.4903581267217631,121
replication-0087,summarization,128,synthid,synthid-08,0.5234159779614325,121
replication-0087,summarization,128,synthid,synthid-09,0.4885215794306703,121
replication-0087,summarization,256,kgw,kgw-00,1.2805830332130541,249
replication-0087,summarization,256,kgw,kgw-01,-0.329292779969071,249
replication-0087,summarization,256,kgw,kgw-02,0.8415259932542927,249
replication-0087,summarization,256,kgw,kgw-03,-0.329292779969071,249
replication-0087,summarization,256,kgw,kgw-04,3.18316353970102,249
replication-0087,summarization,256,kgw,kgw-05,2.451401806436418,249
replication-0087,summarization,256,kgw,kgw-06,1.7196400731718153,249
replication-0087,summarization,256,kgw,kgw-07,0.2561166066426108,249
replication-0087,summarization,256,kgw,kgw-08,-1.2074068598865937,249
replication-0087,summarization,256,kgw,kgw-09,-0.4756451266219915,249
replication-0087,summarization,256,synthid,synthid-00,0.49372759856630827,248
replication-0087,summarization,256,synthid,synthid-01,0.5098566308243727,248
replication-0087,summarization,256,synthid,synthid-02,0.48879928315412186,248
replication-0087,summarization,256,synthid,synthid-03,0.492831541218638,248
replication-0087,summarization,256,synthid,synthid-04,0.49417562724014336,248
replication-0087,summarization,256,synthid,synthid-05,0.5085125448028673,248
replication-0087,summarization,256,synthid,synthid-06,0.4982078853046595,248
replication-0087,summarization,256,synthid,synthid-07,0.5049283154121864,248
replication-0087,summarization,256,synthid,synthid-08,0.5004480286738351,248
replication-0087,summarization,256,synthid,synthid-09,0.4883512544802867,248
replication-0087,summarization,512,kgw,kgw-00,1.6208106080066933,370
replication-0087,summarization,512,kgw,kgw-01,0.6603302477064306,370
replication-0087,summarization,512,kgw,kgw-02,3.061531148457087,370
replication-0087,summarization,512,kgw,kgw-03,-1.1405704278565618,370
replication-0087,summarization,512,kgw,kgw-04,3.7818914186822843,370
replication-0087,summarization,512,kgw,kgw-05,3.5417713286072185,370
replication-0087,summarization,512,kgw,kgw-06,1.1405704278565618,370
replication-0087,summarization,512,kgw,kgw-07,-0.060030022518766414,370
replication-0087,summarization,512,kgw,kgw-08,-1.8609306980817588,370
replication-0087,summarization,512,kgw,kgw-09,-1.1405704278565618,370
replication-0087,summarization,512,synthid,synthid-00,0.49533273110508885,369
replication-0087,summarization,512,synthid,synthid-01,0.5091839807286962,369
replication-0087,summarization,512,synthid,synthid-02,0.4983438723276122,369
replication-0087,summarization,512,synthid,synthid-03,0.5010538994278831,369
replication-0087,summarization,512,synthid,synthid-04,0.5019572417946402,369
replication-0087,summarization,512,synthid,synthid-05,0.5058717253839206,369
replication-0087,summarization,512,synthid,synthid-06,0.4971394158386028,369
replication-0087,summarization,512,synthid,synthid-07,0.5088828666064439,369
replication-0087,summarization,512,synthid,synthid-08,0.5070761818729298,369
replication-0087,summarization,512,synthid,synthid-09,0.49292381812707015,369
replication-0088,summarization,128,kgw,kgw-00,1.6591227115686804,124
replication-0088,summarization,128,kgw,kgw-01,-0.6221710168382552,124
replication-0088,summarization,128,kgw,kgw-02,-0.20739033894608505,124
replication-0088,summarization,128,kgw,kgw-03,0.6221710168382552,124
replication-0088,summarization,128,kgw,kgw-04,1.2443420336765103,124
replication-0088,summarization,128,kgw,kgw-05,0.20739033894608505,124
replication-0088,summarization,128,kgw,kgw-06,-1.2443420336765103,124
replication-0088,summarization,128,kgw,kgw-07,2.0739033894608507,124
replication-0088,summarization,128,kgw,kgw-08,0.0,124
replication-0088,summarization,128,kgw,kgw-09,0.6221710168382552,124
replication-0088,summarization,128,synthid,synthid-00,0.4995483288166215,123
replication-0088,summarization,128,synthid,synthid-01,0.5149051490514905,123
replication-0088,summarization,128,synthid,synthid-02,0.5185185185185185,123
replication-0088,summarization,128,synthid,synthid-03,0.5257452574525745,123
replication-0088,summarization,128,synthid,synthid-04,0.4878048780487805,123
replication-0088,summarization,128,synthid,synthid-05,0.47335140018066846,123
replication-0088,summarization,128,synthid,synthid-06,0.4986449864498645,123
replication-0088,summarization,128,synthid,synthid-07,0.5004516711833785,123
replication-0088,summarization,128,synthid,synthid-08,0.5004516711833785,123
replication-0088,summarization,128,synthid,synthid-09,0.47696476964769646,123
replication-0088,summarization,256,kgw,kgw-00,1.0954451150103321,250
replication-0088,summarization,256,kgw,kgw-01,0.21908902300206642,250
replication-0088,summarization,256,kgw,kgw-02,-0.3651483716701107,250
replication-0088,summarization,256,kgw,kgw-03,-0.07302967433402215,250
replication-0088,summarization,256,kgw,kgw-04,2.4099792530227306,250
replication-0088,summarization,256,kgw,kgw-05,0.07302967433402215,250
replication-0088,summarization,256,kgw,kgw-06,-0.21908902300206642,250
replication-0088,summarization,256,kgw,kgw-07,1.533623161014465,250
replication-0088,summarization,256,kgw,kgw-08,0.9493857663422879,250
replication-0088,summarization,256,kgw,kgw-09,0.511207720338155,250
replication-0088,summarization,256,synthid,synthid-00,0.5051316376617582,249
replication-0088,summarization,256,synthid,synthid-01,0.5149486836233824,249
replication-0088,summarization,256,synthid,synthid-02,0.5167336010709505,249
replication-0088,summarization,256,synthid,synthid-03,0.5069165551093262,249
replication-0088,summarization,256,synthid,synthid-04,0.5131637661758144,249
replication-0088,summarization,256,synthid,synthid-05,0.5020080321285141,249
replication-0088,summarization,256,synthid,synthid-06,0.49531459170013387,249
replication-0088,summarization,256,synthid,synthid-07,0.5064703257474342,249
replication-0088,summarization,256,synthid,synthid-08,0.49486836233824183,249
replication-0088,summarization,256,synthid,synthid-09,0.49486836233824183,249
replication-0088,summarization,512,kgw,kgw-00,1.3703203194062976,480
replication-0088,summarization,512,kgw,kgw-01,0.21081851067789195,480
replication-0088,summarization,512,kgw,kgw-02,-1.8973665961010275,480
replication-0088,summarization,512,kgw,kgw-03,-1.3703203194062976,480
replication-0088,summarization,512,kgw,kgw-04,2.2135943621178655,480
replication-0088,summarization,512,kgw,kgw-05,0.21081851067789195,480
replication-0088,summarization,512,kgw,kgw-06,0.21081851067789195,480
replication-0088,summarization,512,kgw,kgw-07,0.21081851067789195,480
replication-0088,summarization,512,kgw,kgw-08,-0.10540925533894598,480
replication-0088,summarization,512,kgw,kgw-09,0.10540925533894598,480
replication-0088,summarization,512,synthid,synthid-00,0.49478079331941544,479
replication-0088,summarization,512,synthid,synthid-01,0.5049872419392253,479
replication-0088,summarization,512,synthid,synthid-02,0.5144977963349571,479
replication-0088,summarization,512,synthid,synthid-03,0.49478079331941544,479
replication-0088,summarization,512,synthid,synthid-04,0.5086986778009742,479
replication-0088,summarization,512,synthid,synthid-05,0.5028995592669914,479
replication-0088,summarization,512,synthid,synthid-06,0.4994200881466017,479
replication-0088,summarization,512,synthid,synthid-07,0.4973324054743679,479
replication-0088,summarization,512,synthid,synthid-08,0.492229181164463,479
replication-0088,summarization,512,synthid,synthid-09,0.5063790303873811,479
replication-0089,open_qa,128,kgw,kgw-00,0.9811557810392123,125
replication-0089,open_qa,128,kgw,kgw-01,2.0139513400278566,125
replication-0089,open_qa,128,kgw,kgw-02,2.220510451825586,125
replication-0089,open_qa,128,kgw,kgw-03,0.7745966692414834,125
replication-0089,open_qa,128,kgw,kgw-04,1.1877148928369412,125
replication-0089,open_qa,128,kgw,kgw-05,1.39427400463467,125
replication-0089,open_qa,128,kgw,kgw-06,0.9811557810392123,125
replication-0089,open_qa,128,kgw,kgw-07,-0.051639777949432225,125
replication-0089,open_qa,128,kgw,kgw-08,-1.0844353369380768,125
replication-0089,open_qa,128,kgw,kgw-09,0.7745966692414834,125
replication-0089,open_qa,128,synthid,synthid-00,0.517921146953405,124
replication-0089,open_qa,128,synthid,synthid-01,0.5044802867383512,124
replication-0089,open_qa,128,synthid,synthid-02,0.5125448028673835,124
replication-0089,open_qa,128,synthid,synthid-03,0.49372759856630827,124
replication-0089,open_qa,128,synthid,synthid-04,0.5304659498207885,124
replication-0089,open_qa,128,synthid,synthid-05,0.4883512544802867,124
replication-0089,open_qa,128,synthid,synthid-06,0.5,124
replication-0089,open_qa,128,synthid,synthid-07,0.4874551971326165,124
replication-0089,open_qa,128,synthid,synthid-08,0.4883512544802867,124
replication-0089,open_qa,128,synthid,synthid-09,0.489247311827957,124
replication-0089,open_qa,256,kgw,kgw-00,1.125228713392973,253
replication-0089,open_qa,256,kgw,kgw-01,1.125228713392973,253
replication-0089,open_qa,256,kgw,kgw-02,1.7059919203054752,253
replication-0089,open_qa,256,kgw,kgw-03,-0.18148850216015694,253
replication-0089,open_qa,256,kgw,kgw-04,2.5771367306742285,253
replication-0089,open_qa,256,kgw,kgw-05,2.431945928946103,253
replication-0089,open_qa,256,kgw,kgw-06,1.5608011185773496,253
replication-0089,open_qa,256,kgw,kgw-07,0.6896563082085964,253
replication-0089,open_qa,256,kgw,kgw-08,-1.0526333125289102,253
replication-0089,open_qa,256,kgw,kgw-09,0.6896563082085964,253
replication-0089,open_qa,256,synthid,synthid-00,0.5180776014109347,252
replication-0089,open_qa,256,synthid,synthid-01,0.49691358024691357,252
replication-0089,open_qa,256,synthid,synthid-02,0.49206349206349204,252
replication-0089,open_qa,256,synthid,synthid-03,0.49691358024691357,252
replication-0089,open_qa,256,synthid,synthid-04,0.5101410934744268,252
replication-0089,open_qa,256,synthid,synthid-05,0.5070546737213404,252
replication-0089,open_qa,256,synthid,synthid-06,0.48897707231040566,252
replication-0089,open_qa,256,synthid,synthid-07,0.49426807760141095,252
replication-0089,open_qa,256,synthid,synthid-08,0.48853615520282184,252
replication-0089,open_qa,256,synthid,synthid-09,0.4991181657848324,252
replication-0089,open_qa,512,kgw,kgw-00,1.2806016588932752,449
replication-0089,open_qa,512,kgw,kgw-01,3.4603491633924666,449
replication-0089,open_qa,512,kgw,kgw-02,0.6266774075435176,449
replication-0089,open_qa,512,kgw,kgw-03,1.9345259102430326,449
replication-0089,open_qa,512,kgw,kgw-04,3.133387037717588,449
replication-0089,open_qa,512,kgw,kgw-05,2.2614880359179113,449
replication-0089,open_qa,512,kgw,kgw-06,1.2806016588932752,449
replication-0089,open_qa,512,kgw,kgw-07,-0.027246843806239894,449
replication-0089,open_qa,512,kgw,kgw-08,-0.6811710951559974,449
replication-0089,open_qa,512,kgw,kgw-09,0.8446521579934367,449
replication-0089,open_qa,512,synthid,synthid-00,0.511656746031746,448
replication-0089,open_qa,512,synthid,synthid-01,0.5002480158730159,448
replication-0089,open_qa,512,synthid,synthid-02,0.4913194444444444,448
replication-0089,open_qa,512,synthid,synthid-03,0.5017361111111112,448
replication-0089,open_qa,512,synthid,synthid-04,0.5042162698412699,448
replication-0089,open_qa,512,synthid,synthid-05,0.4990079365079365,448
replication-0089,open_qa,512,synthid,synthid-06,0.49603174603174605,448
replication-0089,open_qa,512,synthid,synthid-07,0.49206349206349204,448
replication-0089,open_qa,512,synthid,synthid-08,0.4947916666666667,448
replication-0089,open_qa,512,synthid,synthid-09,0.49503968253968256,448
replication-0090,open_qa,128,kgw,kgw-00,2.0139513400278566,125
replication-0090,open_qa,128,kgw,kgw-01,2.0139513400278566,125
replication-0090,open_qa,128,kgw,kgw-02,-2.1172308959267214,125
replication-0090,open_qa,128,kgw,kgw-03,-1.9106717841289924,125
replication-0090,open_qa,128,kgw,kgw-04,-0.46475800154489005,125
replication-0090,open_qa,128,kgw,kgw-05,1.8073922282301278,125
replication-0090,open_qa,128,kgw,kgw-06,0.5680375574437545,125
replication-0090,open_qa,128,kgw,kgw-07,0.5680375574437545,125
replication-0090,open_qa,128,kgw,kgw-08,1.8073922282301278,125
replication-0090,open_qa,128,kgw,kgw-09,0.3614784456460256,125
replication-0090,open_qa,128,synthid,synthid-00,0.5098566308243727,124
replication-0090,open_qa,128,synthid,synthid-01,0.4910394265232975,124
replication-0090,open_qa,128,synthid,synthid-02,0.496415770609319,124
replication-0090,open_qa,128,synthid,synthid-03,0.5313620071684588,124
replication-0090,open_qa,128,synthid,synthid-04,0.4838709677419355,124
replication-0090,open_qa,128,synthid,synthid-05,0.49910394265232977,124
replication-0090,open_qa,128,synthid,synthid-06,0.5017921146953405,124
replication-0090,open_qa,128,synthid,synthid-07,0.489247311827957,124
replication-0090,open_qa,128,synthid,synthid-08,0.47491039426523296,124
replication-0090,open_qa,128,synthid,synthid-09,0.49372759856630827,124
replication-0090,open_qa,256,kgw,kgw-00,2.909571869813232,252
replication-0090,open_qa,256,kgw,kgw-01,0.14547859349066158,252
replication-0090,open_qa,256,kgw,kgw-02,-2.6186146828319083,252
replication-0090,open_qa,256,kgw,kgw-03,-1.745743121887939,252
replication-0090,open_qa,256,kgw,kgw-04,1.1638287479252927,252
replication-0090,open_qa,256,kgw,kgw-05,2.76409327632257,252
replication-0090,open_qa,256,kgw,kgw-06,1.745743121887939,252
replication-0090,open_qa,256,kgw,kgw-07,0.727392967453308,252
replication-0090,open_qa,256,kgw,kgw-08,1.0183501544346312,252
replication-0090,open_qa,256,kgw,kgw-09,0.727392967453308,252
replication-0090,open_qa,256,synthid,synthid-00,0.5024347056219566,251
replication-0090,open_qa,256,synthid,synthid-01,0.482514386896857,251
replication-0090,open_qa,256,synthid,synthid-02,0.5064187693669765,251
replication-0090,open_qa,256,synthid,synthid-03,0.5245683930942895,251
replication-0090,open_qa,256,synthid,synthid-04,0.48517042939353694,251
replication-0090,open_qa,256,synthid,synthid-05,0.4940239043824701,251
replication-0090,open_qa,256,synthid,synthid-06,0.5046480743691899,251
replication-0090,open_qa,256,synthid,synthid-07,0.5050907481186365,251
replication-0090,open_qa,256,synthid,synthid-08,0.48738379814077026,251
replication-0090,open_qa,256,synthid,synthid-09,0.4944665781319168,251
replication-0090,open_qa,512,kgw,kgw-00,2.188135972116869,503
replication-0090,open_qa,512,kgw,kgw-01,-0.28317053756806543,503
replication-0090,open_qa,512,kgw,kgw-02,-2.5485348381125887,503
replication-0090,open_qa,512,kgw,kgw-03,-0.28317053756806543,503
replication-0090,open_qa,512,kgw,kgw-04,2.4970492858274858,503
replication-0090,open_qa,512,kgw,kgw-05,2.805962599538103,503
replication-0090,open_qa,512,kgw,kgw-06,2.0851648675466636,503
replication-0090,open_qa,512,kgw,kgw-07,1.673280449265841,503
replication-0090,open_qa,512,kgw,kgw-08,0.2316849852829626,503
replication-0090,open_qa,512,kgw,kgw-09,-0.6950549558488879,503
replication-0090,open_qa,512,synthid,synthid-00,0.5033200531208499,502
replication-0090,open_qa,512,synthid,synthid-01,0.4995573262505533,502
replication-0090,open_qa,512,synthid,synthid-02,0.5053120849933599,502
replication-0090,open_qa,512,synthid,synthid-03,0.4995573262505533,502
replication-0090,open_qa,512,synthid,synthid-04,0.4946879150066401,502
replication-0090,open_qa,512,synthid,synthid-05,0.48804780876494025,502
replication-0090,open_qa,512,synthid,synthid-06,0.50132802124834,502
replication-0090,open_qa,512,synthid,synthid-07,0.4984506418769367,502
replication-0090,open_qa,512,synthid,synthid-08,0.49313855688357683,502
replication-0090,open_qa,512,synthid,synthid-09,0.5015493581230633,502
replication-0091,summarization,128,kgw,kgw-00,0.3614784456460256,125
replication-0091,summarization,128,kgw,kgw-01,0.3614784456460256,125
replication-0091,summarization,128,kgw,kgw-02,-0.6713171133426189,125
replication-0091,summarization,128,kgw,kgw-03,-1.7041126723312634,125
replication-0091,summarization,128,kgw,kgw-04,0.5680375574437545,125
replication-0091,summarization,128,kgw,kgw-05,-0.8778762251403478,125
replication-0091,summarization,128,kgw,kgw-06,1.600833116432399,125
replication-0091,summarization,128,kgw,kgw-07,2.0139513400278566,125
replication-0091,summarization,128,kgw,kgw-08,-0.46475800154489005,125
replication-0091,summarization,128,kgw,kgw-09,0.9811557810392123,125
replication-0091,summarization,128,synthid,synthid-00,0.507168458781362,124
replication-0091,summarization,128,synthid,synthid-01,0.5241935483870968,124
replication-0091,summarization,128,synthid,synthid-02,0.4632616487455197,124
replication-0091,summarization,128,synthid,synthid-03,0.4829749103942652,124
replication-0091,summarization,128,synthid,synthid-04,0.478494623655914,124
replication-0091,summarization,128,synthid,synthid-05,0.5098566308243727,124
replication-0091,summarization,128,synthid,synthid-06,0.4838709677419355,124
replication-0091,summarization,128,synthid,synthid-07,0.496415770609319,124
replication-0091,summarization,128,synthid,synthid-08,0.48566308243727596,124
replication-0091,summarization,128,synthid,synthid-09,0.4731182795698925,124
replication-0091,summarization,256,kgw,kgw-00,2.222963577090961,251
replication-0091,summarization,256,kgw,kgw-01,-0.5466303878092527,251
replication-0091,summarization,256,kgw,kgw-02,-0.9839346980566548,251
replication-0091,summarization,256,kgw,kgw-03,-1.421239008304057,251
replication-0091,summarization,256,kgw,kgw-04,1.639891163427758,251
replication-0091,summarization,256,kgw,kgw-05,0.03644202585395018,251
replication-0091,summarization,256,kgw,kgw-06,1.7856592668435587,251
replication-0091,summarization,256,kgw,kgw-07,0.7652825429329537,251
replication-0091,summarization,256,kgw,kgw-08,0.7652825429329537,251
replication-0091,summarization,256,kgw,kgw-09,1.3483549565961566,251
replication-0091,summarization,256,synthid,synthid-00,0.5026666666666667,250
replication-0091,summarization,256,synthid,synthid-01,0.5182222222222223,250
replication-0091,summarization,256,synthid,synthid-02,0.4751111111111111,250
replication-0091,summarization,256,synthid,synthid-03,0.5004444444444445,250
replication-0091,summarization,256,synthid,synthid-04,0.4871111111111111,250
replication-0091,summarization,256,synthid,synthid-05,0.508,250
replication-0091,summarization,256,synthid,synthid-06,0.488,250
replication-0091,summarization,256,synthid,synthid-07,0.5146666666666667,250
replication-0091,summarization,256,synthid,synthid-08,0.4875555555555556,250
replication-0091,summarization,256,synthid,synthid-09,0.48,250
replication-0091,summarization,512,kgw,kgw-00,2.6567930983672032,501
replication-0091,summarization,512,kgw,kgw-01,-0.12897053875568948,501
replication-0091,summarization,512,kgw,kgw-02,-0.8512055557875506,501
replication-0091,summarization,512,kgw,kgw-03,-2.0893227278421698,501
replication-0091,summarization,512,kgw,kgw-04,2.6567930983672032,501
replication-0091,summarization,512,kgw,kgw-05,-1.1607348488012053,501
replication-0091,summarization,512,kgw,kgw-06,2.5536166673626517,501
replication-0091,summarization,512,kgw,kgw-07,-0.23214696976024107,501
replication-0091,summarization,512,kgw,kgw-08,-0.33532340076479267,501
replication-0091,summarization,512,kgw,kgw-09,1.3154994953080328,501
replication-0091,summarization,512,synthid,synthid-00,0.49844444444444447,500
replication-0091,summarization,512,synthid,synthid-01,0.5075555555555555,500
replication-0091,summarization,512,synthid,synthid-02,0.4851111111111111,500
replication-0091,summarization,512,synthid,synthid-03,0.49955555555555553,500
replication-0091,summarization,512,synthid,synthid-04,0.4851111111111111,500
replication-0091,summarization,512,synthid,synthid-05,0.5128888888888888,500
replication-0091,summarization,512,synthid,synthid-06,0.4908888888888889,500
replication-0091,summarization,512,synthid,synthid-07,0.506,500
replication-0091,summarization,512,synthid,synthid-08,0.4988888888888889,500
replication-0091,summarization,512,synthid,synthid-09,0.4748888888888889,500
replication-0092,open_qa,128,kgw,kgw-00,1.4517323726225955,124
replication-0092,open_qa,128,kgw,kgw-01,-0.20739033894608505,124
replication-0092,open_qa,128,kgw,kgw-02,1.0369516947304254,124
replication-0092,open_qa,128,kgw,kgw-03,-0.20739033894608505,124
replication-0092,open_qa,128,kgw,kgw-04,2.0739033894608507,124
replication-0092,open_qa,128,kgw,kgw-05,1.8665130505147656,124
replication-0092,open_qa,128,kgw,kgw-06,-0.8295613557843402,124
replication-0092,open_qa,128,kgw,kgw-07,2.4886840673530206,124
replication-0092,open_qa,128,kgw,kgw-08,-0.4147806778921701,124
replication-0092,open_qa,128,kgw,kgw-09,0.0,124
replication-0092,open_qa,128,synthid,synthid-00,0.5185185185185185,123
replication-0092,open_qa,128,synthid,synthid-01,0.4968383017163505,123
replication-0092,open_qa,128,synthid,synthid-02,0.48419150858175247,123
replication-0092,open_qa,128,synthid,synthid-03,0.4905149051490515,123
replication-0092,open_qa,128,synthid,synthid-04,0.4869015356820235,123
replication-0092,open_qa,128,synthid,synthid-05,0.5149051490514905,123
replication-0092,open_qa,128,synthid,synthid-06,0.4914182475158085,123
replication-0092,open_qa,128,synthid,synthid-07,0.4959349593495935,123
replication-0092,open_qa,128,synthid,synthid-08,0.4968383017163505,123
replication-0092,open_qa,128,synthid,synthid-09,0.5004516711833785,123
replication-0092,open_qa,256,kgw,kgw-00,1.8405254345807758,246
replication-0092,open_qa,256,kgw,kgw-01,-0.07362101738323103,246
replication-0092,open_qa,256,kgw,kgw-02,0.9570732259820034,246
replication-0092,open_qa,256,kgw,kgw-03,1.2515572955149277,246
replication-0092,open_qa,256,kgw,kgw-04,1.2515572955149277,246
replication-0092,open_qa,256,kgw,kgw-05,3.1657037474789345,246
replication-0092,open_qa,256,kgw,kgw-06,-0.07362101738323103,246
replication-0092,open_qa,256,kgw,kgw-07,0.8098311912155414,246
replication-0092,open_qa,256,kgw,kgw-08,-0.8098311912155414,246
replication-0092,open_qa,256,kgw,kgw-09,-0.3681050869161552,246
replication-0092,open_qa,256,synthid,synthid-00,0.5103884372177055,246
replication-0092,open_qa,256,synthid,synthid-01,0.4941282746160795,246
replication-0092,open_qa,256,synthid,synthid-02,0.5067750677506775,246
replication-0092,open_qa,256,synthid,synthid-03,0.49232158988256547,246
replication-0092,open_qa,256,synthid,synthid-04,0.497289972899729,246
replication-0092,open_qa,256,synthid,synthid-05,0.50903342366757,246
replication-0092,open_qa,256,synthid,synthid-06,0.4968383017163505,246
replication-0092,open_qa,256,synthid,synthid-07,0.4896115627822945,246
replication-0092,open_qa,256,synthid,synthid-08,0.4941282746160795,246
replication-0092,open_qa,256,synthid,synthid-09,0.5158084914182475,246
replication-0092,open_qa,512,kgw,kgw-00,1.1146408580454255,451
replication-0092,open_qa,512,kgw,kgw-01,1.6583681058724624,451
replication-0092,open_qa,512,kgw,kgw-02,1.0058954084800182,451
replication-0092,open_qa,512,kgw,kgw-03,1.1146408580454255,451
replication-0092,open_qa,512,kgw,kgw-04,1.4408772067416475,451
replication-0092,open_qa,512,kgw,kgw-05,2.8545680510919436,451
replication-0092,open_qa,512,kgw,kgw-06,-0.516540885435685,451
replication-0092,open_qa,512,kgw,kgw-07,0.679659059783796,451
replication-0092,open_qa,512,kgw,kgw-08,-0.9515226836973145,451
replication-0092,open_qa,512,kgw,kgw-09,-0.4077954358702776,451
replication-0092,open_qa,512,synthid,synthid-00,0.508641975308642,450
replication-0092,open_qa,512,synthid,synthid-01,0.4945679012345679,450
replication-0092,open_qa,512,synthid,synthid-02,0.4982716049382716,450
replication-0092,open_qa,512,synthid,synthid-03,0.4965432098765432,450
replication-0092,open_qa,512,synthid,synthid-04,0.49703703703703705,450
replication-0092,open_qa,512,synthid,synthid-05,0.5004938271604938,450
replication-0092,open_qa,512,synthid,synthid-06,0.4930864197530864,450
replication-0092,open_qa,512,synthid,synthid-07,0.5022222222222222,450
replication-0092,open_qa,512,synthid,synthid-08,0.4930864197530864,450
replication-0092,open_qa,512,synthid,synthid-09,0.497283950617284,450
replication-0093,open_qa,128,kgw,kgw-00,2.0139513400278566,125
replication-0093,open_qa,128,kgw,kgw-01,-0.8778762251403478,125
replication-0093,open_qa,128,kgw,kgw-02,-0.6713171133426189,125
replication-0093,open_qa,128,kgw,kgw-03,-0.25819888974716115,125
replication-0093,open_qa,128,kgw,kgw-04,4.492660681600603,125
replication-0093,open_qa,128,kgw,kgw-05,1.39427400463467,125
replication-0093,open_qa,128,kgw,kgw-06,-0.051639777949432225,125
replication-0093,open_qa,128,kgw,kgw-07,1.39427400463467,125
replication-0093,open_qa,128,kgw,kgw-08,0.3614784456460256,125
replication-0093,open_qa,128,kgw,kgw-09,-0.46475800154489005,125
replication-0093,open_qa,128,synthid,synthid-00,0.517921146953405,124
replication-0093,open_qa,128,synthid,synthid-01,0.503584229390681,124
replication-0093,open_qa,128,synthid,synthid-02,0.49551971326164873,124
replication-0093,open_qa,128,synthid,synthid-03,0.49731182795698925,124
replication-0093,open_qa,128,synthid,synthid-04,0.46415770609318996,124
replication-0093,open_qa,128,synthid,synthid-05,0.525089605734767,124
replication-0093,open_qa,128,synthid,synthid-06,0.5331541218637993,124
replication-0093,open_qa,128,synthid,synthid-07,0.503584229390681,124
replication-0093,open_qa,128,synthid,synthid-08,0.489247311827957,124
replication-0093,open_qa,128,synthid,synthid-09,0.4838709677419355,124
replication-0093,open_qa,256,kgw,kgw-00,-0.036297700432031385,253
replication-0093,open_qa,256,kgw,kgw-01,-0.3266793038882825,253
replication-0093,open_qa,256,kgw,kgw-02,-0.6170609073445336,253
replication-0093,open_qa,256,kgw,kgw-03,0.3992747047523453,253
replication-0093,open_qa,256,kgw,kgw-04,4.029044747955484,253
replication-0093,open_qa,256,kgw,kgw-05,1.9963735237617264,253
replication-0093,open_qa,256,kgw,kgw-06,0.6896563082085964,253
replication-0093,open_qa,256,kgw,kgw-07,1.5608011185773496,253
replication-0093,open_qa,256,kgw,kgw-08,-1.0526333125289102,253
replication-0093,open_qa,256,kgw,kgw-09,0.3992747047523453,253
replication-0093,open_qa,256,synthid,synthid-00,0.5127865961199295,252
replication-0093,open_qa,256,synthid,synthid-01,0.4898589065255732,252
replication-0093,open_qa,256,synthid,synthid-02,0.48897707231040566,252
replication-0093,open_qa,256,synthid,synthid-03,0.4929453262786596,252
replication-0093,open_qa,256,synthid,synthid-04,0.4792768959435626,252
replication-0093,open_qa,256,synthid,synthid-05,0.5052910052910053,252
replication-0093,open_qa,256,synthid,synthid-06,0.5242504409171076,252
replication-0093,open_qa,256,synthid,synthid-07,0.5114638447971781,252
replication-0093,open_qa,256,synthid,synthid-08,0.4916225749559083,252
replication-0093,open_qa,256,synthid,synthid-09,0.48192239858906527,252
replication-0093,open_qa,512,kgw,kgw-00,0.48622141449773226,509
replication-0093,open_qa,512,kgw,kgw-01,-0.6397650190759635,509
replication-0093,open_qa,512,kgw,kgw-02,-0.5374026160238093,509
replication-0093,open_qa,512,kgw,kgw-03,-0.02559060076303854,509
replication-0093,open_qa,512,kgw,kgw-04,4.683079939636053,509
replication-0093,open_qa,512,kgw,kgw-05,2.226382266384353,509
replication-0093,open_qa,512,kgw,kgw-06,0.6909462206020406,509
replication-0093,open_qa,512,kgw,kgw-07,0.9980334297585031,509
replication-0093,open_qa,512,kgw,kgw-08,-1.04921463128458,509
replication-0093,open_qa,512,kgw,kgw-09,-0.332677809919501,509
replication-0093,open_qa,512,synthid,synthid-00,0.4927821522309711,508
replication-0093,open_qa,512,synthid,synthid-01,0.4916885389326334,508
replication-0093,open_qa,512,synthid,synthid-02,0.49431321084864394,508
replication-0093,open_qa,512,synthid,synthid-03,0.5085301837270341,508
replication-0093,open_qa,512,synthid,synthid-04,0.48884514435695536,508
replication-0093,open_qa,512,synthid,synthid-05,0.5069991251093613,508
replication-0093,open_qa,512,synthid,synthid-06,0.51334208223972,508
replication-0093,open_qa,512,synthid,synthid-07,0.502405949256343,508
replication-0093,open_qa,512,synthid,synthid-08,0.4989063867016623,508
replication-0093,open_qa,512,synthid,synthid-09,0.48928258967629046,508
replication-0094,creative_writing,128,kgw,kgw-00,1.6591227115686804,124
replication-0094,creative_writing,128,kgw,kgw-01,-1.4517323726225955,124
replication-0094,creative_writing,128,kgw,kgw-02,0.20739033894608505,124
replication-0094,creative_writing,128,kgw,kgw-03,-0.8295613557843402,124
replication-0094,creative_writing,128,kgw,kgw-04,0.4147806778921701,124
replication-0094,creative_writing,128,kgw,kgw-05,1.8665130505147656,124
replication-0094,creative_writing,128,kgw,kgw-06,-1.4517323726225955,124
replication-0094,creative_writing,128,kgw,kgw-07,0.8295613557843402,124
replication-0094,creative_writing,128,kgw,kgw-08,-0.20739033894608505,124
replication-0094,creative_writing,128,kgw,kgw-09,2.4886840673530206,124
replication-0094,creative_writing,128,synthid,synthid-00,0.5149051490514905,123
replication-0094,creative_writing,128,synthid,synthid-01,0.4950316169828365,123
replication-0094,creative_writing,128,synthid,synthid-02,0.5248419150858176,123
replication-0094,creative_writing,128,synthid,synthid-03,0.5130984643179766,123
replication-0094,creative_writing,128,synthid,synthid-04,0.48870822041553746,123
replication-0094,creative_writing,128,synthid,synthid-05,0.4878048780487805,123
replication-0094,creative_writing,128,synthid,synthid-06,0.5049683830171635,123
replication-0094,creative_writing,128,synthid,synthid-07,0.4941282746160795,123
replication-0094,creative_writing,128,synthid,synthid-08,0.4959349593495935,123
replication-0094,creative_writing,128,synthid,synthid-09,0.4977416440831075,123
replication-0094,creative_writing,256,kgw,kgw-00,1.4941230600119573,251
replication-0094,creative_writing,256,kgw,kgw-01,-1.1297028014724555,251
replication-0094,creative_writing,256,kgw,kgw-02,-0.40086228439345195,251
replication-0094,creative_writing,256,kgw,kgw-03,-1.1297028014724555,251
replication-0094,creative_writing,256,kgw,kgw-04,0.4737463361013523,251
replication-0094,creative_writing,256,kgw,kgw-05,3.3891084044173665,251
replication-0094,creative_writing,256,kgw,kgw-06,-0.9839346980566548,251
replication-0094,creative_writing,256,kgw,kgw-07,0.4737463361013523,251
replication-0094,creative_writing,256,kgw,kgw-08,-0.8381665946408541,251
replication-0094,creative_writing,256,kgw,kgw-09,3.8264127146647686,251
replication-0094,creative_writing,256,synthid,synthid-00,0.5208888888888888,250
replication-0094,creative_writing,256,synthid,synthid-01,0.4955555555555556,250
replication-0094,creative_writing,256,synthid,synthid-02,0.5075555555555555,250
replication-0094,creative_writing,256,synthid,synthid-03,0.5151111111111111,250
replication-0094,creative_writing,256,synthid,synthid-04,0.4955555555555556,250
replication-0094,creative_writing,256,synthid,synthid-05,0.5062222222222222,250
replication-0094,creative_writing,256,synthid,synthid-06,0.5115555555555555,250
replication-0094,creative_writing,256,synthid,synthid-07,0.49733333333333335,250
replication-0094,creative_writing,256,synthid,synthid-08,0.5062222222222222,250
replication-0094,creative_writing,256,synthid,synthid-09,0.5026666666666667,250
replication-0094,creative_writing,512,kgw,kgw-00,2.713803504109654,499
replication-0094,creative_writing,512,kgw,kgw-01,-1.9384310743640385,499
replication-0094,creative_writing,512,kgw,kgw-02,1.576590607149418,499
replication-0094,creative_writing,512,kgw,kgw-03,-0.8012181774038026,499
replication-0094,creative_writing,512,kgw,kgw-04,1.7833565884149154,499
replication-0094,creative_writing,512,kgw,kgw-05,2.300271541578659,499
replication-0094,creative_writing,512,kgw,kgw-06,-0.49106920550555644,499
replication-0094,creative_writing,512,kgw,kgw-07,1.0596756539856744,499
replication-0094,creative_writing,512,kgw,kgw-08,-3.0756439713242747,499
replication-0094,creative_writing,512,kgw,kgw-09,2.6104205134769054,499
replication-0094,creative_writing,512,synthid,synthid-00,0.5065686929414385,499
replication-0094,creative_writing,512,synthid,synthid-01,0.49387664217323535,499
replication-0094,creative_writing,512,synthid,synthid-02,0.49298597194388777,499
replication-0094,creative_writing,512,synthid,synthid-03,0.5150300601202404,499
replication-0094,creative_writing,512,synthid,synthid-04,0.49966599866399464,499
replication-0094,creative_writing,512,synthid,synthid-05,0.5038966822533957,499
replication-0094,creative_writing,512,synthid,synthid-06,0.4994433311066578,499
replication-0094,creative_writing,512,synthid,synthid-07,0.49966599866399464,499
replication-0094,creative_writing,512,synthid,synthid-08,0.505232687597417,499
replication-0094,creative_writing,512,synthid,synthid-09,0.5061233578267647,499
replication-0095,summarization,128,kgw,kgw-00,1.7457431218879391,112
replication-0095,summarization,128,kgw,kgw-01,-1.7457431218879391,112
replication-0095,summarization,128,kgw,kgw-02,-0.2182178902359924,112
replication-0095,summarization,128,kgw,kgw-03,-0.4364357804719848,112
replication-0095,summarization,128,kgw,kgw-04,0.0,112
replication-0095,summarization,128,kgw,kgw-05,-1.091089451179962,112
replication-0095,summarization,128,kgw,kgw-06,-0.8728715609439696,112
replication-0095,summarization,128,kgw,kgw-07,1.3093073414159544,112
replication-0095,summarization,128,kgw,kgw-08,-0.6546536707079772,112
replication-0095,summarization,128,kgw,kgw-09,1.091089451179962,112
replication-0095,summarization,128,synthid,synthid-00,0.5085085085085085,111
replication-0095,summarization,128,synthid,synthid-01,0.4904904904904905,111
replication-0095,summarization,128,synthid,synthid-02,0.5135135135135135,111
replication-0095,summarization,128,synthid,synthid-03,0.5195195195195195,111
replication-0095,summarization,128,synthid,synthid-04,0.4864864864864865,111
replication-0095,summarization,128,synthid,synthid-05,0.47147147147147145,111
replication-0095,summarization,128,synthid,synthid-06,0.47647647647647645,111
replication-0095,summarization,128,synthid,synthid-07,0.4914914914914915,111
replication-0095,summarization,128,synthid,synthid-08,0.5065065065065065,111
replication-0095,summarization,128,synthid,synthid-09,0.5055055055055055,111
replication-0095,summarization,256,kgw,kgw-00,2.3851391759997758,240
replication-0095,summarization,256,kgw,kgw-01,-2.0869967789998034,240
replication-0095,summarization,256,kgw,kgw-02,-0.14907119849998599,240
replication-0095,summarization,256,kgw,kgw-03,0.5962847939999439,240
replication-0095,summarization,256,kgw,kgw-04,-0.4472135954999579,240
replication-0095,summarization,256,kgw,kgw-05,0.8944271909999159,240
replication-0095,summarization,256,kgw,kgw-06,0.0,240
replication-0095,summarization,256,kgw,kgw-07,0.7453559924999299,240
replication-0095,summarization,256,kgw,kgw-08,-2.0869967789998034,240
replication-0095,summarization,256,kgw,kgw-09,0.0,240
replication-0095,summarization,256,synthid,synthid-00,0.5118549511854951,239
replication-0095,summarization,256,synthid,synthid-01,0.49604834960483496,239
replication-0095,summarization,256,synthid,synthid-02,0.507205950720595,239
replication-0095,summarization,256,synthid,synthid-03,0.5118549511854951,239
replication-0095,summarization,256,synthid,synthid-04,0.496513249651325,239
replication-0095,summarization,256,synthid,synthid-05,0.4802417480241748,239
replication-0095,summarization,256,synthid,synthid-06,0.49139934913993494,239
replication-0095,summarization,256,synthid,synthid-07,0.5011622501162251,239
replication-0095,summarization,256,synthid,synthid-08,0.5099953509995351,239
replication-0095,summarization,256,synthid,synthid-09,0.504416550441655,239
replication-0095,summarization,512,kgw,kgw-00,2.0261449005179113,494
replication-0095,summarization,512,kgw,kgw-01,-1.298810833665328,494
replication-0095,summarization,512,kgw,kgw-02,-1.6105254337450066,494
replication-0095,summarization,512,kgw,kgw-03,0.25976216673306557,494
replication-0095,summarization,512,kgw,kgw-04,0.7792865001991968,494
replication-0095,summarization,512,kgw,kgw-05,2.649574100677269,494
replication-0095,summarization,512,kgw,kgw-06,-0.46757190011951805,494
replication-0095,summarization,512,kgw,kgw-07,0.05195243334661311,494
replication-0095,summarization,512,kgw,kgw-08,-2.753478967370495,494
replication-0095,summarization,512,kgw,kgw-09,-0.05195243334661311,494
replication-0095,summarization,512,synthid,synthid-00,0.507324768988055,493
replication-0095,summarization,512,synthid,synthid-01,0.49019607843137253,493
replication-0095,summarization,512,synthid,synthid-02,0.505296371422132,493
replication-0095,summarization,512,synthid,synthid-03,0.4931259860265945,493
replication-0095,summarization,512,synthid,synthid-04,0.49515438359251746,493
replication-0095,summarization,512,synthid,synthid-05,0.48884381338742394,493
replication-0095,summarization,512,synthid,synthid-06,0.49808429118773945,493
replication-0095,summarization,512,synthid,synthid-07,0.4992111787243633,493
replication-0095,summarization,512,synthid,synthid-08,0.5118323191345504,493
replication-0095,summarization,512,synthid,synthid-09,0.49628127112914133,493
replication-0096,creative_writing,128,kgw,kgw-00,0.5680375574437545,125
replication-0096,creative_writing,128,kgw,kgw-01,1.600833116432399,125
replication-0096,creative_writing,128,kgw,kgw-02,-0.25819888974716115,125
replication-0096,creative_writing,128,kgw,kgw-03,0.9811557810392123,125
replication-0096,creative_writing,128,kgw,kgw-04,3.25330601081423,125
replication-0096,creative_writing,128,kgw,kgw-05,1.8073922282301278,125
replication-0096,creative_writing,128,kgw,kgw-06,1.1877148928369412,125
replication-0096,creative_writing,128,kgw,kgw-07,1.8073922282301278,125
replication-0096,creative_writing,128,kgw,kgw-08,0.5680375574437545,125
replication-0096,creative_writing,128,kgw,kgw-09,0.5680375574437545,125
replication-0096,creative_writing,128,synthid,synthid-00,0.48118279569892475,124
replication-0096,creative_writing,128,synthid,synthid-01,0.49193548387096775,124
replication-0096,creative_writing,128,synthid,synthid-02,0.510752688172043,124
replication-0096,creative_writing,128,synthid,synthid-03,0.5089605734767025,124
replication-0096,creative_writing,128,synthid,synthid-04,0.5116487455197133,124
replication-0096,creative_writing,128,synthid,synthid-05,0.49731182795698925,124
replication-0096,creative_writing,128,synthid,synthid-06,0.48118279569892475,124
replication-0096,creative_writing,128,synthid,synthid-07,0.5206093189964157,124
replication-0096,creative_writing,128,synthid,synthid-08,0.4946236559139785,124
replication-0096,creative_writing,128,synthid,synthid-09,0.525089605734767,124
replication-0096,creative_writing,256,kgw,kgw-00,0.511207720338155,250
replication-0096,creative_writing,256,kgw,kgw-01,1.2415044636783765,250
replication-0096,creative_writing,256,kgw,kgw-02,-0.8033264176742436,250
replication-0096,creative_writing,256,kgw,kgw-03,0.21908902300206642,250
replication-0096,creative_writing,256,kgw,kgw-04,2.4099792530227306,250
replication-0096,creative_writing,256,kgw,kgw-05,2.556038601690775,250
replication-0096,creative_writing,256,kgw,kgw-06,1.8257418583505536,250
replication-0096,creative_writing,256,kgw,kgw-07,0.9493857663422879,250
replication-0096,creative_writing,256,kgw,kgw-08,0.21908902300206642,250
replication-0096,creative_writing,256,kgw,kgw-09,-0.07302967433402215,250
replication-0096,creative_writing,256,synthid,synthid-00,0.4939759036144578,249
replication-0096,creative_writing,256,synthid,synthid-01,0.4890673806336457,249
replication-0096,creative_writing,256,synthid,synthid-02,0.49486836233824183,249
replication-0096,creative_writing,256,synthid,synthid-03,0.49754573850959394,249
replication-0096,creative_writing,256,synthid,synthid-04,0.5109326193663543,249
replication-0096,creative_writing,256,synthid,synthid-05,0.5024542614904061,249
replication-0096,creative_writing,256,synthid,synthid-06,0.48460508701472554,249
replication-0096,creative_writing,256,synthid,synthid-07,0.5216421240517626,249
replication-0096,creative_writing,256,synthid,synthid-08,0.49129852744310576,249
replication-0096,creative_writing,256,synthid,synthid-09,0.5153949129852744,249
replication-0096,creative_writing,512,kgw,kgw-00,-0.3956971069107487,479
replication-0096,creative_writing,512,kgw,kgw-01,3.4029951194324393,479
replication-0096,creative_writing,512,kgw,kgw-02,0.23741826414644923,479
replication-0096,creative_writing,512,kgw,kgw-03,-0.6067355639298148,479
replication-0096,creative_writing,512,kgw,kgw-04,3.4029951194324393,479
replication-0096,creative_writing,512,kgw,kgw-05,3.719552804961038,479
replication-0096,creative_writing,512,kgw,kgw-06,3.4029951194324393,479
replication-0096,creative_writing,512,kgw,kgw-07,1.2926105492417792,479
replication-0096,creative_writing,512,kgw,kgw-08,-0.9232932494584137,479
replication-0096,creative_writing,512,kgw,kgw-09,-0.2901778784012157,479
replication-0096,creative_writing,512,synthid,synthid-00,0.497443049744305,478
replication-0096,creative_writing,512,synthid,synthid-01,0.49721059972105996,478
replication-0096,creative_writing,512,synthid,synthid-02,0.50092980009298,478
replication-0096,creative_writing,512,synthid,synthid-03,0.49674569967456994,478
replication-0096,creative_writing,512,synthid,synthid-04,0.5079033007903301,478
replication-0096,creative_writing,512,synthid,synthid-05,0.49953509995351,478
replication-0096,creative_writing,512,synthid,synthid-06,0.49442119944211993,478
replication-0096,creative_writing,512,synthid,synthid-07,0.5160390516039052,478
replication-0096,creative_writing,512,synthid,synthid-08,0.49372384937238495,478
replication-0096,creative_writing,512,synthid,synthid-09,0.5076708507670851,478
replication-0097,creative_writing,128,kgw,kgw-00,-1.4975535605335346,125
replication-0097,creative_writing,128,kgw,kgw-01,0.3614784456460256,125
replication-0097,creative_writing,128,kgw,kgw-02,-0.25819888974716115,125
replication-0097,creative_writing,128,kgw,kgw-03,0.7745966692414834,125
replication-0097,creative_writing,128,kgw,kgw-04,1.39427400463467,125
replication-0097,creative_writing,128,kgw,kgw-05,1.600833116432399,125
replication-0097,creative_writing,128,kgw,kgw-06,2.0139513400278566,125
replication-0097,creative_writing,128,kgw,kgw-07,-1.0844353369380768,125
replication-0097,creative_writing,128,kgw,kgw-08,0.5680375574437545,125
replication-0097,creative_writing,128,kgw,kgw-09,-1.7041126723312634,125
replication-0097,creative_writing,128,synthid,synthid-00,0.5017921146953405,124
replication-0097,creative_writing,128,synthid,synthid-01,0.4982078853046595,124
replication-0097,creative_writing,128,synthid,synthid-02,0.47580645161290325,124
replication-0097,creative_writing,128,synthid,synthid-03,0.5008960573476703,124
replication-0097,creative_writing,128,synthid,synthid-04,0.5224014336917563,124
replication-0097,creative_writing,128,synthid,synthid-05,0.48655913978494625,124
replication-0097,creative_writing,128,synthid,synthid-06,0.5026881720430108,124
replication-0097,creative_writing,128,synthid,synthid-07,0.5188172043010753,124
replication-0097,creative_writing,128,synthid,synthid-08,0.492831541218638,124
replication-0097,creative_writing,128,synthid,synthid-09,0.5098566308243727,124
replication-0097,creative_writing,256,kgw,kgw-00,-1.1978241142570358,253
replication-0097,creative_writing,256,kgw,kgw-01,0.3992747047523453,253
replication-0097,creative_writing,256,kgw,kgw-02,-0.036297700432031385,253
replication-0097,creative_writing,256,kgw,kgw-03,1.2704195151210986,253
replication-0097,creative_writing,256,kgw,kgw-04,0.10889310129609417,253
replication-0097,creative_writing,256,kgw,kgw-05,3.157899937586731,253
replication-0097,creative_writing,256,kgw,kgw-06,1.9963735237617264,253
replication-0097,creative_writing,256,kgw,kgw-07,-2.3593505280820404,253
replication-0097,creative_writing,256,kgw,kgw-08,-0.036297700432031385,253
replication-0097,creative_writing,256,kgw,kgw-09,-1.3430149159851614,253
replication-0097,creative_writing,256,synthid,synthid-00,0.4876543209876543,252
replication-0097,creative_writing,256,synthid,synthid-01,0.5110229276895943,252
replication-0097,creative_writing,256,synthid,synthid-02,0.5026455026455027,252
replication-0097,creative_writing,256,synthid,synthid-03,0.5048500881834215,252
replication-0097,creative_writing,256,synthid,synthid-04,0.5008818342151675,252
replication-0097,creative_writing,256,synthid,synthid-05,0.48897707231040566,252
replication-0097,creative_writing,256,synthid,synthid-06,0.5004409171075838,252
replication-0097,creative_writing,256,synthid,synthid-07,0.5048500881834215,252
replication-0097,creative_writing,256,synthid,synthid-08,0.4973544973544973,252
replication-0097,creative_writing,256,synthid,synthid-09,0.5035273368606702,252
replication-0097,creative_writing,512,kgw,kgw-00,0.05133270023393453,506
replication-0097,creative_writing,512,kgw,kgw-01,-0.2566635011696727,506
replication-0097,creative_writing,512,kgw,kgw-02,0.8726559039768871,506
replication-0097,creative_writing,512,kgw,kgw-03,0.5646597025732799,506
replication-0097,creative_writing,512,kgw,kgw-04,1.4886483067841014,506
replication-0097,creative_writing,512,kgw,kgw-05,3.6446217166093517,506
replication-0097,creative_writing,512,kgw,kgw-06,0.9753213044447562,506
replication-0097,creative_writing,512,kgw,kgw-07,-2.412636910994923,506
replication-0097,creative_writing,512,kgw,kgw-08,-0.8726559039768871,506
replication-0097,creative_writing,512,kgw,kgw-09,-0.4619943021054108,506
replication-0097,creative_writing,512,synthid,synthid-00,0.5018701870187019,505
replication-0097,creative_writing,512,synthid,synthid-01,0.5056105610561056,505
replication-0097,creative_writing,512,synthid,synthid-02,0.5005500550055005,505
replication-0097,creative_writing,512,synthid,synthid-03,0.5005500550055005,505
replication-0097,creative_writing,512,synthid,synthid-04,0.5005500550055005,505
replication-0097,creative_writing,512,synthid,synthid-05,0.48756875687568757,505
replication-0097,creative_writing,512,synthid,synthid-06,0.4974697469746975,505
replication-0097,creative_writing,512,synthid,synthid-07,0.5148514851485149,505
replication-0097,creative_writing,512,synthid,synthid-08,0.49856985698569856,505
replication-0097,creative_writing,512,synthid,synthid-09,0.49944994499449946,505
replication-0098,summarization,128,kgw,kgw-00,2.6336286754210434,125
replication-0098,summarization,128,kgw,kgw-01,-1.7041126723312634,125
replication-0098,summarization,128,kgw,kgw-02,1.1877148928369412,125
replication-0098,summarization,128,kgw,kgw-03,-0.46475800154489005,125
replication-0098,summarization,128,kgw,kgw-04,0.7745966692414834,125
replication-0098,summarization,128,kgw,kgw-05,2.8401877872187726,125
replication-0098,summarization,128,kgw,kgw-06,3.0467468990165014,125
replication-0098,summarization,128,kgw,kgw-07,-0.46475800154489005,125
replication-0098,summarization,128,kgw,kgw-08,0.5680375574437545,125
replication-0098,summarization,128,kgw,kgw-09,-1.2909944487358056,125
replication-0098,summarization,128,synthid,synthid-00,0.4982078853046595,124
replication-0098,summarization,128,synthid,synthid-01,0.489247311827957,124
replication-0098,summarization,128,synthid,synthid-02,0.5241935483870968,124
replication-0098,summarization,128,synthid,synthid-03,0.5044802867383512,124
replication-0098,summarization,128,synthid,synthid-04,0.49551971326164873,124
replication-0098,summarization,128,synthid,synthid-05,0.4910394265232975,124
replication-0098,summarization,128,synthid,synthid-06,0.48476702508960573,124
replication-0098,summarization,128,synthid,synthid-07,0.5,124
replication-0098,summarization,128,synthid,synthid-08,0.517921146953405,124
replication-0098,summarization,128,synthid,synthid-09,0.49014336917562723,124
replication-0098,summarization,256,kgw,kgw-00,4.490882060377093,246
replication-0098,summarization,256,kgw,kgw-01,0.9570732259820034,246
replication-0098,summarization,256,kgw,kgw-02,-0.07362101738323103,246
replication-0098,summarization,256,kgw,kgw-03,-0.07362101738323103,246
replication-0098,summarization,256,kgw,kgw-04,1.6932833998143137,246
replication-0098,summarization,256,kgw,kgw-05,2.1350095041137,246
replication-0098,summarization,256,kgw,kgw-06,1.5460413650478517,246
replication-0098,summarization,256,kgw,kgw-07,-0.5153471216826172,246
replication-0098,summarization,256,kgw,kgw-08,0.2208630521496931,246
replication-0098,summarization,256,kgw,kgw-09,-0.8098311912155414,246
replication-0098,summarization,256,synthid,synthid-00,0.5065759637188209,245
replication-0098,summarization,256,synthid,synthid-01,0.48707482993197276,245
replication-0098,summarization,256,synthid,synthid-02,0.5170068027210885,245
replication-0098,summarization,256,synthid,synthid-03,0.5079365079365079,245
replication-0098,summarization,256,synthid,synthid-04,0.49795918367346936,245
replication-0098,summarization,256,synthid,synthid-05,0.48707482993197276,245
replication-0098,summarization,256,synthid,synthid-06,0.5029478458049886,245
replication-0098,summarization,256,synthid,synthid-07,0.4834467120181406,245
replication-0098,summarization,256,synthid,synthid-08,0.5192743764172335,245
replication-0098,summarization,256,synthid,synthid-09,0.5052154195011338,245
replication-0098,summarization,512,kgw,kgw-00,3.8367212705025735,496
replication-0098,summarization,512,kgw,kgw-01,1.1406468642034677,496
replication-0098,summarization,512,kgw,kgw-02,0.20739033894608505,496
replication-0098,summarization,512,kgw,kgw-03,-0.10369516947304253,496
replication-0098,summarization,512,kgw,kgw-04,2.903464745245191,496
replication-0098,summarization,512,kgw,kgw-05,2.0739033894608507,496
replication-0098,summarization,512,kgw,kgw-06,3.318245423137361,496
replication-0098,summarization,512,kgw,kgw-07,-0.20739033894608505,496
replication-0098,summarization,512,kgw,kgw-08,-0.8295613557843402,496
replication-0098,summarization,512,kgw,kgw-09,-0.10369516947304253,496
replication-0098,summarization,512,synthid,synthid-00,0.49427609427609426,495
replication-0098,summarization,512,synthid,synthid-01,0.48754208754208755,495
replication-0098,summarization,512,synthid,synthid-02,0.5016835016835017,495
replication-0098,summarization,512,synthid,synthid-03,0.5070707070707071,495
replication-0098,summarization,512,synthid,synthid-04,0.48866442199775534,495
replication-0098,summarization,512,synthid,synthid-05,0.4888888888888889,495
replication-0098,summarization,512,synthid,synthid-06,0.4992143658810326,495
replication-0098,summarization,512,synthid,synthid-07,0.4895622895622896,495
replication-0098,summarization,512,synthid,synthid-08,0.5079685746352413,495
replication-0098,summarization,512,synthid,synthid-09,0.5108866442199775,495
replication-0099,closed_qa,128,kgw,kgw-00,2.2812937284069355,124
replication-0099,closed_qa,128,kgw,kgw-01,1.0369516947304254,124
replication-0099,closed_qa,128,kgw,kgw-02,-2.4886840673530206,124
replication-0099,closed_qa,128,kgw,kgw-03,1.2443420336765103,124
replication-0099,closed_qa,128,kgw,kgw-04,3.525635762083446,124
replication-0099,closed_qa,128,kgw,kgw-05,0.0,124
replication-0099,closed_qa,128,kgw,kgw-06,0.0,124
replication-0099,closed_qa,128,kgw,kgw-07,0.4147806778921701,124
replication-0099,closed_qa,128,kgw,kgw-08,-2.6960744062991058,124
replication-0099,closed_qa,128,kgw,kgw-09,-0.8295613557843402,124
replication-0099,closed_qa,128,synthid,synthid-00,0.5076784101174345,123
replication-0099,closed_qa,128,synthid,synthid-01,0.4859981933152665,123
replication-0099,closed_qa,128,synthid,synthid-02,0.47696476964769646,123
replication-0099,closed_qa,128,synthid,synthid-03,0.5004516711833785,123
replication-0099,closed_qa,128,synthid,synthid-04,0.4869015356820235,123
replication-0099,closed_qa,128,synthid,synthid-05,0.4778681120144535,123
replication-0099,closed_qa,128,synthid,synthid-06,0.49232158988256547,123
replication-0099,closed_qa,128,synthid,synthid-07,0.4914182475158085,123
replication-0099,closed_qa,128,synthid,synthid-08,0.5185185185185185,123
replication-0099,closed_qa,128,synthid,synthid-09,0.47244805781391147,123
replication-0099,closed_qa,256,kgw,kgw-00,2.6817220080528545,247
replication-0099,closed_qa,256,kgw,kgw-01,0.9183979479633063,247
replication-0099,closed_qa,256,kgw,kgw-02,-0.8449261121262418,247
replication-0099,closed_qa,256,kgw,kgw-03,0.18367958959266126,247
replication-0099,closed_qa,256,kgw,kgw-04,2.9756093514011126,247
replication-0099,closed_qa,256,kgw,kgw-05,0.03673591791853225,247
replication-0099,closed_qa,256,kgw,kgw-06,-0.4040950971038548,247
replication-0099,closed_qa,256,kgw,kgw-07,-0.6979824404521128,247
replication-0099,closed_qa,256,kgw,kgw-08,-2.461306500541661,247
replication-0099,closed_qa,256,kgw,kgw-09,-2.461306500541661,247
replication-0099,closed_qa,256,synthid,synthid-00,0.5076784101174345,246
replication-0099,closed_qa,256,synthid,synthid-01,0.4941282746160795,246
replication-0099,closed_qa,256,synthid,synthid-02,0.48509485094850946,246
replication-0099,closed_qa,256,synthid,synthid-03,0.48644986449864497,246
replication-0099,closed_qa,256,synthid,synthid-04,0.505420054200542,246
replication-0099,closed_qa,256,synthid,synthid-05,0.4878048780487805,246
replication-0099,closed_qa,256,synthid,synthid-06,0.49096657633243,246
replication-0099,closed_qa,256,synthid,synthid-07,0.50903342366757,246
replication-0099,closed_qa,256,synthid,synthid-08,0.5085817524841915,246
replication-0099,closed_qa,256,synthid,synthid-09,0.485546522131888,246
replication-0099,closed_qa,512,kgw,kgw-00,3.0889885432394077,454
replication-0099,closed_qa,512,kgw,kgw-01,0.3793494702223834,454
replication-0099,closed_qa,512,kgw,kgw-02,-1.4632050994291932,454
replication-0099,closed_qa,512,kgw,kgw-03,-0.3793494702223834,454
replication-0099,closed_qa,512,kgw,kgw-04,3.7393019207634937,454
replication-0099,closed_qa,512,kgw,kgw-05,-0.05419278146034048,454
replication-0099,closed_qa,512,kgw,kgw-06,-0.16257834438102145,454
replication-0099,closed_qa,512,kgw,kgw-07,-0.16257834438102145,454
replication-0099,closed_qa,512,kgw,kgw-08,-2.6554462915566837,454
replication-0099,closed_qa,512,kgw,kgw-09,-1.788361788191236,454
replication-0099,closed_qa,512,synthid,synthid-00,0.5096884964434634,453
replication-0099,closed_qa,512,synthid,synthid-01,0.49472651459406425,453
replication-0099,closed_qa,512,synthid,synthid-02,0.4917831739023792,453
replication-0099,closed_qa,512,synthid,synthid-03,0.4971792985038018,453
replication-0099,closed_qa,512,synthid,synthid-04,0.5038018150600932,453
replication-0099,closed_qa,512,synthid,synthid-05,0.5006131959774344,453
replication-0099,closed_qa,512,synthid,synthid-06,0.4878587196467991,453
replication-0099,closed_qa,512,synthid,synthid-07,0.4988962472406181,453
replication-0099,closed_qa,512,synthid,synthid-08,0.5087073828795683,453
replication-0099,closed_qa,512,synthid,synthid-09,0.48834927642874665,453
replication-0100,creative_writing,128,kgw,kgw-00,0.9811557810392123,125
replication-0100,creative_writing,128,kgw,kgw-01,-0.6713171133426189,125
replication-0100,creative_writing,128,kgw,kgw-02,1.8073922282301278,125
replication-0100,creative_writing,128,kgw,kgw-03,-0.051639777949432225,125
replication-0100,creative_writing,128,kgw,kgw-04,0.7745966692414834,125
replication-0100,creative_writing,128,kgw,kgw-05,1.39427400463467,125
replication-0100,creative_writing,128,kgw,kgw-06,-1.0844353369380768,125
replication-0100,creative_writing,128,kgw,kgw-07,0.5680375574437545,125
replication-0100,creative_writing,128,kgw,kgw-08,0.15491933384829668,125
replication-0100,creative_writing,128,kgw,kgw-09,0.15491933384829668,125
replication-0100,creative_writing,128,synthid,synthid-00,0.503584229390681,124
replication-0100,creative_writing,128,synthid,synthid-01,0.5089605734767025,124
replication-0100,creative_writing,128,synthid,synthid-02,0.4560931899641577,124
replication-0100,creative_writing,128,synthid,synthid-03,0.48118279569892475,124
replication-0100,creative_writing,128,synthid,synthid-04,0.49551971326164873,124
replication-0100,creative_writing,128,synthid,synthid-05,0.4946236559139785,124
replication-0100,creative_writing,128,synthid,synthid-06,0.489247311827957,124
replication-0100,creative_writing,128,synthid,synthid-07,0.48118279569892475,124
replication-0100,creative_writing,128,synthid,synthid-08,0.4982078853046595,124
replication-0100,creative_writing,128,synthid,synthid-09,0.49731182795698925,124
replication-0100,creative_writing,256,kgw,kgw-00,2.473136089341247,252
replication-0100,creative_writing,256,kgw,kgw-01,-0.727392967453308,252
replication-0100,creative_writing,256,kgw,kgw-02,1.0183501544346312,252
replication-0100,creative_writing,256,kgw,kgw-03,-0.14547859349066158,252
replication-0100,creative_writing,256,kgw,kgw-04,0.727392967453308,252
replication-0100,creative_writing,256,kgw,kgw-05,2.0367003088692623,252
replication-0100,creative_writing,256,kgw,kgw-06,-1.0183501544346312,252
replication-0100,creative_writing,256,kgw,kgw-07,0.727392967453308,252
replication-0100,creative_writing,256,kgw,kgw-08,-0.5819143739626463,252
replication-0100,creative_writing,256,kgw,kgw-09,-0.14547859349066158,252
replication-0100,creative_writing,256,synthid,synthid-00,0.4900398406374502,251
replication-0100,creative_writing,256,synthid,synthid-01,0.5245683930942895,251
replication-0100,creative_writing,256,synthid,synthid-02,0.48339973439575035,251
replication-0100,creative_writing,256,synthid,synthid-03,0.49712262062859675,251
replication-0100,creative_writing,256,synthid,synthid-04,0.5108455068614431,251
replication-0100,creative_writing,256,synthid,synthid-05,0.49756529437804337,251
replication-0100,creative_writing,256,synthid,synthid-06,0.48384240814519697,251
replication-0100,creative_writing,256,synthid,synthid-07,0.4900398406374502,251
replication-0100,creative_writing,256,synthid,synthid-08,0.5002213368747234,251
replication-0100,creative_writing,256,synthid,synthid-09,0.49358123063302345,251
replication-0100,creative_writing,512,kgw,kgw-00,2.2160827097293145,502
replication-0100,creative_writing,512,kgw,kgw-01,0.7730521080451097,502
replication-0100,creative_writing,512,kgw,kgw-02,1.8037882521052562,502
replication-0100,creative_writing,512,kgw,kgw-03,-1.8037882521052562,502
replication-0100,creative_writing,512,kgw,kgw-04,1.3914937944811976,502
replication-0100,creative_writing,512,kgw,kgw-05,2.422229938541344,502
replication-0100,creative_writing,512,kgw,kgw-06,-0.7730521080451097,502
replication-0100,creative_writing,512,kgw,kgw-07,1.1853465656691682,502
replication-0100,creative_writing,512,kgw,kgw-08,-0.7730521080451097,502
replication-0100,creative_writing,512,kgw,kgw-09,0.7730521080451097,502
replication-0100,creative_writing,512,synthid,synthid-00,0.48924373475271676,501
replication-0100,creative_writing,512,synthid,synthid-01,0.520292747837658,501
replication-0100,creative_writing,512,synthid,synthid-02,0.49855843867819916,501
replication-0100,creative_writing,512,synthid,synthid-03,0.5036593479707252,501
replication-0100,creative_writing,512,synthid,synthid-04,0.5078731426036815,501
replication-0100,creative_writing,512,synthid,synthid-05,0.5038811266356177,501
replication-0100,creative_writing,512,synthid,synthid-06,0.48946551341760924,501
replication-0100,creative_writing,512,synthid,synthid-07,0.4927921933909958,501
replication-0100,creative_writing,512,synthid,synthid-08,0.499001996007984,501
replication-0100,creative_writing,512,synthid,synthid-09,0.49390108671545796,501
replication-0101,creative_writing,128,kgw,kgw-00,1.1877148928369412,125
replication-0101,creative_writing,128,kgw,kgw-01,-0.051639777949432225,125
replication-0101,creative_writing,128,kgw,kgw-02,-0.25819888974716115,125
replication-0101,creative_writing,128,kgw,kgw-03,1.1877148928369412,125
replication-0101,creative_writing,128,kgw,kgw-04,0.15491933384829668,125
replication-0101,creative_writing,128,kgw,kgw-05,1.600833116432399,125
replication-0101,creative_writing,128,kgw,kgw-06,2.4270695636233146,125
replication-0101,creative_writing,128,kgw,kgw-07,-0.051639777949432225,125
replication-0101,creative_writing,128,kgw,kgw-08,0.7745966692414834,125
replication-0101,creative_writing,128,kgw,kgw-09,-0.051639777949432225,125
replication-0101,creative_writing,128,synthid,synthid-00,0.4874551971326165,124
replication-0101,creative_writing,128,synthid,synthid-01,0.4946236559139785,124
replication-0101,creative_writing,128,synthid,synthid-02,0.5170250896057348,124
replication-0101,creative_writing,128,synthid,synthid-03,0.4910394265232975,124
replication-0101,creative_writing,128,synthid,synthid-04,0.48655913978494625,124
replication-0101,creative_writing,128,synthid,synthid-05,0.47401433691756273,124
replication-0101,creative_writing,128,synthid,synthid-06,0.4982078853046595,124
replication-0101,creative_writing,128,synthid,synthid-07,0.5017921146953405,124
replication-0101,creative_writing,128,synthid,synthid-08,0.5089605734767025,124
replication-0101,creative_writing,128,synthid,synthid-09,0.5161290322580645,124
replication-0101,creative_writing,256,kgw,kgw-00,0.3992747047523453,253
replication-0101,creative_writing,256,kgw,kgw-01,-0.7622517090726592,253
replication-0101,creative_writing,256,kgw,kgw-02,-0.18148850216015694,253
replication-0101,creative_writing,256,kgw,kgw-03,0.834847109936722,253
replication-0101,creative_writing,256,kgw,kgw-04,0.3992747047523453,253
replication-0101,creative_writing,256,kgw,kgw-05,2.5771367306742285,253
replication-0101,creative_writing,256,kgw,kgw-06,1.8511827220336008,253
replication-0101,creative_writing,256,kgw,kgw-07,-0.036297700432031385,253
replication-0101,creative_writing,256,kgw,kgw-08,0.5444655064804709,253
replication-0101,creative_writing,256,kgw,kgw-09,-1.4882057177132868,253
replication-0101,creative_writing,256,synthid,synthid-00,0.5,252
replication-0101,creative_writing,256,synthid,synthid-01,0.5044091710758377,252
replication-0101,creative_writing,256,synthid,synthid-02,0.5101410934744268,252
replication-0101,creative_writing,256,synthid,synthid-03,0.48544973544973546,252
replication-0101,creative_writing,256,synthid,synthid-04,0.49250440917107585,252
replication-0101,creative_writing,256,synthid,synthid-05,0.4898589065255732,252
replication-0101,creative_writing,256,synthid,synthid-06,0.5092592592592593,252
replication-0101,creative_writing,256,synthid,synthid-07,0.5017636684303352,252
replication-0101,creative_writing,256,synthid,synthid-08,0.5114638447971781,252
replication-0101,creative_writing,256,synthid,synthid-09,0.5026455026455027,252
replication-0101,creative_writing,512,kgw,kgw-00,-0.36514837167011077,490
replication-0101,creative_writing,512,kgw,kgw-01,-1.408429433584713,490
replication-0101,creative_writing,512,kgw,kgw-02,-0.6781326902444914,490
replication-0101,creative_writing,512,kgw,kgw-03,0.26082026547865056,490
replication-0101,creative_writing,512,kgw,kgw-04,2.034398070733474,490
replication-0101,creative_writing,512,kgw,kgw-05,2.869022920265156,490
replication-0101,creative_writing,512,kgw,kgw-06,3.390663451222457,490
replication-0101,creative_writing,512,kgw,kgw-07,0.15649215928719032,490
replication-0101,creative_writing,512,kgw,kgw-08,-0.7824607964359516,490
replication-0101,creative_writing,512,kgw,kgw-09,-0.7824607964359516,490
replication-0101,creative_writing,512,synthid,synthid-00,0.5087480118154964,489
replication-0101,creative_writing,512,synthid,synthid-01,0.5037491479209271,489
replication-0101,creative_writing,512,synthid,synthid-02,0.4971597364235401,489
replication-0101,creative_writing,512,synthid,synthid-03,0.4923880936150875,489
replication-0101,creative_writing,512,synthid,synthid-04,0.4946603044762554,489
replication-0101,creative_writing,512,synthid,synthid-05,0.4923880936150875,489
replication-0101,creative_writing,512,synthid,synthid-06,0.5012497159736423,489
replication-0101,creative_writing,512,synthid,synthid-07,0.5073846852987958,489
replication-0101,creative_writing,512,synthid,synthid-08,0.5069302431265621,489
replication-0101,creative_writing,512,synthid,synthid-09,0.4917064303567371,489
replication-0102,creative_writing,128,kgw,kgw-00,-1.0844353369380768,125
replication-0102,creative_writing,128,kgw,kgw-01,-2.32379000772445,125
replication-0102,creative_writing,128,kgw,kgw-02,3.0467468990165014,125
replication-0102,creative_writing,128,kgw,kgw-03,-0.6713171133426189,125
replication-0102,creative_writing,128,kgw,kgw-04,1.8073922282301278,125
replication-0102,creative_writing,128,kgw,kgw-05,2.6336286754210434,125
replication-0102,creative_writing,128,kgw,kgw-06,0.7745966692414834,125
replication-0102,creative_writing,128,kgw,kgw-07,-1.7041126723312634,125
replication-0102,creative_writing,128,kgw,kgw-08,-1.0844353369380768,125
replication-0102,creative_writing,128,kgw,kgw-09,-0.25819888974716115,125
replication-0102,creative_writing,128,synthid,synthid-00,0.4910394265232975,124
replication-0102,creative_writing,128,synthid,synthid-01,0.5089605734767025,124
replication-0102,creative_writing,128,synthid,synthid-02,0.5089605734767025,124
replication-0102,creative_writing,128,synthid,synthid-03,0.503584229390681,124
replication-0102,creative_writing,128,synthid,synthid-04,0.5161290322580645,124
replication-0102,creative_writing,128,synthid,synthid-05,0.5224014336917563,124
replication-0102,creative_writing,128,synthid,synthid-06,0.47401433691756273,124
replication-0102,creative_writing,128,synthid,synthid-07,0.48655913978494625,124
replication-0102,creative_writing,128,synthid,synthid-08,0.4668458781362007,124
replication-0102,creative_writing,128,synthid,synthid-09,0.49731182795698925,124
replication-0102,creative_writing,256,kgw,kgw-00,-0.7622517090726592,253
replication-0102,creative_writing,256,kgw,kgw-01,-1.778587321169538,253
replication-0102,creative_writing,256,kgw,kgw-02,2.2867551272179774,253
replication-0102,creative_writing,256,kgw,kgw-03,-1.9237781228976636,253
replication-0102,creative_writing,256,kgw,kgw-04,1.125228713392973,253
replication-0102,creative_writing,256,kgw,kgw-05,1.9963735237617264,253
replication-0102,creative_writing,256,kgw,kgw-06,1.5608011185773496,253
replication-0102,creative_writing,256,kgw,kgw-07,-1.778587321169538,253
replication-0102,creative_writing,256,kgw,kgw-08,-1.0526333125289102,253
replication-0102,creative_writing,256,kgw,kgw-09,-0.3266793038882825,253
replication-0102,creative_writing,256,synthid,synthid-00,0.5008818342151675,252
replication-0102,creative_writing,256,synthid,synthid-01,0.5048500881834215,252
replication-0102,creative_writing,256,synthid,synthid-02,0.5008818342151675,252
replication-0102,creative_writing,256,synthid,synthid-03,0.49867724867724866,252
replication-0102,creative_writing,256,synthid,synthid-04,0.5198412698412699,252
replication-0102,creative_writing,256,synthid,synthid-05,0.5127865961199295,252
replication-0102,creative_writing,256,synthid,synthid-06,0.4828042328042328,252
replication-0102,creative_writing,256,synthid,synthid-07,0.4880952380952381,252
replication-0102,creative_writing,256,synthid,synthid-08,0.4691358024691358,252
replication-0102,creative_writing,256,synthid,synthid-09,0.4858906525573192,252
replication-0102,creative_writing,512,kgw,kgw-00,-1.1515770343367342,509
replication-0102,creative_writing,512,kgw,kgw-01,-3.9153619167448963,509
replication-0102,creative_writing,512,kgw,kgw-02,2.942919087749432,509
replication-0102,creative_writing,512,kgw,kgw-03,-1.663389049597505,509
replication-0102,creative_writing,512,kgw,kgw-04,0.8956710267063489,509
replication-0102,creative_writing,512,kgw,kgw-05,2.7381942816451237,509
replication-0102,creative_writing,512,kgw,kgw-06,1.5098454450192738,509
replication-0102,creative_writing,512,kgw,kgw-07,-1.8681138557018133,509
replication-0102,creative_writing,512,kgw,kgw-08,-1.2539394373888884,509
replication-0102,creative_writing,512,kgw,kgw-09,-1.04921463128458,509
replication-0102,creative_writing,512,synthid,synthid-00,0.4995625546806649,508
replication-0102,creative_writing,512,synthid,synthid-01,0.49431321084864394,508
replication-0102,creative_writing,512,synthid,synthid-02,0.4973753280839895,508
replication-0102,creative_writing,512,synthid,synthid-03,0.5054680664916885,508
replication-0102,creative_writing,512,synthid,synthid-04,0.5078740157480315,508
replication-0102,creative_writing,512,synthid,synthid-05,0.5159667541557306,508
replication-0102,creative_writing,512,synthid,synthid-06,0.4921259842519685,508
replication-0102,creative_writing,512,synthid,synthid-07,0.49015748031496065,508
replication-0102,creative_writing,512,synthid,synthid-08,0.48884514435695536,508
replication-0102,creative_writing,512,synthid,synthid-09,0.4927821522309711,508
replication-0103,creative_writing,128,kgw,kgw-00,0.10454167469786334,122
replication-0103,creative_writing,128,kgw,kgw-01,0.10454167469786334,122
replication-0103,creative_writing,128,kgw,kgw-02,-1.3590417710722233,122
replication-0103,creative_writing,128,kgw,kgw-03,0.31362502409359,122
replication-0103,creative_writing,128,kgw,kgw-04,1.3590417710722233,122
replication-0103,creative_writing,128,kgw,kgw-05,1.3590417710722233,122
replication-0103,creative_writing,128,kgw,kgw-06,1.1499584216764966,122
replication-0103,creative_writing,128,kgw,kgw-07,-0.5227083734893166,122
replication-0103,creative_writing,128,kgw,kgw-08,-0.5227083734893166,122
replication-0103,creative_writing,128,kgw,kgw-09,0.5227083734893166,122
replication-0103,creative_writing,128,synthid,synthid-00,0.4903581267217631,121
replication-0103,creative_writing,128,synthid,synthid-01,0.5041322314049587,121
replication-0103,creative_writing,128,synthid,synthid-02,0.46464646464646464,121
replication-0103,creative_writing,128,synthid,synthid-03,0.48484848484848486,121
replication-0103,creative_writing,128,synthid,synthid-04,0.5289256198347108,121
replication-0103,creative_writing,128,synthid,synthid-05,0.5362718089990818,121
replication-0103,creative_writing,128,synthid,synthid-06,0.5243342516069789,121
replication-0103,creative_writing,128,synthid,synthid-07,0.4839302112029385,121
replication-0103,creative_writing,128,synthid,synthid-08,0.4765840220385675,121
replication-0103,creative_writing,128,synthid,synthid-09,0.4931129476584022,121
replication-0103,creative_writing,256,kgw,kgw-00,-0.18294043331615056,249
replication-0103,creative_writing,256,kgw,kgw-01,-0.329292779969071,249
replication-0103,creative_writing,256,kgw,kgw-02,-0.7683498199278324,249
replication-0103,creative_writing,256,kgw,kgw-03,-0.329292779969071,249
replication-0103,creative_writing,256,kgw,kgw-04,1.7196400731718153,249
replication-0103,creative_writing,256,kgw,kgw-05,0.4024689532955313,249
replication-0103,creative_writing,256,kgw,kgw-06,2.012344766477656,249
replication-0103,creative_writing,256,kgw,kgw-07,-1.3537592065395143,249
replication-0103,creative_writing,256,kgw,kgw-08,-1.0610545132336733,249
replication-0103,creative_writing,256,kgw,kgw-09,0.4024689532955313,249
replication-0103,creative_writing,256,synthid,synthid-00,0.496415770609319,248
replication-0103,creative_writing,256,synthid,synthid-01,0.503584229390681,248
replication-0103,creative_writing,256,synthid,synthid-02,0.48118279569892475,248
replication-0103,creative_writing,256,synthid,synthid-03,0.4789426523297491,248
replication-0103,creative_writing,256,synthid,synthid-04,0.5170250896057348,248
replication-0103,creative_writing,256,synthid,synthid-05,0.5053763440860215,248
replication-0103,creative_writing,256,synthid,synthid-06,0.5129928315412187,248
replication-0103,creative_writing,256,synthid,synthid-07,0.5049283154121864,248
replication-0103,creative_writing,256,synthid,synthid-08,0.4798387096774194,248
replication-0103,creative_writing,256,synthid,synthid-09,0.48118279569892475,248
replication-0103,creative_writing,512,kgw,kgw-00,0.051536807203007316,502
replication-0103,creative_writing,512,kgw,kgw-01,-0.36075765042105123,502
replication-0103,creative_writing,512,kgw,kgw-02,0.8761257224511244,502
replication-0103,creative_writing,512,kgw,kgw-03,1.0822729512631537,502
replication-0103,creative_writing,512,kgw,kgw-04,2.8345243961654023,502
replication-0103,creative_writing,512,kgw,kgw-05,1.1853465656691682,502
replication-0103,creative_writing,512,kgw,kgw-06,1.2884201800751829,502
replication-0103,creative_writing,512,kgw,kgw-07,-0.8761257224511244,502
replication-0103,creative_writing,512,kgw,kgw-08,-2.1130090953233,502
replication-0103,creative_writing,512,kgw,kgw-09,0.15461042160902194,502
replication-0103,creative_writing,512,synthid,synthid-00,0.49700598802395207,501
replication-0103,creative_writing,512,synthid,synthid-01,0.5089820359281437,501
replication-0103,creative_writing,512,synthid,synthid-02,0.4881348414282546,501
replication-0103,creative_writing,512,synthid,synthid-03,0.4870259481037924,501
replication-0103,creative_writing,512,synthid,synthid-04,0.5087602572632512,501
replication-0103,creative_writing,512,synthid,synthid-05,0.497449545353737,501
replication-0103,creative_writing,512,synthid,synthid-06,0.49855843867819916,501
replication-0103,creative_writing,512,synthid,synthid-07,0.4961188733643824,501
replication-0103,creative_writing,512,synthid,synthid-08,0.490352628077179,501
replication-0103,creative_writing,512,synthid,synthid-09,0.49390108671545796,501
