prompt_id,split,category,generated_tokens,n_tokens,distinct_tokens,distinct_bigrams,repeated_4gram_fraction,top20_token_share,newline_fraction,max_run_length
calibration-0000,calibration,open_qa,512,512,83,150,0.500982,0.748047,0.037109,2
calibration-0001,calibration,open_qa,512,512,231,401,0.098232,0.431641,0.074219,2
calibration-0002,calibration,general_qa,512,512,216,412,0.02947,0.449219,0.03125,2
calibration-0003,calibration,general_qa,512,512,212,363,0.10609,0.408203,0.019531,2
calibration-0004,calibration,information_extraction,512,512,203,387,0.086444,0.417969,0.017578,2
calibration-0005,calibration,open_qa,512,512,58,106,0.664047,0.867188,0.181641,2
calibration-0006,calibration,classification,512,512,137,260,0.261297,0.646484,0.042969,2
calibration-0007,calibration,open_qa,512,512,229,412,0.053045,0.416016,0.082031,2
calibration-0008,calibration,open_qa,512,512,111,230,0.312377,0.642578,0.011719,1
calibration-0009,calibration,general_qa,512,512,29,44,0.886051,0.982422,0.001953,1
calibration-0010,calibration,general_qa,512,512,152,268,0.332024,0.505859,0.068359,2
calibration-0011,calibration,classification,512,512,13,18,0.952849,1.0,0.070312,2
calibration-0012,calibration,open_qa,512,512,184,364,0.084479,0.4375,0.027344,3
calibration-0013,calibration,closed_qa,512,512,118,200,0.459725,0.560547,0.064453,2
calibration-0014,calibration,creative_writing,512,512,106,167,0.620825,0.472656,0.046875,2
calibration-0015,calibration,general_qa,512,512,14,18,0.958743,1.0,0.068359,1
calibration-0016,calibration,brainstorming,512,512,202,354,0.168959,0.427734,0.050781,2
calibration-0017,calibration,classification,512,512,122,214,0.40275,0.705078,0.078125,2
calibration-0018,calibration,information_extraction,512,512,156,302,0.222004,0.476562,0.041016,2
calibration-0019,calibration,creative_writing,512,512,187,366,0.090373,0.537109,0.023438,2
calibration-0020,calibration,classification,512,512,150,268,0.290766,0.529297,0.107422,2
calibration-0021,calibration,closed_qa,512,512,167,346,0.100196,0.507812,0.074219,2
calibration-0022,calibration,closed_qa,512,512,148,295,0.227898,0.552734,0.041016,2
calibration-0023,calibration,closed_qa,512,512,123,239,0.32613,0.609375,0.056641,2
calibration-0024,calibration,closed_qa,512,512,158,295,0.223969,0.507812,0.03125,2
calibration-0025,calibration,brainstorming,512,512,73,103,0.772102,0.888672,0.207031,2
calibration-0026,calibration,open_qa,512,512,164,304,0.208251,0.533203,0.003906,2
calibration-0027,calibration,general_qa,512,512,130,303,0.163065,0.585938,0.044922,2
calibration-0028,calibration,closed_qa,512,512,131,263,0.249509,0.552734,0.033203,2
calibration-0029,calibration,open_qa,512,512,153,277,0.284872,0.53125,0.064453,2
calibration-0030,calibration,closed_qa,512,512,131,209,0.499018,0.681641,0.212891,2
calibration-0031,calibration,closed_qa,512,512,165,334,0.121807,0.53125,0.027344,2
calibration-0032,calibration,general_qa,512,512,225,407,0.064833,0.421875,0.033203,2
calibration-0033,calibration,brainstorming,512,512,134,227,0.485265,0.671875,0.158203,2
calibration-0034,calibration,brainstorming,512,512,251,439,0.009823,0.386719,0.048828,2
calibration-0035,calibration,general_qa,512,512,222,404,0.043222,0.419922,0.039062,2
calibration-0036,calibration,brainstorming,512,512,149,265,0.294695,0.517578,0.095703,2
calibration-0037,calibration,open_qa,512,512,202,369,0.117878,0.501953,0.083984,2
calibration-0038,calibration,open_qa,512,512,194,364,0.115914,0.449219,0.048828,2
calibration-0039,calibration,open_qa,512,512,210,392,0.045187,0.423828,0.042969,2
calibration-0040,calibration,open_qa,512,512,117,184,0.536346,0.507812,0.103516,2
calibration-0041,calibration,classification,512,512,20,77,0.506876,1.0,0.074219,2
calibration-0042,calibration,open_qa,512,512,145,289,0.172888,0.542969,0.048828,1
calibration-0043,calibration,open_qa,512,512,133,229,0.465619,0.494141,0.052734,3
calibration-0044,calibration,open_qa,512,512,106,184,0.534381,0.677734,0.09375,2
calibration-0045,calibration,general_qa,512,512,146,268,0.277014,0.552734,0.052734,2
calibration-0046,calibration,brainstorming,512,512,167,301,0.278978,0.552734,0.044922,2
calibration-0047,calibration,brainstorming,512,512,166,316,0.151277,0.513672,0.064453,2
calibration-0048,calibration,summarization,512,512,168,284,0.308448,0.519531,0.039062,2
calibration-0049,calibration,brainstorming,512,512,242,400,0.072692,0.414062,0.054688,2
calibration-0050,calibration,information_extraction,512,512,217,401,0.039293,0.427734,0.023438,2
calibration-0051,calibration,brainstorming,512,512,139,260,0.320236,0.539062,0.087891,2
calibration-0052,calibration,information_extraction,512,512,103,182,0.51277,0.707031,0.039062,3
calibration-0053,calibration,open_qa,512,512,76,126,0.685658,0.818359,0.152344,2
calibration-0054,calibration,general_qa,512,512,67,115,0.693517,0.710938,0.072266,2
calibration-0055,calibration,general_qa,512,512,70,154,0.504912,0.765625,0.015625,2
calibration-0056,calibration,classification,512,512,32,49,0.844794,0.976562,0.181641,2
calibration-0057,calibration,classification,512,512,226,399,0.031434,0.443359,0.039062,2
calibration-0058,calibration,open_qa,512,512,181,319,0.208251,0.496094,0.101562,2
calibration-0059,calibration,classification,512,512,136,275,0.178782,0.570312,0.066406,2
calibration-0060,calibration,summarization,512,512,49,76,0.799607,0.683594,0.109375,2
calibration-0061,calibration,open_qa,512,512,86,172,0.455796,0.753906,0.080078,2
calibration-0062,calibration,open_qa,512,512,127,272,0.251473,0.529297,0.027344,2
calibration-0063,calibration,open_qa,512,512,111,208,0.3222,0.634766,0.095703,2
calibration-0064,calibration,open_qa,512,512,135,262,0.300589,0.585938,0.015625,2
calibration-0065,calibration,summarization,512,512,188,381,0.037328,0.460938,0.039062,2
calibration-0066,calibration,open_qa,512,512,183,332,0.157171,0.507812,0.072266,2
calibration-0067,calibration,information_extraction,512,512,123,252,0.284872,0.583984,0.015625,2
calibration-0068,calibration,closed_qa,512,512,70,101,0.746562,0.589844,0.099609,2
calibration-0069,calibration,open_qa,512,512,79,143,0.589391,0.748047,0.119141,2
calibration-0070,calibration,general_qa,512,512,184,337,0.157171,0.433594,0.074219,2
calibration-0071,calibration,open_qa,512,512,140,236,0.408644,0.488281,0.085938,2
calibration-0072,calibration,open_qa,512,512,41,86,0.695481,0.912109,0.105469,2
calibration-0073,calibration,open_qa,512,512,70,125,0.559921,0.689453,0.074219,2
calibration-0074,calibration,summarization,512,512,153,297,0.251473,0.507812,0.033203,2
calibration-0075,calibration,closed_qa,512,512,85,121,0.713163,0.613281,0.082031,2
calibration-0076,calibration,classification,512,512,172,306,0.243615,0.490234,0.0625,2
calibration-0077,calibration,classification,512,512,96,225,0.208251,0.722656,0.087891,3
calibration-0078,calibration,summarization,512,512,163,271,0.375246,0.457031,0.023438,2
calibration-0079,calibration,general_qa,512,512,176,363,0.064833,0.496094,0.044922,2
calibration-0080,calibration,open_qa,512,512,208,389,0.039293,0.455078,0.048828,2
calibration-0081,calibration,open_qa,512,512,73,126,0.697446,0.857422,0.134766,2
calibration-0082,calibration,closed_qa,512,512,195,332,0.172888,0.433594,0.087891,2
calibration-0083,calibration,information_extraction,512,512,140,288,0.159136,0.589844,0.023438,2
calibration-0084,calibration,classification,512,512,131,268,0.278978,0.582031,0.039062,2
calibration-0085,calibration,open_qa,512,512,52,87,0.752456,0.853516,0.121094,2
calibration-0086,calibration,information_extraction,512,512,134,280,0.19057,0.623047,0.029297,2
calibration-0087,calibration,closed_qa,512,512,147,245,0.381139,0.460938,0.03125,2
calibration-0088,calibration,open_qa,512,512,48,110,0.555992,0.884766,0.068359,2
calibration-0089,calibration,open_qa,512,512,164,323,0.165029,0.521484,0.035156,2
calibration-0090,calibration,closed_qa,512,512,180,323,0.21611,0.447266,0.048828,2
calibration-0091,calibration,classification,512,512,136,259,0.349705,0.503906,0.041016,2
calibration-0092,calibration,information_extraction,512,512,148,244,0.398821,0.5,0.095703,2
calibration-0093,calibration,summarization,512,512,165,283,0.29666,0.431641,0.056641,2
calibration-0094,calibration,brainstorming,512,512,187,315,0.214145,0.402344,0.044922,2
calibration-0095,calibration,closed_qa,512,512,197,385,0.068762,0.427734,0.011719,1
calibration-0096,calibration,information_extraction,512,512,101,154,0.628684,0.603516,0.091797,2
calibration-0097,calibration,information_extraction,512,512,203,390,0.072692,0.429688,0.03125,2
calibration-0098,calibration,brainstorming,512,512,197,337,0.143418,0.480469,0.101562,2
calibration-0099,calibration,classification,512,512,190,382,0.062868,0.462891,0.056641,2
calibration-0100,calibration,closed_qa,512,512,171,312,0.212181,0.447266,0.041016,2
calibration-0101,calibration,general_qa,512,512,88,157,0.510806,0.712891,0.107422,2
calibration-0102,calibration,open_qa,512,512,146,264,0.278978,0.642578,0.171875,2
calibration-0103,calibration,classification,512,512,191,353,0.113949,0.431641,0.048828,2
calibration-0104,calibration,open_qa,512,512,133,272,0.239686,0.5,0.019531,2
calibration-0105,calibration,classification,512,512,181,315,0.223969,0.507812,0.076172,2
calibration-0106,calibration,information_extraction,512,512,181,351,0.104126,0.505859,0.011719,3
calibration-0107,calibration,open_qa,512,512,80,199,0.324165,0.78125,0.023438,2
calibration-0108,calibration,open_qa,512,512,171,326,0.163065,0.496094,0.029297,2
calibration-0109,calibration,brainstorming,512,512,183,379,0.051081,0.453125,0.068359,2
calibration-0110,calibration,open_qa,512,512,206,376,0.084479,0.482422,0.027344,2
calibration-0111,calibration,brainstorming,512,512,219,405,0.049116,0.412109,0.060547,2
calibration-0112,calibration,brainstorming,512,512,210,377,0.098232,0.458984,0.015625,2
calibration-0113,calibration,closed_qa,512,512,132,248,0.330059,0.558594,0.109375,2
calibration-0114,calibration,closed_qa,512,512,171,351,0.117878,0.5,0.013672,2
calibration-0115,calibration,information_extraction,512,512,48,75,0.815324,0.697266,0.109375,2
calibration-0116,calibration,classification,512,512,102,201,0.43222,0.671875,0.089844,3
calibration-0117,calibration,open_qa,512,512,119,201,0.536346,0.558594,0.121094,2
calibration-0118,calibration,general_qa,512,512,203,400,0.053045,0.466797,0.037109,2
calibration-0119,calibration,general_qa,512,512,195,372,0.068762,0.462891,0.041016,2
calibration-0120,calibration,general_qa,512,512,100,226,0.314342,0.615234,0.119141,2
calibration-0121,calibration,classification,512,512,181,355,0.104126,0.488281,0.042969,2
calibration-0122,calibration,classification,512,512,130,278,0.247544,0.566406,0.027344,2
calibration-0123,calibration,brainstorming,512,512,212,396,0.064833,0.423828,0.070312,2
calibration-0124,calibration,information_extraction,512,512,133,237,0.390963,0.589844,0.099609,2
calibration-0125,calibration,creative_writing,512,512,181,341,0.151277,0.476562,0.058594,2
calibration-0126,calibration,open_qa,512,512,148,302,0.225933,0.552734,0.042969,2
calibration-0127,calibration,brainstorming,512,512,158,314,0.090373,0.517578,0.078125,2
calibration-0128,calibration,closed_qa,512,512,155,261,0.367387,0.539062,0.048828,2
calibration-0129,calibration,classification,512,512,104,218,0.312377,0.611328,0.0625,2
calibration-0130,calibration,open_qa,512,512,105,194,0.459725,0.587891,0.103516,2
calibration-0131,calibration,information_extraction,512,512,144,267,0.261297,0.556641,0.074219,2
calibration-0132,calibration,open_qa,512,512,56,84,0.791749,0.845703,0.0625,1
calibration-0133,calibration,classification,512,512,93,170,0.528487,0.574219,0.085938,2
calibration-0134,calibration,brainstorming,512,512,154,281,0.302554,0.507812,0.041016,2
calibration-0135,calibration,closed_qa,512,512,150,307,0.21611,0.53125,0.050781,3
calibration-0136,calibration,closed_qa,512,512,182,350,0.127701,0.433594,0.056641,2
calibration-0137,calibration,brainstorming,512,512,197,360,0.100196,0.505859,0.03125,2
calibration-0138,calibration,summarization,512,512,149,271,0.290766,0.445312,0.03125,2
calibration-0139,calibration,classification,512,512,152,304,0.159136,0.492188,0.039062,2
calibration-0140,calibration,general_qa,512,512,150,307,0.166994,0.537109,0.03125,2
calibration-0141,calibration,open_qa,512,512,149,303,0.235756,0.466797,0.058594,2
calibration-0142,calibration,brainstorming,512,512,184,359,0.155206,0.46875,0.050781,2
calibration-0143,calibration,summarization,512,512,65,100,0.715128,0.785156,0.126953,2
calibration-0144,calibration,open_qa,512,512,140,265,0.310413,0.486328,0.080078,2
calibration-0145,calibration,information_extraction,512,512,108,159,0.618861,0.777344,0.447266,2
calibration-0146,calibration,classification,512,512,155,314,0.163065,0.449219,0.082031,2
calibration-0147,calibration,information_extraction,512,512,62,113,0.628684,0.824219,0.201172,2
calibration-0148,calibration,information_extraction,512,512,120,242,0.275049,0.558594,0.103516,2
calibration-0149,calibration,open_qa,512,512,146,262,0.3222,0.556641,0.107422,2
calibration-0150,calibration,closed_qa,512,512,166,296,0.204322,0.550781,0.041016,2
calibration-0151,calibration,information_extraction,512,512,155,342,0.082515,0.546875,0.037109,2
calibration-0152,calibration,general_qa,512,512,136,239,0.445972,0.494141,0.082031,2
calibration-0153,calibration,classification,512,512,189,364,0.070727,0.451172,0.068359,2
calibration-0154,calibration,open_qa,512,512,170,305,0.257367,0.460938,0.099609,2
calibration-0155,calibration,open_qa,512,512,128,235,0.394892,0.572266,0.0625,2
calibration-0156,calibration,closed_qa,512,512,128,233,0.365422,0.486328,0.033203,2
calibration-0157,calibration,information_extraction,512,512,133,231,0.392927,0.501953,0.0625,2
calibration-0158,calibration,summarization,512,512,180,325,0.202358,0.498047,0.041016,2
calibration-0159,calibration,brainstorming,512,512,154,308,0.178782,0.474609,0.039062,2
calibration-0160,calibration,classification,512,512,52,143,0.400786,0.9375,0.171875,2
calibration-0161,calibration,classification,512,512,88,162,0.430255,0.703125,0.019531,2
calibration-0162,calibration,closed_qa,512,512,49,76,0.781925,0.71875,0.058594,2
calibration-0163,calibration,closed_qa,512,512,59,94,0.752456,0.806641,0.132812,2
calibration-0164,calibration,brainstorming,512,512,194,352,0.127701,0.451172,0.082031,2
calibration-0165,calibration,brainstorming,512,512,195,365,0.070727,0.464844,0.023438,3
calibration-0166,calibration,open_qa,512,512,203,387,0.051081,0.421875,0.039062,2
calibration-0167,calibration,information_extraction,512,512,127,213,0.479371,0.478516,0.058594,2
calibration-0168,calibration,brainstorming,512,512,178,322,0.141454,0.515625,0.03125,2
calibration-0169,calibration,summarization,512,512,93,141,0.628684,0.664062,0.033203,2
calibration-0170,calibration,closed_qa,512,512,160,293,0.267191,0.443359,0.099609,3
calibration-0171,calibration,general_qa,512,512,193,357,0.145383,0.449219,0.078125,2
calibration-0172,calibration,classification,512,512,205,384,0.056974,0.447266,0.042969,2
calibration-0173,calibration,creative_writing,512,512,205,399,0.039293,0.439453,0.039062,2
calibration-0174,calibration,classification,512,512,35,46,0.88998,0.755859,0.078125,2
calibration-0175,calibration,classification,512,512,155,292,0.247544,0.484375,0.103516,2
calibration-0176,calibration,summarization,512,512,165,315,0.24165,0.488281,0.027344,2
calibration-0177,calibration,closed_qa,512,512,166,329,0.11002,0.509766,0.042969,3
calibration-0178,calibration,summarization,512,512,156,314,0.178782,0.533203,0.019531,2
calibration-0179,calibration,summarization,512,512,195,358,0.104126,0.476562,0.029297,2
calibration-0180,calibration,open_qa,512,512,74,126,0.514735,0.753906,0.082031,1
calibration-0181,calibration,general_qa,512,512,181,358,0.062868,0.509766,0.03125,2
calibration-0182,calibration,classification,512,512,59,100,0.734774,0.904297,0.123047,2
calibration-0183,calibration,brainstorming,512,512,155,274,0.251473,0.582031,0.078125,3
calibration-0184,calibration,open_qa,512,512,186,356,0.10609,0.480469,0.042969,2
calibration-0185,calibration,information_extraction,512,512,145,251,0.361493,0.537109,0.144531,2
calibration-0186,calibration,classification,512,512,221,391,0.045187,0.457031,0.03125,2
calibration-0187,calibration,open_qa,512,512,143,247,0.387033,0.519531,0.052734,2
calibration-0188,calibration,open_qa,512,512,209,384,0.10609,0.425781,0.037109,2
calibration-0189,calibration,closed_qa,512,512,135,260,0.3222,0.509766,0.037109,2
calibration-0190,calibration,general_qa,512,512,225,404,0.053045,0.419922,0.035156,2
calibration-0191,calibration,classification,512,512,143,236,0.359528,0.511719,0.039062,2
calibration-0192,calibration,classification,512,512,157,284,0.263261,0.550781,0.060547,2
calibration-0193,calibration,information_extraction,512,512,80,159,0.502947,0.777344,0.101562,2
calibration-0194,calibration,general_qa,512,512,219,401,0.037328,0.449219,0.060547,2
calibration-0195,calibration,general_qa,512,512,92,158,0.550098,0.726562,0.003906,1
calibration-0196,calibration,open_qa,512,512,147,313,0.153242,0.498047,0.035156,3
calibration-0197,calibration,brainstorming,512,512,153,257,0.379175,0.599609,0.115234,2
calibration-0198,calibration,open_qa,512,512,134,295,0.1611,0.544922,0.03125,2
calibration-0199,calibration,general_qa,512,512,98,227,0.304519,0.677734,0.03125,2
calibration-0200,calibration,open_qa,512,512,157,331,0.078585,0.550781,0.023438,2
calibration-0201,calibration,open_qa,512,512,42,63,0.829077,0.921875,0.070312,2
calibration-0202,calibration,classification,512,512,37,53,0.860511,0.966797,0.085938,1
calibration-0203,calibration,creative_writing,512,512,148,245,0.40668,0.484375,0.033203,2
calibration-0204,calibration,classification,512,512,98,235,0.220039,0.59375,0.039062,2
calibration-0205,calibration,brainstorming,512,512,168,334,0.141454,0.5,0.058594,2
calibration-0206,calibration,open_qa,512,512,145,277,0.278978,0.583984,0.164062,2
calibration-0207,calibration,brainstorming,512,512,106,156,0.624754,0.792969,0.109375,2
calibration-0208,calibration,open_qa,512,512,74,127,0.609037,0.730469,0.070312,1
calibration-0209,calibration,open_qa,512,512,161,323,0.151277,0.486328,0.060547,2
calibration-0210,calibration,open_qa,512,512,59,104,0.689587,0.808594,0.089844,2
calibration-0211,calibration,closed_qa,512,512,146,279,0.24165,0.494141,0.037109,2
calibration-0212,calibration,summarization,512,512,154,286,0.259332,0.478516,0.048828,1
calibration-0213,calibration,open_qa,512,512,154,297,0.259332,0.552734,0.041016,2
calibration-0214,calibration,summarization,512,512,136,269,0.231827,0.576172,0.037109,2
calibration-0215,calibration,open_qa,512,512,180,365,0.084479,0.464844,0.054688,2
calibration-0216,calibration,creative_writing,512,512,62,128,0.54224,0.816406,0.080078,2
calibration-0217,calibration,open_qa,512,512,167,336,0.092338,0.525391,0.035156,2
calibration-0218,calibration,closed_qa,512,512,104,194,0.463654,0.724609,0.082031,2
calibration-0219,calibration,open_qa,512,512,110,243,0.318271,0.630859,0.001953,1
calibration-0220,calibration,open_qa,512,512,118,239,0.343811,0.53125,0.046875,2
calibration-0221,calibration,open_qa,512,512,126,221,0.414538,0.566406,0.076172,2
calibration-0222,calibration,classification,512,512,117,233,0.288802,0.591797,0.121094,2
calibration-0223,calibration,open_qa,512,512,79,145,0.544204,0.609375,0.083984,2
calibration-0224,calibration,classification,512,512,124,257,0.214145,0.585938,0.035156,2
calibration-0225,calibration,summarization,512,512,127,225,0.43222,0.492188,0.066406,3
calibration-0226,calibration,general_qa,512,512,146,310,0.172888,0.53125,0.023438,2
calibration-0227,calibration,open_qa,512,512,194,371,0.047151,0.484375,0.015625,1
calibration-0228,calibration,classification,512,512,94,179,0.434185,0.738281,0.121094,2
calibration-0229,calibration,brainstorming,512,512,38,84,0.715128,0.953125,0.125,2
calibration-0230,calibration,information_extraction,512,512,32,35,0.927308,0.976562,0.316406,2
calibration-0231,calibration,general_qa,512,512,62,138,0.483301,0.847656,0.074219,2
calibration-0232,calibration,open_qa,512,512,93,215,0.304519,0.638672,0.085938,4
calibration-0233,calibration,closed_qa,512,512,183,330,0.214145,0.443359,0.025391,3
calibration-0234,calibration,creative_writing,512,512,197,363,0.129666,0.427734,0.089844,2
calibration-0235,calibration,general_qa,512,512,84,148,0.540275,0.726562,0.082031,2
calibration-0236,calibration,open_qa,512,512,177,350,0.098232,0.509766,0.041016,2
calibration-0237,calibration,open_qa,512,512,232,403,0.047151,0.462891,0.035156,2
calibration-0238,calibration,general_qa,512,512,202,380,0.078585,0.464844,0.041016,2
calibration-0239,calibration,information_extraction,512,512,190,316,0.249509,0.417969,0.029297,2
calibration-0240,calibration,summarization,512,512,224,404,0.037328,0.429688,0.050781,2
calibration-0241,calibration,closed_qa,512,512,165,321,0.127701,0.566406,0.046875,3
calibration-0242,calibration,general_qa,512,512,182,373,0.039293,0.490234,0.027344,2
calibration-0243,calibration,open_qa,512,512,193,374,0.092338,0.439453,0.076172,2
calibration-0244,calibration,summarization,512,512,207,380,0.090373,0.412109,0.044922,2
calibration-0245,calibration,summarization,512,512,164,319,0.143418,0.576172,0.085938,3
calibration-0246,calibration,classification,512,512,158,294,0.259332,0.519531,0.111328,2
calibration-0247,calibration,general_qa,512,512,200,379,0.05501,0.462891,0.03125,2
calibration-0248,calibration,brainstorming,512,512,195,314,0.275049,0.439453,0.070312,2
calibration-0249,calibration,brainstorming,512,512,155,373,0.02947,0.513672,0.021484,2
calibration-0250,calibration,open_qa,512,512,122,197,0.565815,0.517578,0.041016,2
calibration-0251,calibration,summarization,512,512,115,228,0.392927,0.560547,0.056641,2
calibration-0252,calibration,brainstorming,512,512,238,419,0.02554,0.380859,0.052734,2
calibration-0253,calibration,information_extraction,512,512,31,67,0.616896,0.978516,0.017578,62
calibration-0254,calibration,brainstorming,512,512,238,399,0.047151,0.431641,0.048828,2
calibration-0255,calibration,classification,512,512,190,361,0.115914,0.478516,0.033203,2
calibration-0256,calibration,general_qa,512,512,140,260,0.284872,0.541016,0.066406,2
calibration-0257,calibration,open_qa,512,512,211,408,0.033399,0.433594,0.033203,3
calibration-0258,calibration,open_qa,512,512,46,67,0.807466,0.892578,0.113281,2
calibration-0259,calibration,general_qa,512,512,104,217,0.278978,0.652344,0.035156,3
calibration-0260,calibration,classification,512,512,91,159,0.577603,0.587891,0.029297,1
calibration-0261,calibration,closed_qa,512,512,44,66,0.81336,0.884766,0.078125,2
calibration-0262,calibration,summarization,512,512,113,249,0.19057,0.652344,0.039062,2
calibration-0263,calibration,open_qa,512,512,124,241,0.267191,0.599609,0.048828,2
calibration-0264,calibration,summarization,512,512,126,230,0.330059,0.603516,0.082031,2
calibration-0265,calibration,general_qa,512,512,212,391,0.058939,0.488281,0.068359,2
calibration-0266,calibration,general_qa,512,512,205,366,0.129666,0.429688,0.03125,2
calibration-0267,calibration,general_qa,512,512,166,337,0.102161,0.535156,0.03125,2
calibration-0268,calibration,open_qa,512,512,204,388,0.08055,0.455078,0.078125,2
calibration-0269,calibration,classification,512,512,85,159,0.522593,0.751953,0.058594,2
calibration-0270,calibration,closed_qa,512,512,91,141,0.609037,0.845703,0.060547,2
calibration-0271,calibration,classification,512,512,195,374,0.08055,0.455078,0.052734,2
calibration-0272,calibration,open_qa,512,512,103,155,0.583497,0.8125,0.017578,2
calibration-0273,calibration,closed_qa,512,512,182,369,0.066798,0.505859,0.035156,3
calibration-0274,calibration,brainstorming,512,512,203,389,0.070727,0.427734,0.039062,3
calibration-0275,calibration,brainstorming,512,512,206,400,0.058939,0.404297,0.068359,2
calibration-0276,calibration,classification,512,512,194,398,0.049116,0.457031,0.013672,1
calibration-0277,calibration,open_qa,512,512,176,355,0.139489,0.472656,0.078125,2
calibration-0278,calibration,closed_qa,512,512,210,364,0.100196,0.482422,0.041016,3
calibration-0279,calibration,creative_writing,512,512,168,319,0.174853,0.482422,0.064453,2
calibration-0280,calibration,open_qa,512,512,198,384,0.094303,0.431641,0.056641,2
calibration-0281,calibration,creative_writing,512,512,173,357,0.094303,0.457031,0.035156,2
calibration-0282,calibration,summarization,512,512,53,111,0.581532,0.908203,0.011719,2
calibration-0283,calibration,general_qa,512,512,110,229,0.320236,0.611328,0.109375,3
calibration-0284,calibration,general_qa,512,512,161,314,0.227898,0.496094,0.056641,2
calibration-0285,calibration,classification,512,512,218,409,0.02947,0.490234,0.03125,2
calibration-0286,calibration,general_qa,512,512,198,413,0.023576,0.451172,0.050781,2
calibration-0287,calibration,brainstorming,512,512,134,239,0.373281,0.552734,0.048828,2
calibration-0288,calibration,classification,512,512,94,192,0.375246,0.617188,0.054688,1
calibration-0289,calibration,brainstorming,512,512,136,228,0.424361,0.617188,0.128906,2
calibration-0290,calibration,brainstorming,512,512,115,240,0.275049,0.605469,0.0625,2
calibration-0291,calibration,closed_qa,512,512,110,243,0.308448,0.65625,0.068359,2
calibration-0292,calibration,summarization,512,512,182,339,0.165029,0.449219,0.066406,2
calibration-0293,calibration,brainstorming,512,512,222,423,0.033399,0.404297,0.056641,2
calibration-0294,calibration,open_qa,512,512,200,364,0.098232,0.443359,0.021484,2
calibration-0295,calibration,classification,512,512,63,87,0.75835,0.789062,0.066406,1
calibration-0296,calibration,classification,512,512,211,417,0.033399,0.443359,0.03125,2
calibration-0297,calibration,open_qa,512,512,98,170,0.53831,0.601562,0.023438,2
calibration-0298,calibration,closed_qa,512,512,104,206,0.333988,0.654297,0.066406,2
calibration-0299,calibration,summarization,512,512,70,125,0.689587,0.619141,0.042969,3
calibration-0300,calibration,creative_writing,512,512,195,354,0.166994,0.472656,0.085938,2
calibration-0301,calibration,general_qa,512,512,228,434,0.023576,0.423828,0.027344,2
calibration-0302,calibration,open_qa,512,512,145,260,0.290766,0.605469,0.050781,2
calibration-0303,calibration,general_qa,512,512,166,339,0.121807,0.517578,0.048828,2
calibration-0304,calibration,classification,512,512,199,347,0.153242,0.462891,0.107422,2
calibration-0305,calibration,closed_qa,512,512,129,268,0.220039,0.578125,0.048828,2
calibration-0306,calibration,information_extraction,512,512,199,359,0.155206,0.449219,0.035156,2
calibration-0307,calibration,open_qa,512,512,117,175,0.392927,0.546875,0.126953,2
calibration-0308,calibration,open_qa,512,512,43,64,0.834971,0.943359,0.363281,2
calibration-0309,calibration,closed_qa,512,512,175,339,0.147348,0.492188,0.035156,2
calibration-0310,calibration,information_extraction,512,512,149,280,0.192534,0.546875,0.056641,2
calibration-0311,calibration,general_qa,512,512,71,107,0.726916,0.634766,0.164062,2
calibration-0312,calibration,closed_qa,512,512,122,225,0.408644,0.658203,0.072266,2
calibration-0313,calibration,open_qa,512,512,159,333,0.11002,0.539062,0.050781,2
calibration-0314,calibration,open_qa,512,512,215,416,0.027505,0.416016,0.042969,2
calibration-0315,calibration,open_qa,512,512,128,201,0.54224,0.566406,0.134766,2
calibration-0316,calibration,information_extraction,512,512,79,148,0.561886,0.734375,0.035156,2
calibration-0317,calibration,closed_qa,512,512,128,226,0.477407,0.712891,0.03125,2
calibration-0318,calibration,classification,512,512,220,387,0.088409,0.425781,0.050781,2
calibration-0319,calibration,closed_qa,512,512,169,310,0.172888,0.511719,0.070312,2
calibration-0320,calibration,creative_writing,512,512,170,330,0.143418,0.486328,0.089844,2
calibration-0321,calibration,open_qa,512,512,134,243,0.32613,0.566406,0.019531,2
calibration-0322,calibration,brainstorming,512,512,210,399,0.045187,0.423828,0.066406,2
calibration-0323,calibration,creative_writing,512,512,205,392,0.031434,0.460938,0.035156,2
calibration-0324,calibration,open_qa,512,512,64,104,0.701375,0.710938,0.058594,2
calibration-0325,calibration,classification,512,512,162,323,0.139489,0.515625,0.074219,2
calibration-0326,calibration,brainstorming,512,512,190,395,0.072692,0.451172,0.035156,2
calibration-0327,calibration,brainstorming,512,512,140,277,0.259332,0.550781,0.044922,2
calibration-0328,calibration,classification,512,512,96,172,0.477407,0.691406,0.091797,2
calibration-0329,calibration,open_qa,512,512,136,294,0.184676,0.539062,0.035156,2
calibration-0330,calibration,brainstorming,512,512,172,347,0.115914,0.46875,0.037109,2
calibration-0331,calibration,brainstorming,512,512,121,227,0.40668,0.535156,0.046875,1
calibration-0332,calibration,information_extraction,512,512,185,362,0.090373,0.486328,0.041016,2
calibration-0333,calibration,open_qa,512,512,174,346,0.076621,0.527344,0.080078,2
calibration-0334,calibration,brainstorming,512,512,93,160,0.557957,0.746094,0.09375,2
calibration-0335,calibration,brainstorming,512,512,98,178,0.500982,0.759766,0.15625,2
calibration-0336,calibration,closed_qa,512,512,168,304,0.220039,0.480469,0.039062,3
calibration-0337,calibration,classification,512,512,124,225,0.343811,0.621094,0.09375,2
calibration-0338,calibration,information_extraction,512,512,112,225,0.347741,0.628906,0.041016,2
calibration-0339,calibration,classification,512,512,163,281,0.277014,0.478516,0.044922,2
calibration-0340,calibration,classification,512,512,143,295,0.192534,0.533203,0.085938,2
calibration-0341,calibration,classification,512,512,135,271,0.257367,0.578125,0.023438,2
calibration-0342,calibration,brainstorming,512,512,185,351,0.092338,0.486328,0.078125,2
calibration-0343,calibration,open_qa,512,512,201,385,0.05501,0.431641,0.054688,2
calibration-0344,calibration,closed_qa,512,512,127,229,0.345776,0.617188,0.042969,2
calibration-0345,calibration,open_qa,512,512,228,423,0.027505,0.462891,0.046875,2
calibration-0346,calibration,information_extraction,512,512,145,275,0.277014,0.541016,0.033203,2
calibration-0347,calibration,information_extraction,512,512,138,250,0.339882,0.496094,0.052734,2
calibration-0348,calibration,brainstorming,512,512,194,348,0.131631,0.503906,0.027344,2
calibration-0349,calibration,general_qa,512,512,225,394,0.074656,0.458984,0.046875,2
calibration-0350,calibration,creative_writing,512,512,224,381,0.10609,0.472656,0.080078,2
calibration-0351,calibration,closed_qa,512,512,142,263,0.300589,0.537109,0.0625,2
calibration-0352,calibration,closed_qa,512,512,127,242,0.335953,0.560547,0.089844,3
calibration-0353,calibration,classification,512,512,15,25,0.909627,1.0,0.0,1
calibration-0354,calibration,general_qa,512,512,143,275,0.227898,0.564453,0.076172,2
calibration-0355,calibration,general_qa,512,512,189,396,0.02947,0.509766,0.027344,2
calibration-0356,calibration,summarization,512,512,177,327,0.176817,0.507812,0.078125,2
calibration-0357,calibration,classification,512,512,61,100,0.644401,0.839844,0.0,2
calibration-0358,calibration,information_extraction,512,512,139,251,0.32613,0.478516,0.068359,3
calibration-0359,calibration,summarization,512,512,163,321,0.133595,0.509766,0.041016,3
calibration-0360,calibration,information_extraction,512,512,226,401,0.039293,0.423828,0.015625,2
calibration-0361,calibration,summarization,512,512,136,239,0.398821,0.529297,0.023438,2
calibration-0362,calibration,information_extraction,512,512,241,427,0.037328,0.382812,0.027344,2
calibration-0363,calibration,open_qa,512,512,155,300,0.21611,0.544922,0.066406,2
calibration-0364,calibration,classification,512,512,235,428,0.021611,0.433594,0.066406,2
calibration-0365,calibration,creative_writing,512,512,107,168,0.54224,0.548828,0.09375,2
calibration-0366,calibration,classification,512,512,177,352,0.117878,0.525391,0.074219,2
calibration-0367,calibration,classification,512,512,177,359,0.078585,0.451172,0.041016,2
calibration-0368,calibration,classification,512,512,142,296,0.198428,0.542969,0.048828,2
calibration-0369,calibration,classification,512,512,122,226,0.385069,0.546875,0.121094,2
calibration-0370,calibration,open_qa,512,512,187,333,0.145383,0.470703,0.035156,2
calibration-0371,calibration,creative_writing,512,512,136,236,0.341847,0.582031,0.0625,2
calibration-0372,calibration,general_qa,512,512,224,401,0.045187,0.439453,0.03125,3
calibration-0373,calibration,classification,512,512,102,161,0.62279,0.792969,0.107422,2
calibration-0374,calibration,open_qa,512,512,198,361,0.111984,0.488281,0.048828,2
calibration-0375,calibration,classification,512,512,134,248,0.328094,0.603516,0.082031,3
calibration-0376,calibration,closed_qa,512,512,142,282,0.247544,0.541016,0.044922,2
calibration-0377,calibration,classification,512,512,242,416,0.05501,0.390625,0.068359,3
calibration-0378,calibration,closed_qa,512,512,194,379,0.076621,0.492188,0.019531,2
calibration-0379,calibration,open_qa,512,512,225,403,0.051081,0.410156,0.064453,2
calibration-0380,calibration,open_qa,512,512,173,350,0.070727,0.474609,0.003906,3
calibration-0381,calibration,information_extraction,512,512,173,344,0.10609,0.511719,0.015625,2
calibration-0382,calibration,brainstorming,512,512,148,279,0.261297,0.554688,0.046875,2
calibration-0383,calibration,open_qa,512,512,240,395,0.088409,0.367188,0.082031,2
calibration-0384,calibration,brainstorming,512,512,202,364,0.127701,0.449219,0.078125,2
calibration-0385,calibration,open_qa,512,512,50,70,0.836935,0.890625,0.0625,2
calibration-0386,calibration,brainstorming,512,512,127,175,0.618861,0.521484,0.115234,2
calibration-0387,calibration,general_qa,512,512,183,370,0.100196,0.457031,0.064453,2
calibration-0388,calibration,general_qa,512,512,187,346,0.149312,0.445312,0.027344,2
calibration-0389,calibration,general_qa,512,512,146,303,0.176817,0.589844,0.035156,2
calibration-0390,calibration,classification,512,512,212,397,0.027505,0.457031,0.03125,2
calibration-0391,calibration,open_qa,512,512,60,119,0.569745,0.816406,0.080078,2
calibration-0392,calibration,closed_qa,512,512,103,170,0.550098,0.681641,0.152344,3
calibration-0393,calibration,open_qa,512,512,90,170,0.508841,0.789062,0.146484,3
calibration-0394,calibration,open_qa,512,512,176,368,0.08055,0.488281,0.039062,2
calibration-0395,calibration,creative_writing,512,512,141,294,0.182711,0.5625,0.060547,2
calibration-0396,calibration,creative_writing,512,512,105,173,0.589391,0.671875,0.09375,2
calibration-0397,calibration,closed_qa,512,512,162,255,0.428291,0.472656,0.048828,2
calibration-0398,calibration,brainstorming,512,512,76,154,0.534381,0.693359,0.009766,1
calibration-0399,calibration,general_qa,512,512,202,396,0.045187,0.435547,0.060547,2
calibration-0400,calibration,open_qa,512,512,131,278,0.198428,0.634766,0.113281,2
calibration-0401,calibration,open_qa,512,512,100,185,0.481336,0.748047,0.136719,2
calibration-0402,calibration,information_extraction,512,512,147,286,0.227898,0.539062,0.035156,3
calibration-0403,calibration,creative_writing,512,512,189,386,0.066798,0.4375,0.039062,2
calibration-0404,calibration,classification,512,512,127,180,0.48723,0.703125,0.007812,2
calibration-0405,calibration,classification,512,512,48,81,0.777996,0.931641,0.068359,1
calibration-0406,calibration,classification,512,512,182,344,0.145383,0.455078,0.076172,2
calibration-0407,calibration,closed_qa,512,512,224,399,0.045187,0.480469,0.039062,2
calibration-0408,calibration,information_extraction,512,512,231,406,0.10609,0.40625,0.005859,2
calibration-0409,calibration,classification,512,512,114,188,0.504912,0.673828,0.085938,2
calibration-0410,calibration,information_extraction,512,512,192,315,0.19057,0.476562,0.021484,2
calibration-0411,calibration,classification,512,512,23,43,0.821218,0.994141,0.0,115
calibration-0412,calibration,information_extraction,512,512,143,272,0.222004,0.59375,0.041016,2
calibration-0413,calibration,information_extraction,512,512,82,137,0.664047,0.621094,0.037109,2
calibration-0414,calibration,closed_qa,512,512,140,260,0.363458,0.611328,0.121094,2
calibration-0415,calibration,creative_writing,512,512,170,315,0.204322,0.505859,0.064453,2
calibration-0416,calibration,brainstorming,512,512,103,170,0.540275,0.478516,0.070312,2
calibration-0417,calibration,closed_qa,512,512,58,95,0.734774,0.6875,0.105469,2
calibration-0418,calibration,brainstorming,512,512,183,382,0.060904,0.503906,0.064453,3
calibration-0419,calibration,closed_qa,512,512,175,336,0.143418,0.494141,0.033203,2
calibration-0420,calibration,open_qa,512,512,185,298,0.27112,0.455078,0.042969,2
calibration-0421,calibration,general_qa,512,512,174,349,0.113949,0.494141,0.115234,2
calibration-0422,calibration,information_extraction,512,512,194,365,0.10609,0.414062,0.019531,2
calibration-0423,calibration,general_qa,512,512,194,366,0.141454,0.455078,0.074219,2
calibration-0424,calibration,general_qa,512,512,212,403,0.031434,0.492188,0.037109,2
calibration-0425,calibration,classification,512,512,151,279,0.237721,0.492188,0.046875,2
calibration-0426,calibration,summarization,512,512,118,207,0.475442,0.554688,0.066406,2
calibration-0427,calibration,creative_writing,512,512,228,414,0.060904,0.4375,0.050781,2
calibration-0428,calibration,closed_qa,512,512,190,349,0.092338,0.5,0.027344,2
calibration-0429,calibration,brainstorming,512,512,188,388,0.070727,0.46875,0.033203,2
calibration-0430,calibration,general_qa,512,512,52,70,0.842829,0.933594,0.013672,148
calibration-0431,calibration,closed_qa,512,512,130,247,0.333988,0.582031,0.03125,2
calibration-0432,calibration,summarization,512,512,121,226,0.400786,0.630859,0.056641,3
calibration-0433,calibration,classification,512,512,98,183,0.532417,0.658203,0.054688,2
calibration-0434,calibration,classification,512,512,79,147,0.555992,0.826172,0.197266,2
calibration-0435,calibration,classification,512,512,157,338,0.129666,0.462891,0.027344,2
calibration-0436,calibration,information_extraction,512,512,186,344,0.113949,0.478516,0.029297,2
calibration-0437,calibration,general_qa,512,512,192,321,0.212181,0.431641,0.060547,2
calibration-0438,calibration,closed_qa,512,512,167,266,0.298625,0.484375,0.039062,3
calibration-0439,calibration,classification,512,512,203,389,0.072692,0.429688,0.0625,2
calibration-0440,calibration,classification,512,512,6,7,0.986248,1.0,0.0,1
calibration-0441,calibration,open_qa,512,512,195,377,0.074656,0.439453,0.070312,3
calibration-0442,calibration,open_qa,512,512,120,197,0.481336,0.515625,0.060547,2
calibration-0443,calibration,open_qa,512,512,181,343,0.192534,0.441406,0.039062,2
calibration-0444,calibration,general_qa,512,512,166,313,0.163065,0.503906,0.09375,2
calibration-0445,calibration,open_qa,512,512,154,288,0.253438,0.529297,0.044922,3
calibration-0446,calibration,closed_qa,512,512,153,302,0.184676,0.535156,0.042969,2
calibration-0447,calibration,information_extraction,512,512,116,202,0.502947,0.640625,0.105469,2
calibration-0448,calibration,creative_writing,512,512,225,402,0.058939,0.423828,0.054688,2
calibration-0449,calibration,classification,512,512,158,282,0.282908,0.484375,0.076172,2
calibration-0450,calibration,general_qa,512,512,185,342,0.098232,0.474609,0.039062,3
calibration-0451,calibration,classification,512,512,53,112,0.609037,0.869141,0.070312,2
calibration-0452,calibration,classification,512,512,117,227,0.373281,0.535156,0.025391,2
calibration-0453,calibration,brainstorming,512,512,185,348,0.090373,0.472656,0.033203,2
calibration-0454,calibration,general_qa,512,512,177,341,0.149312,0.476562,0.042969,2
calibration-0455,calibration,brainstorming,512,512,92,178,0.447937,0.685547,0.066406,3
calibration-0456,calibration,closed_qa,512,512,168,301,0.206287,0.541016,0.035156,2
calibration-0457,calibration,general_qa,512,512,51,81,0.791749,0.925781,0.140625,1
calibration-0458,calibration,brainstorming,512,512,223,416,0.02947,0.4375,0.066406,2
calibration-0459,calibration,classification,512,512,103,156,0.595285,0.736328,0.150391,2
calibration-0460,calibration,summarization,512,512,211,386,0.060904,0.441406,0.025391,2
calibration-0461,calibration,open_qa,512,512,194,353,0.113949,0.462891,0.076172,2
calibration-0462,calibration,closed_qa,512,512,124,245,0.251473,0.644531,0.039062,3
calibration-0463,calibration,summarization,512,512,169,286,0.324165,0.421875,0.023438,2
calibration-0464,calibration,general_qa,512,512,123,201,0.467583,0.689453,0.169922,2
calibration-0465,calibration,creative_writing,512,512,193,367,0.066798,0.53125,0.068359,2
calibration-0466,calibration,summarization,512,512,163,290,0.247544,0.458984,0.058594,3
calibration-0467,calibration,general_qa,512,512,133,253,0.387033,0.525391,0.056641,2
calibration-0468,calibration,open_qa,512,512,148,295,0.225933,0.4375,0.042969,2
calibration-0469,calibration,information_extraction,512,512,11,14,0.964637,1.0,0.0,1
calibration-0470,calibration,creative_writing,512,512,162,268,0.355599,0.482422,0.117188,2
calibration-0471,calibration,general_qa,512,512,193,374,0.086444,0.486328,0.044922,2
calibration-0472,calibration,general_qa,512,512,191,370,0.143418,0.441406,0.083984,2
calibration-0473,calibration,closed_qa,512,512,120,186,0.555992,0.574219,0.078125,2
calibration-0474,calibration,classification,512,512,122,261,0.222004,0.677734,0.003906,3
calibration-0475,calibration,information_extraction,512,512,216,369,0.11002,0.414062,0.03125,2
calibration-0476,calibration,open_qa,512,512,157,328,0.100196,0.544922,0.029297,2
calibration-0477,calibration,general_qa,512,512,205,397,0.068762,0.396484,0.060547,2
calibration-0478,calibration,brainstorming,512,512,87,166,0.522593,0.652344,0.115234,2
calibration-0479,calibration,information_extraction,512,512,169,332,0.129666,0.476562,0.066406,2
calibration-0480,calibration,general_qa,512,512,199,369,0.092338,0.441406,0.072266,2
calibration-0481,calibration,general_qa,512,512,165,338,0.121807,0.498047,0.048828,2
calibration-0482,calibration,classification,512,512,47,89,0.726916,0.947266,0.0,1
calibration-0483,calibration,information_extraction,512,512,176,307,0.243615,0.488281,0.070312,2
calibration-0484,calibration,summarization,512,512,157,266,0.337917,0.478516,0.064453,2
calibration-0485,calibration,information_extraction,512,512,148,282,0.231827,0.507812,0.011719,2
calibration-0486,calibration,brainstorming,512,512,208,375,0.094303,0.46875,0.085938,2
calibration-0487,calibration,open_qa,512,512,135,226,0.453831,0.541016,0.072266,2
calibration-0488,calibration,open_qa,512,512,125,229,0.294695,0.542969,0.097656,2
calibration-0489,calibration,classification,512,512,210,413,0.039293,0.449219,0.054688,2
calibration-0490,calibration,general_qa,512,512,167,320,0.182711,0.517578,0.089844,2
calibration-0491,calibration,brainstorming,512,512,227,407,0.051081,0.419922,0.060547,2
calibration-0492,calibration,brainstorming,512,512,156,283,0.275049,0.583984,0.072266,2
calibration-0493,calibration,open_qa,512,512,102,197,0.485265,0.537109,0.015625,3
calibration-0494,calibration,information_extraction,512,512,38,58,0.846758,0.916016,0.003906,2
calibration-0495,calibration,general_qa,512,512,140,243,0.373281,0.507812,0.046875,2
calibration-0496,calibration,open_qa,512,512,175,342,0.072692,0.585938,0.023438,2
calibration-0497,calibration,closed_qa,512,512,74,128,0.618861,0.716797,0.083984,2
calibration-0498,calibration,classification,512,512,153,315,0.104126,0.527344,0.033203,3
calibration-0499,calibration,classification,512,512,49,84,0.750491,0.917969,0.066406,2
calibration-0500,calibration,general_qa,512,512,166,288,0.288802,0.449219,0.039062,2
calibration-0501,calibration,information_extraction,512,512,175,351,0.08055,0.511719,0.029297,2
calibration-0502,calibration,brainstorming,512,512,211,402,0.058939,0.414062,0.042969,2
calibration-0503,calibration,open_qa,512,512,168,302,0.278978,0.474609,0.097656,2
calibration-0504,calibration,brainstorming,512,512,212,408,0.035363,0.429688,0.027344,2
calibration-0505,calibration,closed_qa,512,512,180,351,0.129666,0.480469,0.050781,2
calibration-0506,calibration,open_qa,512,512,152,323,0.133595,0.535156,0.03125,2
calibration-0507,calibration,brainstorming,512,512,144,282,0.233792,0.513672,0.027344,3
calibration-0508,calibration,summarization,512,512,160,314,0.147348,0.494141,0.023438,2
calibration-0509,calibration,information_extraction,512,512,166,319,0.147348,0.539062,0.03125,2
calibration-0510,calibration,information_extraction,512,512,84,145,0.605108,0.748047,0.052734,3
calibration-0511,calibration,closed_qa,512,512,153,292,0.194499,0.607422,0.027344,2
calibration-0512,calibration,creative_writing,512,512,143,257,0.365422,0.46875,0.078125,2
calibration-0513,calibration,open_qa,512,512,220,397,0.053045,0.449219,0.048828,2
calibration-0514,calibration,creative_writing,512,512,111,217,0.388998,0.576172,0.027344,2
calibration-0515,calibration,general_qa,512,512,192,344,0.159136,0.449219,0.060547,2
calibration-0516,calibration,open_qa,512,512,187,365,0.104126,0.501953,0.050781,2
calibration-0517,calibration,general_qa,512,512,219,380,0.078585,0.410156,0.033203,2
calibration-0518,calibration,summarization,512,512,60,91,0.799607,0.712891,0.058594,2
calibration-0519,calibration,classification,512,512,134,262,0.267191,0.539062,0.027344,2
calibration-0520,calibration,open_qa,512,512,198,340,0.188605,0.416016,0.056641,4
calibration-0521,calibration,open_qa,512,512,219,390,0.086444,0.419922,0.035156,2
calibration-0522,calibration,information_extraction,512,512,179,301,0.261297,0.457031,0.076172,2
calibration-0523,calibration,open_qa,512,512,150,264,0.278978,0.511719,0.0625,2
calibration-0524,calibration,classification,512,512,77,123,0.660118,0.775391,0.099609,2
calibration-0525,calibration,closed_qa,512,512,122,227,0.408644,0.587891,0.015625,3
calibration-0526,calibration,closed_qa,512,512,108,189,0.43222,0.662109,0.080078,2
calibration-0527,calibration,general_qa,512,512,167,306,0.182711,0.525391,0.033203,2
calibration-0528,calibration,general_qa,512,512,133,264,0.243615,0.585938,0.072266,3
calibration-0529,calibration,general_qa,512,512,243,435,0.011788,0.441406,0.042969,2
calibration-0530,calibration,classification,512,512,50,92,0.638507,0.861328,0.175781,1
calibration-0531,calibration,open_qa,512,512,170,295,0.253438,0.462891,0.042969,2
calibration-0532,calibration,classification,512,512,60,94,0.722986,0.884766,0.0,157
calibration-0533,calibration,brainstorming,512,512,174,327,0.139489,0.447266,0.039062,3
calibration-0534,calibration,open_qa,512,512,257,427,0.043222,0.384766,0.050781,2
calibration-0535,calibration,open_qa,512,512,152,282,0.341847,0.478516,0.039062,2
calibration-0536,calibration,open_qa,512,512,229,398,0.113949,0.380859,0.054688,2
calibration-0537,calibration,general_qa,512,512,223,392,0.047151,0.423828,0.050781,2
calibration-0538,calibration,open_qa,512,512,213,398,0.041257,0.462891,0.0625,2
calibration-0539,calibration,classification,512,512,197,345,0.151277,0.472656,0.046875,2
calibration-0540,calibration,open_qa,512,512,174,326,0.163065,0.498047,0.023438,2
calibration-0541,calibration,classification,512,512,35,63,0.811395,0.970703,0.001953,2
calibration-0542,calibration,brainstorming,512,512,132,229,0.337917,0.503906,0.0625,1
calibration-0543,calibration,open_qa,512,512,160,290,0.282908,0.615234,0.029297,129
calibration-0544,calibration,closed_qa,512,512,194,323,0.210216,0.433594,0.042969,2
calibration-0545,calibration,general_qa,512,512,54,103,0.683694,0.873047,0.056641,1
calibration-0546,calibration,information_extraction,512,512,225,401,0.092338,0.443359,0.033203,2
calibration-0547,calibration,closed_qa,512,512,221,340,0.237721,0.380859,0.046875,2
calibration-0548,calibration,information_extraction,512,512,167,303,0.174853,0.556641,0.0,3
calibration-0549,calibration,general_qa,512,512,160,334,0.141454,0.466797,0.019531,2
calibration-0550,calibration,open_qa,512,512,142,260,0.318271,0.550781,0.089844,2
calibration-0551,calibration,open_qa,512,512,166,285,0.294695,0.460938,0.078125,2
calibration-0552,calibration,open_qa,512,512,221,416,0.049116,0.441406,0.058594,2
calibration-0553,calibration,closed_qa,512,512,97,136,0.669941,0.773438,0.080078,3
calibration-0554,calibration,summarization,512,512,117,236,0.333988,0.589844,0.011719,2
calibration-0555,calibration,classification,512,512,109,206,0.414538,0.535156,0.035156,2
calibration-0556,calibration,information_extraction,512,512,99,157,0.59725,0.537109,0.072266,2
calibration-0557,calibration,general_qa,512,512,208,381,0.10609,0.441406,0.037109,2
calibration-0558,calibration,open_qa,512,512,40,53,0.870334,0.761719,0.089844,2
calibration-0559,calibration,open_qa,512,512,47,66,0.817289,0.947266,0.101562,1
calibration-0560,calibration,general_qa,512,512,52,130,0.500982,0.761719,0.048828,2
calibration-0561,calibration,open_qa,512,512,178,313,0.180747,0.582031,0.089844,2
calibration-0562,calibration,summarization,512,512,168,324,0.178782,0.470703,0.052734,2
calibration-0563,calibration,brainstorming,512,512,127,217,0.438114,0.580078,0.039062,1
calibration-0564,calibration,open_qa,512,512,79,156,0.532417,0.65625,0.083984,2
calibration-0565,calibration,information_extraction,512,512,165,299,0.233792,0.490234,0.056641,2
calibration-0566,calibration,summarization,512,512,144,272,0.265226,0.544922,0.0625,2
calibration-0567,calibration,classification,512,512,157,288,0.273084,0.572266,0.082031,2
calibration-0568,calibration,creative_writing,512,512,117,204,0.465619,0.572266,0.03125,2
calibration-0569,calibration,closed_qa,512,512,145,263,0.290766,0.486328,0.052734,2
calibration-0570,calibration,brainstorming,512,512,124,230,0.320236,0.65625,0.052734,2
calibration-0571,calibration,closed_qa,512,512,133,226,0.420432,0.482422,0.048828,2
calibration-0572,calibration,general_qa,512,512,186,377,0.068762,0.523438,0.027344,2
calibration-0573,calibration,open_qa,512,512,207,405,0.011788,0.484375,0.029297,2
calibration-0574,calibration,classification,512,512,145,218,0.385069,0.53125,0.121094,2
calibration-0575,calibration,classification,512,512,179,345,0.104126,0.447266,0.064453,2
calibration-0576,calibration,general_qa,512,512,197,360,0.108055,0.396484,0.0625,2
calibration-0577,calibration,information_extraction,512,512,157,285,0.284872,0.484375,0.070312,2
calibration-0578,calibration,open_qa,512,512,88,159,0.548134,0.746094,0.121094,2
calibration-0579,calibration,brainstorming,512,512,187,331,0.19057,0.435547,0.074219,2
calibration-0580,calibration,open_qa,512,512,73,125,0.669941,0.582031,0.070312,2
calibration-0581,calibration,closed_qa,512,512,116,199,0.491159,0.585938,0.09375,2
calibration-0582,calibration,creative_writing,512,512,180,361,0.098232,0.470703,0.058594,2
calibration-0583,calibration,information_extraction,512,512,174,328,0.194499,0.460938,0.039062,2
calibration-0584,calibration,open_qa,512,512,135,242,0.320236,0.488281,0.044922,2
calibration-0585,calibration,brainstorming,512,512,87,125,0.707269,0.517578,0.078125,2
calibration-0586,calibration,open_qa,512,512,106,179,0.573674,0.587891,0.089844,2
calibration-0587,calibration,open_qa,512,512,227,422,0.043222,0.429688,0.076172,2
calibration-0588,calibration,closed_qa,512,512,179,309,0.237721,0.478516,0.03125,2
calibration-0589,calibration,closed_qa,512,512,134,235,0.412574,0.476562,0.03125,2
calibration-0590,calibration,open_qa,512,512,208,381,0.076621,0.474609,0.035156,2
calibration-0591,calibration,general_qa,512,512,138,265,0.320236,0.527344,0.035156,1
calibration-0592,calibration,creative_writing,512,512,166,335,0.127701,0.466797,0.054688,2
calibration-0593,calibration,closed_qa,512,512,163,299,0.29666,0.460938,0.023438,2
calibration-0594,calibration,open_qa,512,512,174,314,0.172888,0.5625,0.046875,3
calibration-0595,calibration,information_extraction,512,512,208,347,0.149312,0.429688,0.046875,2
calibration-0596,calibration,classification,512,512,77,155,0.56778,0.847656,0.003906,2
calibration-0597,calibration,open_qa,512,512,29,54,0.842829,0.912109,0.332031,1
calibration-0598,calibration,open_qa,512,512,91,161,0.514735,0.726562,0.103516,2
calibration-0599,calibration,open_qa,512,512,66,107,0.70334,0.671875,0.076172,2
calibration-0600,calibration,closed_qa,512,512,172,333,0.180747,0.566406,0.054688,4
calibration-0601,calibration,creative_writing,512,512,243,415,0.058939,0.445312,0.041016,2
calibration-0602,calibration,open_qa,512,512,169,326,0.149312,0.529297,0.035156,2
calibration-0603,calibration,general_qa,512,512,186,383,0.02947,0.511719,0.03125,2
calibration-0604,calibration,brainstorming,512,512,144,260,0.277014,0.472656,0.054688,2
calibration-0605,calibration,open_qa,512,512,189,354,0.086444,0.484375,0.058594,2
calibration-0606,calibration,brainstorming,512,512,194,385,0.047151,0.449219,0.033203,2
calibration-0607,calibration,classification,512,512,198,385,0.08055,0.429688,0.048828,2
calibration-0608,calibration,open_qa,512,512,191,356,0.127701,0.455078,0.035156,2
calibration-0609,calibration,classification,512,512,184,342,0.100196,0.492188,0.091797,2
calibration-0610,calibration,open_qa,512,512,139,299,0.231827,0.525391,0.023438,2
calibration-0611,calibration,information_extraction,512,512,139,264,0.40668,0.470703,0.023438,3
calibration-0612,calibration,open_qa,512,512,177,345,0.131631,0.498047,0.042969,1
calibration-0613,calibration,open_qa,512,512,121,185,0.561886,0.560547,0.072266,2
calibration-0614,calibration,summarization,512,512,172,347,0.127701,0.501953,0.03125,3
calibration-0615,calibration,summarization,512,512,205,361,0.13556,0.466797,0.042969,2
calibration-0616,calibration,brainstorming,512,512,81,145,0.614931,0.777344,0.023438,7
calibration-0617,calibration,open_qa,512,512,182,327,0.192534,0.498047,0.035156,2
calibration-0618,calibration,general_qa,512,512,174,327,0.200393,0.482422,0.09375,2
calibration-0619,calibration,summarization,512,512,136,244,0.388998,0.546875,0.054688,3
calibration-0620,calibration,closed_qa,512,512,132,271,0.255403,0.576172,0.013672,2
calibration-0621,calibration,brainstorming,512,512,157,341,0.11002,0.484375,0.033203,2
calibration-0622,calibration,closed_qa,512,512,173,308,0.27112,0.417969,0.019531,2
calibration-0623,calibration,open_qa,512,512,175,374,0.043222,0.505859,0.042969,2
calibration-0624,calibration,general_qa,512,512,198,395,0.060904,0.451172,0.039062,2
calibration-0625,calibration,open_qa,512,512,179,338,0.131631,0.455078,0.070312,2
calibration-0626,calibration,brainstorming,512,512,206,382,0.070727,0.458984,0.042969,2
calibration-0627,calibration,open_qa,512,512,93,146,0.646365,0.820312,0.21875,2
calibration-0628,calibration,summarization,512,512,117,219,0.371316,0.587891,0.017578,2
calibration-0629,calibration,information_extraction,512,512,124,214,0.361493,0.714844,0.060547,2
calibration-0630,calibration,brainstorming,512,512,208,399,0.064833,0.425781,0.072266,2
calibration-0631,calibration,summarization,512,512,59,99,0.705305,0.792969,0.150391,2
calibration-0632,calibration,open_qa,512,512,116,221,0.424361,0.552734,0.042969,2
calibration-0633,calibration,closed_qa,512,512,151,238,0.45776,0.4375,0.013672,3
calibration-0634,calibration,summarization,512,512,165,313,0.196464,0.486328,0.056641,2
calibration-0635,calibration,general_qa,512,512,187,347,0.222004,0.460938,0.048828,2
calibration-0636,calibration,summarization,512,512,138,248,0.339882,0.568359,0.027344,2
calibration-0637,calibration,summarization,512,512,138,290,0.168959,0.566406,0.029297,3
calibration-0638,calibration,open_qa,512,512,112,184,0.577603,0.480469,0.019531,2
calibration-0639,calibration,open_qa,512,512,225,403,0.049116,0.427734,0.058594,2
calibration-0640,calibration,closed_qa,512,512,147,327,0.108055,0.515625,0.029297,2
calibration-0641,calibration,general_qa,512,512,205,397,0.045187,0.462891,0.035156,2
calibration-0642,calibration,closed_qa,512,512,153,316,0.147348,0.529297,0.013672,2
calibration-0643,calibration,information_extraction,512,512,209,379,0.108055,0.400391,0.052734,2
calibration-0644,calibration,open_qa,512,512,181,358,0.086444,0.458984,0.037109,2
calibration-0645,calibration,classification,512,512,82,157,0.45776,0.767578,0.078125,2
calibration-0646,calibration,open_qa,512,512,219,398,0.027505,0.453125,0.019531,2
calibration-0647,calibration,brainstorming,512,512,149,285,0.210216,0.597656,0.064453,3
calibration-0648,calibration,summarization,512,512,184,377,0.05501,0.505859,0.074219,2
calibration-0649,calibration,closed_qa,512,512,144,295,0.265226,0.470703,0.039062,3
calibration-0650,calibration,creative_writing,512,512,42,71,0.785855,0.947266,0.199219,2
calibration-0651,calibration,closed_qa,512,512,142,314,0.174853,0.5625,0.048828,2
calibration-0652,calibration,summarization,512,512,102,158,0.640472,0.697266,0.107422,2
calibration-0653,calibration,general_qa,512,512,201,386,0.041257,0.5,0.035156,2
calibration-0654,calibration,open_qa,512,512,171,374,0.041257,0.498047,0.017578,2
calibration-0655,calibration,creative_writing,512,512,158,297,0.218075,0.511719,0.033203,2
calibration-0656,calibration,open_qa,512,512,199,384,0.021611,0.496094,0.027344,2
calibration-0657,calibration,open_qa,512,512,143,278,0.265226,0.503906,0.037109,2
calibration-0658,calibration,open_qa,512,512,187,343,0.125737,0.492188,0.041016,2
calibration-0659,calibration,open_qa,512,512,213,371,0.092338,0.460938,0.029297,2
calibration-0660,calibration,summarization,512,512,55,96,0.675835,0.791016,0.072266,2
calibration-0661,calibration,summarization,512,512,139,277,0.176817,0.646484,0.035156,2
calibration-0662,calibration,classification,512,512,40,114,0.555992,0.958984,0.003906,2
calibration-0663,calibration,open_qa,512,512,194,350,0.131631,0.416016,0.054688,2
calibration-0664,calibration,closed_qa,512,512,50,82,0.752456,0.828125,0.070312,2
calibration-0665,calibration,creative_writing,512,512,212,359,0.104126,0.472656,0.041016,2
calibration-0666,calibration,open_qa,512,512,56,93,0.776031,0.703125,0.037109,1
calibration-0667,calibration,brainstorming,512,512,64,120,0.658153,0.878906,0.003906,2
calibration-0668,calibration,closed_qa,512,512,99,199,0.504912,0.603516,0.0625,2
calibration-0669,calibration,open_qa,512,512,107,183,0.465619,0.746094,0.126953,2
calibration-0670,calibration,classification,512,512,159,320,0.172888,0.550781,0.058594,2
calibration-0671,calibration,closed_qa,512,512,171,330,0.113949,0.537109,0.033203,2
calibration-0672,calibration,brainstorming,512,512,94,164,0.563851,0.658203,0.048828,2
calibration-0673,calibration,general_qa,512,512,166,328,0.092338,0.558594,0.035156,2
calibration-0674,calibration,closed_qa,512,512,168,323,0.113949,0.525391,0.083984,2
calibration-0675,calibration,open_qa,512,512,233,410,0.051081,0.429688,0.023438,2
calibration-0676,calibration,brainstorming,512,512,178,354,0.096267,0.519531,0.085938,2
calibration-0677,calibration,open_qa,512,512,120,240,0.333988,0.5625,0.027344,2
calibration-0678,calibration,open_qa,512,512,53,95,0.705305,0.921875,0.056641,2
calibration-0679,calibration,general_qa,512,512,89,146,0.589391,0.847656,0.025391,5
calibration-0680,calibration,summarization,512,512,168,310,0.184676,0.509766,0.035156,2
calibration-0681,calibration,brainstorming,512,512,181,311,0.214145,0.474609,0.027344,2
calibration-0682,calibration,closed_qa,512,512,128,270,0.290766,0.515625,0.035156,2
calibration-0683,calibration,open_qa,512,512,88,144,0.591356,0.697266,0.027344,1
calibration-0684,calibration,open_qa,512,512,201,380,0.051081,0.460938,0.03125,2
calibration-0685,calibration,brainstorming,512,512,184,363,0.108055,0.474609,0.058594,2
calibration-0686,calibration,closed_qa,512,512,136,276,0.196464,0.527344,0.019531,3
calibration-0687,calibration,classification,512,512,149,268,0.222004,0.560547,0.029297,1
calibration-0688,calibration,information_extraction,512,512,183,336,0.172888,0.484375,0.035156,2
calibration-0689,calibration,classification,512,512,144,284,0.200393,0.576172,0.039062,2
calibration-0690,calibration,information_extraction,512,512,194,334,0.19057,0.462891,0.037109,3
calibration-0691,calibration,general_qa,512,512,205,356,0.166994,0.544922,0.03125,81
calibration-0692,calibration,open_qa,512,512,135,218,0.459725,0.572266,0.052734,2
calibration-0693,calibration,classification,512,512,175,312,0.198428,0.425781,0.048828,4
calibration-0694,calibration,summarization,512,512,134,261,0.267191,0.53125,0.042969,2
calibration-0695,calibration,general_qa,512,512,175,370,0.113949,0.460938,0.027344,2
calibration-0696,calibration,classification,512,512,175,308,0.222004,0.486328,0.076172,2
calibration-0697,calibration,information_extraction,512,512,189,354,0.155206,0.5,0.068359,33
calibration-0698,calibration,brainstorming,512,512,194,399,0.02554,0.474609,0.027344,2
calibration-0699,calibration,information_extraction,512,512,145,255,0.383104,0.488281,0.048828,3
calibration-0700,calibration,classification,512,512,91,154,0.565815,0.75,0.042969,2
calibration-0701,calibration,closed_qa,512,512,95,231,0.267191,0.710938,0.056641,2
calibration-0702,calibration,open_qa,512,512,198,374,0.031434,0.464844,0.056641,2
calibration-0703,calibration,general_qa,512,512,144,296,0.178782,0.486328,0.035156,2
calibration-0704,calibration,creative_writing,512,512,226,408,0.078585,0.423828,0.046875,2
calibration-0705,calibration,open_qa,512,512,69,120,0.697446,0.767578,0.0625,2
calibration-0706,calibration,closed_qa,512,512,151,270,0.304519,0.542969,0.105469,2
calibration-0707,calibration,classification,512,512,66,124,0.587426,0.761719,0.015625,2
calibration-0708,calibration,open_qa,512,512,119,229,0.383104,0.671875,0.080078,2
calibration-0709,calibration,brainstorming,512,512,221,405,0.037328,0.455078,0.023438,2
calibration-0710,calibration,open_qa,512,512,134,229,0.465619,0.712891,0.214844,2
calibration-0711,calibration,open_qa,512,512,186,374,0.056974,0.529297,0.019531,2
calibration-0712,calibration,open_qa,512,512,223,401,0.049116,0.4375,0.066406,2
calibration-0713,calibration,brainstorming,512,512,180,331,0.159136,0.513672,0.027344,2
calibration-0714,calibration,information_extraction,512,512,102,186,0.493124,0.541016,0.023438,2
calibration-0715,calibration,classification,512,512,119,213,0.416503,0.525391,0.046875,2
calibration-0716,calibration,open_qa,512,512,185,336,0.147348,0.472656,0.03125,2
calibration-0717,calibration,information_extraction,512,512,147,288,0.225933,0.533203,0.025391,2
calibration-0718,calibration,brainstorming,512,512,215,376,0.082515,0.414062,0.0625,3
calibration-0719,calibration,open_qa,512,512,129,249,0.318271,0.568359,0.066406,2
calibration-0720,calibration,brainstorming,512,512,206,385,0.049116,0.474609,0.035156,2
calibration-0721,calibration,closed_qa,512,512,30,54,0.829077,0.980469,0.150391,2
calibration-0722,calibration,open_qa,512,512,247,402,0.053045,0.384766,0.064453,2
calibration-0723,calibration,brainstorming,512,512,139,247,0.324165,0.558594,0.076172,2
calibration-0724,calibration,open_qa,512,512,73,138,0.524558,0.728516,0.146484,2
calibration-0725,calibration,general_qa,512,512,163,353,0.066798,0.513672,0.044922,2
calibration-0726,calibration,information_extraction,512,512,121,217,0.444008,0.455078,0.035156,2
calibration-0727,calibration,general_qa,512,512,204,398,0.02947,0.488281,0.033203,2
calibration-0728,calibration,information_extraction,512,512,30,37,0.915521,0.777344,0.066406,1
calibration-0729,calibration,brainstorming,512,512,239,438,0.021611,0.392578,0.044922,2
calibration-0730,calibration,classification,512,512,189,347,0.111984,0.498047,0.03125,2
calibration-0731,calibration,open_qa,512,512,128,257,0.263261,0.658203,0.050781,4
calibration-0732,calibration,information_extraction,512,512,56,100,0.707269,0.814453,0.021484,3
calibration-0733,calibration,open_qa,512,512,166,310,0.212181,0.474609,0.0625,2
calibration-0734,calibration,classification,512,512,90,165,0.575639,0.722656,0.025391,2
calibration-0735,calibration,summarization,512,512,164,326,0.149312,0.521484,0.005859,2
calibration-0736,calibration,open_qa,512,512,179,339,0.139489,0.427734,0.052734,2
calibration-0737,calibration,information_extraction,512,512,61,90,0.762279,0.761719,0.064453,2
calibration-0738,calibration,closed_qa,512,512,93,173,0.481336,0.654297,0.023438,2
calibration-0739,calibration,classification,512,512,99,226,0.214145,0.75,0.052734,2
calibration-0740,calibration,brainstorming,512,512,174,337,0.139489,0.509766,0.035156,2
calibration-0741,calibration,open_qa,512,512,46,77,0.776031,0.914062,0.095703,2
calibration-0742,calibration,summarization,512,512,123,237,0.324165,0.560547,0.046875,2
calibration-0743,calibration,classification,512,512,132,222,0.434185,0.617188,0.076172,2
calibration-0744,calibration,classification,512,512,193,401,0.056974,0.431641,0.035156,2
calibration-0745,calibration,open_qa,512,512,191,352,0.076621,0.427734,0.072266,2
calibration-0746,calibration,open_qa,512,512,162,311,0.188605,0.441406,0.072266,2
calibration-0747,calibration,general_qa,512,512,170,355,0.084479,0.476562,0.0625,2
calibration-0748,calibration,classification,512,512,72,124,0.664047,0.664062,0.042969,2
calibration-0749,calibration,general_qa,512,512,246,418,0.02554,0.404297,0.054688,2
calibration-0750,calibration,creative_writing,512,512,155,294,0.225933,0.537109,0.117188,2
calibration-0751,calibration,open_qa,512,512,128,243,0.292731,0.558594,0.035156,2
calibration-0752,calibration,general_qa,512,512,65,146,0.544204,0.761719,0.066406,2
calibration-0753,calibration,open_qa,512,512,108,199,0.420432,0.552734,0.070312,2
calibration-0754,calibration,general_qa,512,512,164,307,0.208251,0.519531,0.097656,2
calibration-0755,calibration,classification,512,512,86,141,0.660118,0.640625,0.083984,2
calibration-0756,calibration,creative_writing,512,512,199,399,0.070727,0.433594,0.03125,2
calibration-0757,calibration,classification,512,512,109,199,0.491159,0.5625,0.080078,2
calibration-0758,calibration,brainstorming,512,512,180,331,0.210216,0.490234,0.058594,2
calibration-0759,calibration,brainstorming,512,512,136,214,0.451866,0.488281,0.060547,2
calibration-0760,calibration,creative_writing,512,512,183,371,0.045187,0.503906,0.037109,2
calibration-0761,calibration,open_qa,512,512,233,402,0.047151,0.416016,0.089844,2
calibration-0762,calibration,information_extraction,512,512,163,299,0.174853,0.574219,0.078125,2
calibration-0763,calibration,general_qa,512,512,220,404,0.035363,0.447266,0.035156,2
calibration-0764,calibration,classification,512,512,225,384,0.098232,0.449219,0.101562,2
calibration-0765,calibration,general_qa,512,512,190,362,0.078585,0.5,0.046875,2
calibration-0766,calibration,classification,512,512,41,74,0.805501,0.949219,0.119141,2
calibration-0767,calibration,general_qa,512,512,169,302,0.24165,0.480469,0.042969,2
calibration-0768,calibration,open_qa,512,512,219,422,0.019646,0.429688,0.03125,3
calibration-0769,calibration,classification,512,512,76,123,0.740668,0.611328,0.023438,1
calibration-0770,calibration,information_extraction,512,512,97,158,0.62279,0.654297,0.072266,2
calibration-0771,calibration,summarization,512,512,205,369,0.094303,0.425781,0.035156,2
calibration-0772,calibration,open_qa,512,512,167,331,0.104126,0.529297,0.03125,2
calibration-0773,calibration,closed_qa,512,512,182,340,0.180747,0.535156,0.060547,2
calibration-0774,calibration,general_qa,512,512,125,249,0.335953,0.542969,0.035156,2
calibration-0775,calibration,open_qa,512,512,160,307,0.157171,0.505859,0.064453,2
calibration-0776,calibration,open_qa,512,512,188,370,0.072692,0.503906,0.029297,3
calibration-0777,calibration,open_qa,512,512,88,153,0.528487,0.650391,0.080078,2
calibration-0778,calibration,creative_writing,512,512,171,370,0.05501,0.492188,0.054688,2
calibration-0779,calibration,general_qa,512,512,211,397,0.056974,0.462891,0.039062,2
calibration-0780,calibration,classification,512,512,181,338,0.153242,0.462891,0.080078,2
calibration-0781,calibration,classification,512,512,207,372,0.127701,0.435547,0.0625,2
calibration-0782,calibration,open_qa,512,512,209,395,0.043222,0.466797,0.023438,2
calibration-0783,calibration,open_qa,512,512,155,290,0.314342,0.605469,0.222656,2
calibration-0784,calibration,open_qa,512,512,197,355,0.149312,0.363281,0.050781,2
calibration-0785,calibration,classification,512,512,196,378,0.074656,0.429688,0.037109,2
calibration-0786,calibration,information_extraction,512,512,107,190,0.485265,0.556641,0.042969,2
calibration-0787,calibration,summarization,512,512,107,236,0.302554,0.621094,0.035156,2
calibration-0788,calibration,open_qa,512,512,219,400,0.060904,0.46875,0.042969,2
calibration-0789,calibration,closed_qa,512,512,112,241,0.277014,0.611328,0.035156,3
calibration-0790,calibration,information_extraction,512,512,66,98,0.726916,0.785156,0.113281,2
calibration-0791,calibration,general_qa,512,512,172,281,0.343811,0.537109,0.023438,2
calibration-0792,calibration,classification,512,512,114,224,0.449902,0.558594,0.101562,2
calibration-0793,calibration,general_qa,512,512,87,146,0.59725,0.699219,0.039062,1
calibration-0794,calibration,general_qa,512,512,159,307,0.168959,0.498047,0.029297,1
calibration-0795,calibration,brainstorming,512,512,184,361,0.133595,0.46875,0.066406,2
calibration-0796,calibration,classification,512,512,187,338,0.166994,0.462891,0.039062,2
calibration-0797,calibration,general_qa,512,512,164,322,0.151277,0.53125,0.039062,2
calibration-0798,calibration,open_qa,512,512,38,155,0.102161,0.964844,0.0,3
calibration-0799,calibration,general_qa,512,512,103,191,0.445972,0.617188,0.095703,2
calibration-0800,calibration,general_qa,512,512,88,137,0.646365,0.685547,0.058594,2
calibration-0801,calibration,classification,512,512,182,311,0.29666,0.564453,0.095703,2
calibration-0802,calibration,classification,512,512,198,370,0.098232,0.476562,0.089844,2
calibration-0803,calibration,general_qa,512,512,170,343,0.113949,0.525391,0.050781,2
calibration-0804,calibration,closed_qa,512,512,64,106,0.666012,0.851562,0.310547,2
calibration-0805,calibration,open_qa,512,512,192,372,0.08055,0.494141,0.03125,2
calibration-0806,calibration,general_qa,512,512,188,317,0.302554,0.546875,0.134766,2
calibration-0807,calibration,closed_qa,512,512,160,258,0.367387,0.490234,0.015625,2
calibration-0808,calibration,general_qa,512,512,107,156,0.636542,0.505859,0.058594,2
calibration-0809,calibration,brainstorming,512,512,62,124,0.607073,0.878906,0.054688,2
calibration-0810,calibration,general_qa,512,512,226,374,0.113949,0.458984,0.080078,2
calibration-0811,calibration,brainstorming,512,512,199,337,0.141454,0.496094,0.025391,2
calibration-0812,calibration,creative_writing,512,512,225,421,0.041257,0.402344,0.039062,2
calibration-0813,calibration,information_extraction,512,512,151,236,0.449902,0.470703,0.023438,3
calibration-0814,calibration,information_extraction,512,512,147,250,0.306483,0.583984,0.029297,2
calibration-0815,calibration,closed_qa,512,512,157,274,0.290766,0.457031,0.076172,3
calibration-0816,calibration,summarization,512,512,133,252,0.316306,0.574219,0.041016,2
calibration-0817,calibration,brainstorming,512,512,204,394,0.068762,0.439453,0.037109,3
calibration-0818,calibration,closed_qa,512,512,138,229,0.420432,0.59375,0.095703,2
calibration-0819,calibration,open_qa,512,512,151,298,0.188605,0.5,0.060547,2
calibration-0820,calibration,brainstorming,512,512,209,389,0.092338,0.410156,0.064453,3
calibration-0821,calibration,classification,512,512,142,289,0.214145,0.537109,0.085938,2
calibration-0822,calibration,summarization,512,512,183,354,0.10609,0.503906,0.027344,2
calibration-0823,calibration,information_extraction,512,512,207,382,0.058939,0.488281,0.027344,2
calibration-0824,calibration,closed_qa,512,512,187,367,0.072692,0.458984,0.048828,2
calibration-0825,calibration,information_extraction,512,512,119,199,0.463654,0.541016,0.025391,1
calibration-0826,calibration,brainstorming,512,512,97,209,0.294695,0.693359,0.0,1
calibration-0827,calibration,brainstorming,512,512,142,270,0.259332,0.519531,0.035156,2
calibration-0828,calibration,general_qa,512,512,131,225,0.471513,0.505859,0.0625,2
calibration-0829,calibration,information_extraction,512,512,107,169,0.585462,0.546875,0.138672,2
calibration-0830,calibration,summarization,512,512,113,223,0.345776,0.650391,0.097656,2
calibration-0831,calibration,open_qa,512,512,160,261,0.394892,0.599609,0.085938,2
calibration-0832,calibration,brainstorming,512,512,139,252,0.343811,0.533203,0.052734,2
calibration-0833,calibration,classification,512,512,92,178,0.410609,0.730469,0.117188,2
calibration-0834,calibration,classification,512,512,147,303,0.159136,0.519531,0.058594,2
calibration-0835,calibration,open_qa,512,512,71,133,0.601179,0.617188,0.066406,2
calibration-0836,calibration,brainstorming,512,512,212,406,0.037328,0.427734,0.052734,3
calibration-0837,calibration,information_extraction,512,512,137,241,0.390963,0.582031,0.105469,2
calibration-0838,calibration,general_qa,512,512,154,273,0.275049,0.464844,0.037109,2
calibration-0839,calibration,creative_writing,512,512,158,317,0.139489,0.494141,0.041016,2
calibration-0840,calibration,open_qa,512,512,243,427,0.035363,0.427734,0.050781,2
calibration-0841,calibration,information_extraction,512,512,203,377,0.090373,0.433594,0.052734,3
calibration-0842,calibration,open_qa,512,512,227,429,0.033399,0.416016,0.023438,2
calibration-0843,calibration,brainstorming,512,512,210,388,0.045187,0.458984,0.019531,2
calibration-0844,calibration,open_qa,512,512,118,232,0.355599,0.662109,0.033203,2
calibration-0845,calibration,classification,512,512,106,185,0.473477,0.654297,0.0625,1
calibration-0846,calibration,creative_writing,512,512,190,349,0.145383,0.466797,0.035156,2
calibration-0847,calibration,open_qa,512,512,215,379,0.064833,0.464844,0.052734,2
calibration-0848,calibration,general_qa,512,512,103,156,0.612967,0.523438,0.107422,2
calibration-0849,calibration,closed_qa,512,512,173,364,0.086444,0.451172,0.035156,2
calibration-0850,calibration,classification,512,512,78,116,0.693517,0.697266,0.097656,2
calibration-0851,calibration,classification,512,512,155,283,0.277014,0.470703,0.050781,2
calibration-0852,calibration,classification,512,512,56,98,0.717092,0.914062,0.003906,1
calibration-0853,calibration,classification,512,512,76,120,0.662083,0.839844,0.0,1
calibration-0854,calibration,information_extraction,512,512,223,394,0.060904,0.429688,0.041016,2
calibration-0855,calibration,brainstorming,512,512,157,282,0.259332,0.519531,0.033203,2
calibration-0856,calibration,general_qa,512,512,233,406,0.066798,0.484375,0.03125,2
calibration-0857,calibration,classification,512,512,194,361,0.119843,0.515625,0.037109,2
calibration-0858,calibration,general_qa,512,512,179,327,0.220039,0.4375,0.060547,2
calibration-0859,calibration,classification,512,512,183,333,0.174853,0.492188,0.078125,2
calibration-0860,calibration,brainstorming,512,512,109,177,0.445972,0.515625,0.105469,2
calibration-0861,calibration,open_qa,512,512,166,308,0.277014,0.451172,0.035156,2
calibration-0862,calibration,brainstorming,512,512,167,292,0.308448,0.470703,0.074219,2
calibration-0863,calibration,classification,512,512,165,305,0.237721,0.486328,0.058594,2
calibration-0864,calibration,general_qa,512,512,90,138,0.636542,0.550781,0.046875,1
calibration-0865,calibration,brainstorming,512,512,241,425,0.015717,0.427734,0.044922,2
calibration-0866,calibration,brainstorming,512,512,202,391,0.051081,0.507812,0.035156,2
calibration-0867,calibration,brainstorming,512,512,158,294,0.24558,0.470703,0.021484,2
calibration-0868,calibration,open_qa,512,512,87,156,0.601179,0.677734,0.03125,2
calibration-0869,calibration,classification,512,512,237,415,0.058939,0.40625,0.072266,3
calibration-0870,calibration,classification,512,512,212,399,0.058939,0.435547,0.054688,2
calibration-0871,calibration,general_qa,512,512,221,384,0.096267,0.433594,0.035156,2
calibration-0872,calibration,closed_qa,512,512,100,164,0.557957,0.472656,0.044922,2
calibration-0873,calibration,open_qa,512,512,204,384,0.074656,0.457031,0.052734,2
calibration-0874,calibration,open_qa,512,512,173,358,0.084479,0.523438,0.039062,2
calibration-0875,calibration,summarization,512,512,116,235,0.379175,0.669922,0.058594,2
calibration-0876,calibration,summarization,512,512,124,248,0.367387,0.595703,0.0625,2
calibration-0877,calibration,classification,512,512,152,291,0.294695,0.53125,0.113281,2
calibration-0878,calibration,general_qa,512,512,114,205,0.420432,0.533203,0.041016,2
calibration-0879,calibration,closed_qa,512,512,213,347,0.225933,0.429688,0.039062,2
calibration-0880,calibration,information_extraction,512,512,205,365,0.090373,0.453125,0.033203,3
calibration-0881,calibration,classification,512,512,177,363,0.078585,0.482422,0.064453,2
calibration-0882,calibration,brainstorming,512,512,190,393,0.039293,0.453125,0.039062,2
calibration-0883,calibration,closed_qa,512,512,209,381,0.068762,0.451172,0.035156,2
calibration-0884,calibration,closed_qa,512,512,206,377,0.058939,0.373047,0.017578,3
calibration-0885,calibration,general_qa,512,512,173,317,0.202358,0.470703,0.048828,2
calibration-0886,calibration,open_qa,512,512,149,293,0.286837,0.478516,0.052734,2
calibration-0887,calibration,open_qa,512,512,235,410,0.062868,0.400391,0.083984,2
calibration-0888,calibration,open_qa,512,512,204,388,0.108055,0.433594,0.046875,2
calibration-0889,calibration,open_qa,512,512,87,125,0.717092,0.583984,0.072266,2
calibration-0890,calibration,classification,512,512,178,337,0.166994,0.460938,0.076172,2
calibration-0891,calibration,creative_writing,512,512,154,304,0.214145,0.509766,0.066406,2
calibration-0892,calibration,open_qa,512,512,112,234,0.300589,0.607422,0.060547,2
calibration-0893,calibration,closed_qa,512,512,183,342,0.166994,0.525391,0.076172,3
calibration-0894,calibration,closed_qa,512,512,161,306,0.220039,0.496094,0.046875,2
calibration-0895,calibration,closed_qa,512,512,113,215,0.447937,0.701172,0.068359,2
calibration-0896,calibration,brainstorming,512,512,177,346,0.168959,0.470703,0.058594,2
calibration-0897,calibration,classification,512,512,151,267,0.300589,0.5,0.050781,2
calibration-0898,calibration,closed_qa,512,512,138,251,0.32613,0.517578,0.070312,2
calibration-0899,calibration,closed_qa,512,512,38,88,0.697446,0.841797,0.033203,3
calibration-0900,calibration,brainstorming,512,512,165,339,0.100196,0.464844,0.037109,3
calibration-0901,calibration,closed_qa,512,512,194,366,0.125737,0.419922,0.027344,2
calibration-0902,calibration,closed_qa,512,512,145,264,0.298625,0.537109,0.054688,2
calibration-0903,calibration,classification,512,512,185,358,0.102161,0.472656,0.027344,2
calibration-0904,calibration,open_qa,512,512,189,345,0.129666,0.445312,0.054688,2
calibration-0905,calibration,classification,512,512,109,209,0.412574,0.548828,0.072266,2
calibration-0906,calibration,summarization,512,512,74,133,0.636542,0.78125,0.171875,3
calibration-0907,calibration,brainstorming,512,512,150,260,0.40275,0.509766,0.058594,2
calibration-0908,calibration,open_qa,512,512,31,57,0.774067,0.974609,0.0,1
calibration-0909,calibration,closed_qa,512,512,131,217,0.416503,0.558594,0.050781,2
calibration-0910,calibration,general_qa,512,512,169,331,0.166994,0.484375,0.042969,2
calibration-0911,calibration,open_qa,512,512,156,267,0.263261,0.492188,0.066406,2
calibration-0912,calibration,information_extraction,512,512,153,245,0.43222,0.4375,0.039062,2
calibration-0913,calibration,open_qa,512,512,93,154,0.59725,0.707031,0.25,2
calibration-0914,calibration,general_qa,512,512,220,401,0.035363,0.458984,0.007812,2
calibration-0915,calibration,general_qa,512,512,96,142,0.630648,0.763672,0.046875,2
calibration-0916,calibration,information_extraction,512,512,168,295,0.24558,0.519531,0.042969,3
calibration-0917,calibration,brainstorming,512,512,218,426,0.011788,0.384766,0.048828,2
calibration-0918,calibration,classification,512,512,175,307,0.206287,0.478516,0.041016,2
calibration-0919,calibration,open_qa,512,512,153,298,0.235756,0.5,0.060547,2
calibration-0920,calibration,classification,512,512,122,227,0.347741,0.587891,0.03125,2
calibration-0921,calibration,open_qa,512,512,201,378,0.084479,0.4375,0.052734,2
calibration-0922,calibration,information_extraction,512,512,118,218,0.398821,0.65625,0.027344,2
calibration-0923,calibration,brainstorming,512,512,218,384,0.060904,0.398438,0.035156,2
calibration-0924,calibration,open_qa,512,512,201,353,0.090373,0.435547,0.027344,2
calibration-0925,calibration,open_qa,512,512,205,412,0.05501,0.431641,0.035156,2
calibration-0926,calibration,open_qa,512,512,193,381,0.10609,0.482422,0.035156,2
calibration-0927,calibration,open_qa,512,512,90,172,0.479371,0.716797,0.083984,2
calibration-0928,calibration,brainstorming,512,512,109,184,0.524558,0.519531,0.029297,6
calibration-0929,calibration,open_qa,512,512,133,268,0.288802,0.511719,0.009766,2
calibration-0930,calibration,classification,512,512,81,135,0.620825,0.857422,0.009766,1
calibration-0931,calibration,creative_writing,512,512,130,264,0.212181,0.570312,0.035156,2
calibration-0932,calibration,information_extraction,512,512,101,211,0.357564,0.65625,0.046875,2
calibration-0933,calibration,classification,512,512,99,208,0.365422,0.683594,0.052734,3
calibration-0934,calibration,closed_qa,512,512,78,148,0.587426,0.601562,0.050781,2
calibration-0935,calibration,open_qa,512,512,101,194,0.442043,0.613281,0.146484,2
calibration-0936,calibration,classification,512,512,182,364,0.053045,0.462891,0.027344,2
calibration-0937,calibration,classification,512,512,190,358,0.100196,0.470703,0.023438,2
calibration-0938,calibration,general_qa,512,512,191,375,0.05501,0.484375,0.083984,2
calibration-0939,calibration,creative_writing,512,512,149,271,0.261297,0.548828,0.042969,2
calibration-0940,calibration,closed_qa,512,512,71,128,0.67387,0.662109,0.097656,2
calibration-0941,calibration,general_qa,512,512,41,53,0.882122,0.658203,0.017578,1
calibration-0942,calibration,summarization,512,512,147,236,0.453831,0.462891,0.078125,2
calibration-0943,calibration,open_qa,512,512,212,397,0.041257,0.501953,0.03125,2
calibration-0944,calibration,open_qa,512,512,241,424,0.02947,0.4375,0.039062,3
calibration-0945,calibration,general_qa,512,512,185,351,0.102161,0.457031,0.046875,2
calibration-0946,calibration,open_qa,512,512,26,37,0.891945,0.974609,0.035156,2
calibration-0947,calibration,general_qa,512,512,182,349,0.098232,0.458984,0.054688,2
calibration-0948,calibration,classification,512,512,214,401,0.056974,0.417969,0.039062,2
calibration-0949,calibration,general_qa,512,512,62,114,0.666012,0.767578,0.126953,2
calibration-0950,calibration,closed_qa,512,512,139,265,0.27112,0.474609,0.046875,2
calibration-0951,calibration,information_extraction,512,512,175,337,0.086444,0.523438,0.035156,2
calibration-0952,calibration,closed_qa,512,512,62,119,0.607073,0.859375,0.052734,2
calibration-0953,calibration,open_qa,512,512,164,328,0.10609,0.505859,0.042969,3
calibration-0954,calibration,open_qa,512,512,71,121,0.628684,0.681641,0.138672,2
calibration-0955,calibration,open_qa,512,512,185,367,0.084479,0.458984,0.0625,2
calibration-0956,calibration,brainstorming,512,512,185,358,0.088409,0.453125,0.068359,2
calibration-0957,calibration,general_qa,512,512,149,313,0.176817,0.527344,0.070312,2
calibration-0958,calibration,general_qa,512,512,116,267,0.253438,0.5625,0.046875,3
calibration-0959,calibration,general_qa,512,512,181,321,0.176817,0.533203,0.074219,2
calibration-0960,calibration,open_qa,512,512,203,375,0.092338,0.429688,0.048828,2
calibration-0961,calibration,classification,512,512,35,41,0.913556,0.716797,0.115234,2
calibration-0962,calibration,general_qa,512,512,127,265,0.294695,0.492188,0.042969,2
calibration-0963,calibration,closed_qa,512,512,140,259,0.310413,0.494141,0.064453,2
calibration-0964,calibration,open_qa,512,512,197,378,0.060904,0.482422,0.041016,2
calibration-0965,calibration,open_qa,512,512,134,245,0.373281,0.505859,0.066406,2
calibration-0966,calibration,open_qa,512,512,161,289,0.253438,0.492188,0.066406,2
calibration-0967,calibration,classification,512,512,88,154,0.603143,0.75,0.146484,2
calibration-0968,calibration,open_qa,512,512,91,217,0.339882,0.615234,0.03125,2
calibration-0969,calibration,open_qa,512,512,175,343,0.125737,0.496094,0.058594,2
calibration-0970,calibration,general_qa,512,512,173,342,0.094303,0.492188,0.035156,2
calibration-0971,calibration,open_qa,512,512,75,138,0.611002,0.693359,0.091797,2
calibration-0972,calibration,general_qa,512,512,187,345,0.153242,0.453125,0.060547,2
calibration-0973,calibration,classification,512,512,63,97,0.699411,0.78125,0.023438,2
calibration-0974,calibration,open_qa,512,512,147,225,0.493124,0.535156,0.083984,2
calibration-0975,calibration,general_qa,512,512,195,403,0.033399,0.478516,0.015625,2
calibration-0976,calibration,open_qa,512,512,192,364,0.108055,0.457031,0.044922,2
calibration-0977,calibration,general_qa,512,512,157,267,0.332024,0.441406,0.076172,2
calibration-0978,calibration,open_qa,512,512,67,92,0.766208,0.560547,0.068359,2
calibration-0979,calibration,information_extraction,512,512,148,304,0.1611,0.587891,0.054688,2
calibration-0980,calibration,open_qa,512,512,75,127,0.660118,0.732422,0.019531,2
calibration-0981,calibration,creative_writing,512,512,132,221,0.445972,0.628906,0.017578,2
calibration-0982,calibration,classification,512,512,203,354,0.153242,0.419922,0.064453,2
calibration-0983,calibration,summarization,512,512,176,337,0.131631,0.441406,0.033203,2
calibration-0984,calibration,classification,512,512,114,199,0.491159,0.552734,0.041016,2
calibration-0985,calibration,open_qa,512,512,179,328,0.198428,0.482422,0.085938,2
calibration-0986,calibration,open_qa,512,512,175,338,0.13556,0.529297,0.0625,2
calibration-0987,calibration,summarization,512,512,210,378,0.078585,0.496094,0.011719,3
calibration-0988,calibration,general_qa,512,512,102,211,0.371316,0.599609,0.027344,2
calibration-0989,calibration,information_extraction,512,512,133,219,0.447937,0.65625,0.013672,2
calibration-0990,calibration,summarization,512,512,178,346,0.060904,0.529297,0.048828,2
calibration-0991,calibration,brainstorming,512,512,232,428,0.019646,0.460938,0.042969,2
calibration-0992,calibration,closed_qa,512,512,136,271,0.278978,0.599609,0.078125,3
calibration-0993,calibration,classification,512,512,97,156,0.614931,0.535156,0.107422,2
calibration-0994,calibration,classification,512,512,203,400,0.02947,0.443359,0.037109,2
calibration-0995,calibration,information_extraction,512,512,168,302,0.222004,0.507812,0.064453,3
calibration-0996,calibration,classification,512,512,141,291,0.233792,0.523438,0.048828,2
calibration-0997,calibration,general_qa,512,512,209,365,0.098232,0.453125,0.027344,3
calibration-0998,calibration,open_qa,512,512,168,306,0.192534,0.525391,0.042969,2
calibration-0999,calibration,general_qa,512,512,214,403,0.035363,0.429688,0.03125,2
calibration-1000,calibration,information_extraction,512,512,141,273,0.259332,0.525391,0.035156,2
calibration-1001,calibration,information_extraction,512,512,169,297,0.275049,0.460938,0.046875,2
calibration-1002,calibration,closed_qa,512,512,179,329,0.119843,0.539062,0.021484,2
calibration-1003,calibration,classification,512,512,58,82,0.803536,0.896484,0.183594,2
calibration-1004,calibration,open_qa,512,512,145,229,0.483301,0.548828,0.146484,2
calibration-1005,calibration,general_qa,512,512,143,293,0.159136,0.583984,0.035156,2
calibration-1006,calibration,open_qa,512,512,68,98,0.764244,0.902344,0.052734,2
calibration-1007,calibration,open_qa,512,512,220,408,0.041257,0.458984,0.0625,2
calibration-1008,calibration,classification,512,512,119,175,0.53831,0.75,0.013672,2
calibration-1009,calibration,brainstorming,512,512,186,357,0.074656,0.490234,0.044922,2
calibration-1010,calibration,open_qa,512,512,163,308,0.208251,0.484375,0.03125,2
calibration-1011,calibration,open_qa,512,512,208,361,0.108055,0.484375,0.052734,2
calibration-1012,calibration,classification,512,512,184,343,0.137525,0.511719,0.070312,3
calibration-1013,calibration,summarization,512,512,41,63,0.815324,0.880859,0.1875,2
calibration-1014,calibration,general_qa,512,512,210,378,0.084479,0.443359,0.021484,2
calibration-1015,calibration,classification,512,512,185,385,0.056974,0.455078,0.011719,1
calibration-1016,calibration,information_extraction,512,512,155,301,0.208251,0.480469,0.046875,3
calibration-1017,calibration,closed_qa,512,512,150,299,0.188605,0.546875,0.046875,3
calibration-1018,calibration,classification,512,512,74,119,0.554028,0.730469,0.046875,2
calibration-1019,calibration,brainstorming,512,512,140,267,0.284872,0.529297,0.128906,2
calibration-1020,calibration,general_qa,512,512,122,211,0.499018,0.529297,0.074219,2
calibration-1021,calibration,open_qa,512,512,168,337,0.102161,0.527344,0.027344,2
calibration-1022,calibration,general_qa,512,512,225,395,0.060904,0.394531,0.068359,2
calibration-1023,calibration,summarization,512,512,104,202,0.394892,0.552734,0.039062,2
calibration-1024,calibration,open_qa,512,512,154,324,0.125737,0.494141,0.035156,2
calibration-1025,calibration,brainstorming,512,512,128,202,0.554028,0.470703,0.080078,2
calibration-1026,calibration,information_extraction,512,512,120,211,0.485265,0.5625,0.058594,2
calibration-1027,calibration,creative_writing,512,512,199,318,0.229862,0.482422,0.072266,2
calibration-1028,calibration,information_extraction,512,512,145,261,0.286837,0.527344,0.044922,2
calibration-1029,calibration,open_qa,512,512,201,368,0.147348,0.425781,0.068359,2
calibration-1030,calibration,general_qa,512,512,179,348,0.078585,0.527344,0.070312,2
calibration-1031,calibration,summarization,512,512,24,30,0.929273,0.992188,0.324219,2
calibration-1032,calibration,general_qa,512,512,230,413,0.045187,0.412109,0.048828,2
calibration-1033,calibration,brainstorming,512,512,90,176,0.471513,0.722656,0.048828,3
calibration-1034,calibration,brainstorming,512,512,227,401,0.082515,0.435547,0.0625,2
calibration-1035,calibration,information_extraction,512,512,127,195,0.459725,0.755859,0.242188,2
calibration-1036,calibration,creative_writing,512,512,205,376,0.096267,0.433594,0.03125,2
calibration-1037,calibration,open_qa,512,512,167,343,0.111984,0.537109,0.03125,2
calibration-1038,calibration,general_qa,512,512,173,354,0.070727,0.53125,0.03125,2
calibration-1039,calibration,brainstorming,512,512,193,375,0.104126,0.472656,0.041016,2
calibration-1040,calibration,brainstorming,512,512,174,312,0.19057,0.443359,0.080078,2
calibration-1041,calibration,classification,512,512,160,283,0.298625,0.609375,0.029297,2
calibration-1042,calibration,classification,512,512,138,223,0.499018,0.693359,0.015625,2
calibration-1043,calibration,open_qa,512,512,100,175,0.555992,0.732422,0.076172,3
calibration-1044,calibration,creative_writing,512,512,165,299,0.223969,0.431641,0.03125,2
calibration-1045,calibration,classification,512,512,81,148,0.611002,0.738281,0.103516,2
calibration-1046,calibration,open_qa,512,512,79,138,0.559921,0.640625,0.138672,2
calibration-1047,calibration,summarization,512,512,187,361,0.08055,0.488281,0.041016,2
calibration-1048,calibration,open_qa,512,512,158,286,0.280943,0.425781,0.0625,2
calibration-1049,calibration,closed_qa,512,512,180,328,0.212181,0.435547,0.037109,2
calibration-1050,calibration,brainstorming,512,512,225,389,0.062868,0.414062,0.056641,2
calibration-1051,calibration,closed_qa,512,512,123,229,0.35167,0.533203,0.095703,2
calibration-1052,calibration,open_qa,512,512,50,79,0.781925,0.9375,0.0,1
calibration-1053,calibration,information_extraction,512,512,68,121,0.638507,0.617188,0.048828,2
calibration-1054,calibration,closed_qa,512,512,177,318,0.19057,0.542969,0.087891,2
calibration-1055,calibration,general_qa,512,512,235,428,0.041257,0.394531,0.048828,2
calibration-1056,calibration,classification,512,512,190,358,0.10609,0.494141,0.072266,2
calibration-1057,calibration,information_extraction,512,512,173,334,0.147348,0.451172,0.039062,2
calibration-1058,calibration,open_qa,512,512,183,367,0.111984,0.449219,0.056641,2
calibration-1059,calibration,classification,512,512,189,383,0.058939,0.466797,0.056641,2
calibration-1060,calibration,closed_qa,512,512,159,263,0.400786,0.449219,0.035156,2
calibration-1061,calibration,summarization,512,512,186,339,0.1611,0.505859,0.042969,3
calibration-1062,calibration,open_qa,512,512,149,290,0.19057,0.46875,0.023438,2
calibration-1063,calibration,open_qa,512,512,25,38,0.876228,0.986328,0.085938,1
calibration-1064,calibration,classification,512,512,59,100,0.734774,0.902344,0.033203,339
calibration-1065,calibration,open_qa,512,512,88,183,0.398821,0.742188,0.056641,2
calibration-1066,calibration,brainstorming,512,512,197,387,0.053045,0.496094,0.023438,2
calibration-1067,calibration,classification,512,512,74,124,0.689587,0.71875,0.082031,2
calibration-1068,calibration,brainstorming,512,512,218,421,0.007859,0.416016,0.037109,2
calibration-1069,calibration,brainstorming,512,512,125,241,0.320236,0.541016,0.066406,2
calibration-1070,calibration,general_qa,512,512,150,308,0.192534,0.513672,0.054688,2
calibration-1071,calibration,closed_qa,512,512,77,135,0.575639,0.675781,0.097656,2
calibration-1072,calibration,brainstorming,512,512,144,319,0.096267,0.529297,0.023438,2
calibration-1073,calibration,brainstorming,512,512,128,228,0.428291,0.615234,0.064453,2
calibration-1074,calibration,open_qa,512,512,158,306,0.208251,0.498047,0.015625,2
calibration-1075,calibration,creative_writing,512,512,93,149,0.607073,0.679688,0.03125,2
calibration-1076,calibration,open_qa,512,512,197,366,0.066798,0.455078,0.050781,2
calibration-1077,calibration,creative_writing,512,512,176,340,0.104126,0.5,0.035156,2
calibration-1078,calibration,open_qa,512,512,187,364,0.096267,0.470703,0.015625,2
calibration-1079,calibration,information_extraction,512,512,172,342,0.115914,0.453125,0.011719,3
calibration-1080,calibration,brainstorming,512,512,182,353,0.013752,0.560547,0.0,2
calibration-1081,calibration,open_qa,512,512,150,288,0.249509,0.462891,0.091797,2
calibration-1082,calibration,brainstorming,512,512,238,423,0.023576,0.443359,0.037109,2
calibration-1083,calibration,classification,512,512,148,284,0.227898,0.564453,0.027344,2
calibration-1084,calibration,general_qa,512,512,195,385,0.047151,0.482422,0.039062,2
calibration-1085,calibration,general_qa,512,512,181,333,0.163065,0.494141,0.0625,2
calibration-1086,calibration,classification,512,512,63,96,0.764244,0.699219,0.179688,2
calibration-1087,calibration,closed_qa,512,512,160,326,0.151277,0.503906,0.013672,2
calibration-1088,calibration,classification,512,512,173,288,0.280943,0.453125,0.074219,2
calibration-1089,calibration,open_qa,512,512,210,378,0.094303,0.460938,0.060547,2
calibration-1090,calibration,open_qa,512,512,193,378,0.043222,0.457031,0.035156,2
calibration-1091,calibration,closed_qa,512,512,161,314,0.141454,0.482422,0.037109,2
calibration-1092,calibration,closed_qa,512,512,112,185,0.550098,0.578125,0.054688,2
calibration-1093,calibration,open_qa,512,512,257,432,0.015717,0.404297,0.044922,3
calibration-1094,calibration,brainstorming,512,512,19,29,0.935167,1.0,0.035156,1
calibration-1095,calibration,general_qa,512,512,213,387,0.088409,0.427734,0.041016,2
calibration-1096,calibration,summarization,512,512,127,214,0.479371,0.611328,0.078125,2
calibration-1097,calibration,closed_qa,512,512,175,341,0.13556,0.441406,0.064453,3
calibration-1098,calibration,brainstorming,512,512,220,375,0.08055,0.451172,0.056641,2
calibration-1099,calibration,open_qa,512,512,71,119,0.6778,0.638672,0.058594,2
calibration-1100,calibration,open_qa,512,512,119,203,0.479371,0.726562,0.113281,2
calibration-1101,calibration,general_qa,512,512,198,364,0.090373,0.476562,0.0625,2
calibration-1102,calibration,general_qa,512,512,169,319,0.202358,0.470703,0.0625,2
calibration-1103,calibration,open_qa,512,512,150,287,0.247544,0.513672,0.029297,3
calibration-1104,calibration,closed_qa,512,512,151,260,0.314342,0.582031,0.126953,2
calibration-1105,calibration,classification,512,512,79,162,0.554028,0.792969,0.044922,2
calibration-1106,calibration,information_extraction,512,512,141,231,0.330059,0.611328,0.078125,3
calibration-1107,calibration,general_qa,512,512,206,364,0.129666,0.423828,0.054688,2
calibration-1108,calibration,brainstorming,512,512,232,413,0.047151,0.427734,0.035156,2
calibration-1109,calibration,open_qa,512,512,226,413,0.017682,0.447266,0.044922,2
calibration-1110,calibration,general_qa,512,512,192,366,0.068762,0.482422,0.052734,2
calibration-1111,calibration,open_qa,512,512,95,144,0.675835,0.5625,0.042969,2
calibration-1112,calibration,general_qa,512,512,208,352,0.174853,0.392578,0.052734,2
calibration-1113,calibration,information_extraction,512,512,140,306,0.172888,0.535156,0.041016,2
calibration-1114,calibration,open_qa,512,512,185,345,0.115914,0.541016,0.035156,2
calibration-1115,calibration,brainstorming,512,512,188,392,0.027505,0.46875,0.023438,2
calibration-1116,calibration,summarization,512,512,100,208,0.347741,0.628906,0.091797,3
calibration-1117,calibration,open_qa,512,512,78,210,0.298625,0.761719,0.029297,3
calibration-1118,calibration,open_qa,512,512,179,320,0.092338,0.542969,0.066406,2
calibration-1119,calibration,information_extraction,512,512,107,200,0.43222,0.613281,0.060547,2
calibration-1120,calibration,creative_writing,512,512,169,321,0.188605,0.484375,0.064453,2
calibration-1121,calibration,closed_qa,512,512,175,326,0.102161,0.480469,0.076172,2
calibration-1122,calibration,closed_qa,512,512,176,358,0.078585,0.476562,0.021484,2
calibration-1123,calibration,brainstorming,512,512,50,80,0.768173,0.861328,0.015625,1
calibration-1124,calibration,summarization,512,512,221,411,0.043222,0.423828,0.052734,2
calibration-1125,calibration,creative_writing,512,512,205,400,0.045187,0.433594,0.048828,2
calibration-1126,calibration,general_qa,512,512,83,138,0.575639,0.818359,0.064453,1
calibration-1127,calibration,brainstorming,512,512,82,167,0.530452,0.621094,0.121094,2
calibration-1128,calibration,general_qa,512,512,212,405,0.015717,0.496094,0.027344,2
calibration-1129,calibration,closed_qa,512,512,130,222,0.438114,0.441406,0.044922,2
calibration-1130,calibration,general_qa,512,512,20,30,0.931238,1.0,0.015625,2
calibration-1131,calibration,general_qa,512,512,52,70,0.8389,0.789062,0.21875,2
calibration-1132,calibration,open_qa,512,512,135,211,0.51277,0.712891,0.134766,2
calibration-1133,calibration,brainstorming,512,512,175,317,0.202358,0.486328,0.085938,2
calibration-1134,calibration,closed_qa,512,512,113,188,0.573674,0.488281,0.03125,2
calibration-1135,calibration,open_qa,512,512,142,220,0.485265,0.464844,0.070312,2
calibration-1136,calibration,summarization,512,512,161,297,0.239686,0.505859,0.015625,2
calibration-1137,calibration,brainstorming,512,512,200,345,0.147348,0.501953,0.041016,2
calibration-1138,calibration,summarization,512,512,154,310,0.267191,0.599609,0.117188,2
calibration-1139,calibration,creative_writing,512,512,206,401,0.033399,0.460938,0.056641,2
calibration-1140,calibration,information_extraction,512,512,189,373,0.031434,0.511719,0.023438,2
calibration-1141,calibration,open_qa,512,512,164,290,0.280943,0.4375,0.052734,2
calibration-1142,calibration,open_qa,512,512,180,310,0.269155,0.447266,0.09375,2
calibration-1143,calibration,open_qa,512,512,166,286,0.263261,0.474609,0.035156,2
calibration-1144,calibration,classification,512,512,135,273,0.239686,0.509766,0.007812,1
calibration-1145,calibration,general_qa,512,512,220,409,0.053045,0.427734,0.058594,2
calibration-1146,calibration,open_qa,512,512,168,309,0.165029,0.564453,0.03125,2
calibration-1147,calibration,open_qa,512,512,160,287,0.253438,0.537109,0.060547,2
calibration-1148,calibration,closed_qa,512,512,184,336,0.218075,0.533203,0.078125,2
calibration-1149,calibration,classification,512,512,37,60,0.823183,0.966797,0.007812,2
calibration-1150,calibration,classification,512,512,43,72,0.768173,0.949219,0.009766,2
calibration-1151,calibration,classification,512,512,158,279,0.231827,0.617188,0.144531,2
calibration-1152,calibration,classification,512,512,68,124,0.591356,0.888672,0.021484,1
calibration-1153,calibration,brainstorming,512,512,115,180,0.53831,0.550781,0.0625,2
calibration-1154,calibration,general_qa,512,512,198,381,0.062868,0.46875,0.027344,2
calibration-1155,calibration,open_qa,512,512,134,242,0.371316,0.541016,0.125,2
calibration-1156,calibration,summarization,512,512,99,161,0.534381,0.521484,0.070312,2
calibration-1157,calibration,summarization,512,512,62,90,0.760314,0.830078,0.273438,2
calibration-1158,calibration,closed_qa,512,512,105,172,0.544204,0.642578,0.068359,2
calibration-1159,calibration,information_extraction,512,512,198,376,0.082515,0.470703,0.023438,3
calibration-1160,calibration,brainstorming,512,512,222,420,0.035363,0.443359,0.035156,2
calibration-1161,calibration,information_extraction,512,512,125,219,0.396857,0.548828,0.121094,3
calibration-1162,calibration,closed_qa,512,512,223,406,0.068762,0.421875,0.025391,2
calibration-1163,calibration,open_qa,512,512,216,414,0.049116,0.425781,0.048828,2
calibration-1164,calibration,closed_qa,512,512,199,385,0.072692,0.416016,0.039062,2
calibration-1165,calibration,brainstorming,512,512,202,363,0.113949,0.445312,0.041016,2
calibration-1166,calibration,open_qa,512,512,93,182,0.442043,0.683594,0.042969,2
calibration-1167,calibration,general_qa,512,512,210,411,0.035363,0.429688,0.037109,2
calibration-1168,calibration,open_qa,512,512,102,186,0.475442,0.634766,0.054688,2
calibration-1169,calibration,open_qa,512,512,71,158,0.449902,0.763672,0.039062,2
calibration-1170,calibration,classification,512,512,110,217,0.394892,0.568359,0.035156,1
calibration-1171,calibration,open_qa,512,512,129,202,0.528487,0.498047,0.039062,2
calibration-1172,calibration,open_qa,512,512,123,241,0.328094,0.568359,0.089844,2
calibration-1173,calibration,open_qa,512,512,24,34,0.91945,0.904297,0.136719,2
calibration-1174,calibration,open_qa,512,512,150,282,0.247544,0.544922,0.046875,2
calibration-1175,calibration,open_qa,512,512,197,396,0.066798,0.462891,0.035156,2
calibration-1176,calibration,information_extraction,512,512,196,409,0.011788,0.455078,0.035156,2
calibration-1177,calibration,brainstorming,512,512,165,298,0.225933,0.462891,0.042969,2
calibration-1178,calibration,open_qa,512,512,167,309,0.174853,0.492188,0.0625,2
calibration-1179,calibration,open_qa,512,512,55,87,0.721022,0.820312,0.154297,2
calibration-1180,calibration,classification,512,512,150,274,0.355599,0.498047,0.072266,2
calibration-1181,calibration,brainstorming,512,512,198,378,0.131631,0.447266,0.066406,2
calibration-1182,calibration,general_qa,512,512,157,293,0.249509,0.496094,0.064453,2
calibration-1183,calibration,open_qa,512,512,81,177,0.408644,0.787109,0.128906,2
calibration-1184,calibration,summarization,512,512,140,242,0.447937,0.632812,0.267578,2
calibration-1185,calibration,closed_qa,512,512,145,267,0.318271,0.535156,0.050781,2
calibration-1186,calibration,creative_writing,512,512,210,402,0.05501,0.447266,0.042969,2
calibration-1187,calibration,open_qa,512,512,123,245,0.318271,0.517578,0.085938,2
calibration-1188,calibration,classification,512,512,160,350,0.096267,0.558594,0.042969,2
calibration-1189,calibration,brainstorming,512,512,170,297,0.278978,0.541016,0.070312,2
calibration-1190,calibration,closed_qa,512,512,111,220,0.345776,0.599609,0.027344,2
calibration-1191,calibration,open_qa,512,512,167,324,0.137525,0.525391,0.050781,2
calibration-1192,calibration,general_qa,512,512,92,195,0.314342,0.617188,0.056641,2
calibration-1193,calibration,information_extraction,512,512,147,250,0.428291,0.582031,0.070312,2
calibration-1194,calibration,brainstorming,512,512,201,341,0.178782,0.476562,0.046875,2
calibration-1195,calibration,general_qa,512,512,206,384,0.113949,0.503906,0.039062,2
calibration-1196,calibration,general_qa,512,512,189,314,0.247544,0.537109,0.064453,2
calibration-1197,calibration,brainstorming,512,512,102,198,0.426326,0.560547,0.09375,2
calibration-1198,calibration,classification,512,512,158,262,0.288802,0.560547,0.009766,2
calibration-1199,calibration,general_qa,512,512,118,185,0.569745,0.673828,0.128906,2
calibration-1200,calibration,general_qa,512,512,46,66,0.811395,0.943359,0.123047,2
calibration-1201,calibration,general_qa,512,512,79,125,0.695481,0.603516,0.037109,2
calibration-1202,calibration,classification,512,512,220,413,0.043222,0.449219,0.03125,2
calibration-1203,calibration,closed_qa,512,512,121,188,0.489194,0.501953,0.070312,2
calibration-1204,calibration,classification,512,512,114,211,0.444008,0.675781,0.011719,2
calibration-1205,calibration,open_qa,512,512,163,319,0.153242,0.558594,0.052734,2
calibration-1206,calibration,open_qa,512,512,170,337,0.149312,0.546875,0.064453,2
calibration-1207,calibration,brainstorming,512,512,212,404,0.019646,0.447266,0.039062,2
calibration-1208,calibration,brainstorming,512,512,139,212,0.447937,0.546875,0.080078,2
calibration-1209,calibration,information_extraction,512,512,83,113,0.730845,0.644531,0.068359,2
calibration-1210,calibration,classification,512,512,183,346,0.119843,0.458984,0.039062,2
calibration-1211,calibration,information_extraction,512,512,96,142,0.669941,0.605469,0.09375,2
calibration-1212,calibration,open_qa,512,512,223,396,0.058939,0.427734,0.035156,2
calibration-1213,calibration,information_extraction,512,512,70,112,0.699411,0.765625,0.083984,2
calibration-1214,calibration,information_extraction,512,512,232,411,0.027505,0.439453,0.03125,2
calibration-1215,calibration,information_extraction,512,512,168,287,0.278978,0.427734,0.048828,2
calibration-1216,calibration,open_qa,512,512,184,357,0.090373,0.472656,0.089844,2
calibration-1217,calibration,open_qa,512,512,193,388,0.02947,0.494141,0.033203,2
calibration-1218,calibration,open_qa,512,512,138,275,0.278978,0.527344,0.046875,2
calibration-1219,calibration,closed_qa,512,512,194,348,0.145383,0.414062,0.050781,2
calibration-1220,calibration,summarization,512,512,194,361,0.084479,0.505859,0.044922,2
calibration-1221,calibration,classification,512,512,227,404,0.056974,0.441406,0.056641,2
calibration-1222,calibration,closed_qa,512,512,109,231,0.332024,0.585938,0.126953,2
calibration-1223,calibration,information_extraction,512,512,206,387,0.045187,0.447266,0.015625,2
calibration-1224,calibration,general_qa,512,512,178,362,0.078585,0.464844,0.070312,2
calibration-1225,calibration,creative_writing,512,512,67,155,0.520629,0.857422,0.078125,4
calibration-1226,calibration,closed_qa,512,512,85,121,0.713163,0.802734,0.132812,2
calibration-1227,calibration,brainstorming,512,512,171,347,0.149312,0.457031,0.076172,2
calibration-1228,calibration,open_qa,512,512,127,250,0.314342,0.556641,0.070312,2
calibration-1229,calibration,open_qa,512,512,201,398,0.043222,0.455078,0.039062,2
calibration-1230,calibration,classification,512,512,150,254,0.290766,0.492188,0.095703,2
calibration-1231,calibration,open_qa,512,512,194,351,0.155206,0.46875,0.039062,2
calibration-1232,calibration,open_qa,512,512,138,269,0.280943,0.587891,0.052734,2
calibration-1233,calibration,open_qa,512,512,89,195,0.396857,0.642578,0.019531,2
calibration-1234,calibration,summarization,512,512,171,344,0.092338,0.509766,0.025391,3
calibration-1235,calibration,brainstorming,512,512,38,165,0.08055,0.964844,0.037109,3
calibration-1236,calibration,closed_qa,512,512,55,73,0.827112,0.919922,0.328125,2
calibration-1237,calibration,closed_qa,512,512,135,244,0.339882,0.486328,0.03125,2
calibration-1238,calibration,open_qa,512,512,124,236,0.388998,0.611328,0.023438,2
calibration-1239,calibration,open_qa,512,512,173,318,0.198428,0.470703,0.015625,2
calibration-1240,calibration,brainstorming,512,512,233,434,0.007859,0.425781,0.056641,2
calibration-1241,calibration,summarization,512,512,149,267,0.363458,0.501953,0.066406,2
calibration-1242,calibration,general_qa,512,512,216,386,0.053045,0.460938,0.052734,3
calibration-1243,calibration,classification,512,512,161,328,0.127701,0.525391,0.044922,2
calibration-1244,calibration,open_qa,512,512,167,303,0.294695,0.474609,0.099609,2
calibration-1245,calibration,brainstorming,512,512,70,125,0.624754,0.808594,0.013672,1
calibration-1246,calibration,creative_writing,512,512,210,403,0.045187,0.478516,0.015625,2
calibration-1247,calibration,summarization,512,512,161,325,0.131631,0.533203,0.019531,2
calibration-1248,calibration,closed_qa,512,512,187,356,0.072692,0.492188,0.050781,2
calibration-1249,calibration,information_extraction,512,512,94,168,0.453831,0.65625,0.164062,2
calibration-1250,calibration,summarization,512,512,155,267,0.312377,0.482422,0.037109,2
calibration-1251,calibration,classification,512,512,142,241,0.416503,0.519531,0.074219,2
calibration-1252,calibration,open_qa,512,512,174,335,0.139489,0.476562,0.035156,2
calibration-1253,calibration,classification,512,512,135,214,0.449902,0.501953,0.068359,2
calibration-1254,calibration,information_extraction,512,512,147,268,0.304519,0.5,0.023438,2
calibration-1255,calibration,open_qa,512,512,175,343,0.123772,0.494141,0.039062,2
calibration-1256,calibration,open_qa,512,512,149,266,0.35167,0.566406,0.125,2
calibration-1257,calibration,information_extraction,512,512,140,268,0.294695,0.498047,0.050781,3
calibration-1258,calibration,general_qa,512,512,210,365,0.092338,0.402344,0.091797,2
calibration-1259,calibration,general_qa,512,512,208,412,0.021611,0.474609,0.039062,2
calibration-1260,calibration,brainstorming,512,512,241,435,0.019646,0.417969,0.033203,2
calibration-1261,calibration,information_extraction,512,512,145,263,0.3222,0.515625,0.015625,2
calibration-1262,calibration,creative_writing,512,512,194,348,0.202358,0.453125,0.064453,2
calibration-1263,calibration,open_qa,512,512,77,150,0.587426,0.652344,0.039062,2
calibration-1264,calibration,brainstorming,512,512,116,177,0.552063,0.759766,0.021484,4
calibration-1265,calibration,classification,512,512,176,310,0.200393,0.505859,0.03125,2
calibration-1266,calibration,open_qa,512,512,155,237,0.420432,0.466797,0.144531,2
calibration-1267,calibration,information_extraction,512,512,182,338,0.172888,0.488281,0.082031,2
calibration-1268,calibration,open_qa,512,512,171,334,0.100196,0.542969,0.023438,2
calibration-1269,calibration,open_qa,512,512,152,252,0.35167,0.498047,0.070312,2
calibration-1270,calibration,classification,512,512,62,117,0.664047,0.824219,0.109375,2
calibration-1271,calibration,information_extraction,512,512,135,246,0.361493,0.59375,0.052734,2
calibration-1272,calibration,closed_qa,512,512,148,259,0.3222,0.517578,0.070312,2
calibration-1273,calibration,classification,512,512,203,377,0.074656,0.464844,0.044922,2
calibration-1274,calibration,classification,512,512,51,103,0.646365,0.84375,0.035156,1
calibration-1275,calibration,classification,512,512,217,400,0.045187,0.441406,0.048828,2
calibration-1276,calibration,closed_qa,512,512,180,327,0.163065,0.466797,0.039062,2
calibration-1277,calibration,information_extraction,512,512,159,269,0.302554,0.488281,0.054688,2
calibration-1278,calibration,information_extraction,512,512,139,261,0.394892,0.511719,0.056641,2
calibration-1279,calibration,closed_qa,512,512,95,160,0.534381,0.609375,0.056641,2
calibration-1280,calibration,general_qa,512,512,169,333,0.166994,0.464844,0.052734,2
calibration-1281,calibration,closed_qa,512,512,251,421,0.047151,0.394531,0.013672,2
calibration-1282,calibration,summarization,512,512,113,269,0.223969,0.595703,0.021484,2
calibration-1283,calibration,brainstorming,512,512,97,214,0.257367,0.6875,0.03125,2
calibration-1284,calibration,information_extraction,512,512,160,308,0.233792,0.501953,0.037109,2
calibration-1285,calibration,open_qa,512,512,155,320,0.1611,0.53125,0.027344,1
calibration-1286,calibration,open_qa,512,512,136,253,0.277014,0.580078,0.0,1
calibration-1287,calibration,closed_qa,512,512,123,216,0.467583,0.519531,0.066406,2
calibration-1288,calibration,general_qa,512,512,219,424,0.02947,0.457031,0.039062,2
calibration-1289,calibration,general_qa,512,512,231,407,0.033399,0.443359,0.019531,2
calibration-1290,calibration,open_qa,512,512,145,287,0.204322,0.5625,0.027344,2
calibration-1291,calibration,open_qa,512,512,181,361,0.113949,0.458984,0.068359,2
calibration-1292,calibration,brainstorming,512,512,213,432,0.013752,0.433594,0.041016,2
calibration-1293,calibration,information_extraction,512,512,127,239,0.288802,0.691406,0.021484,5
calibration-1294,calibration,closed_qa,512,512,148,289,0.204322,0.449219,0.082031,2
calibration-1295,calibration,general_qa,512,512,208,378,0.076621,0.435547,0.050781,2
calibration-1296,calibration,open_qa,512,512,95,161,0.571709,0.664062,0.068359,2
calibration-1297,calibration,information_extraction,512,512,121,226,0.347741,0.605469,0.03125,2
calibration-1298,calibration,classification,512,512,99,174,0.451866,0.708984,0.054688,2
calibration-1299,calibration,closed_qa,512,512,164,306,0.227898,0.535156,0.042969,2
calibration-1300,calibration,closed_qa,512,512,193,369,0.084479,0.501953,0.041016,3
calibration-1301,calibration,classification,512,512,97,152,0.583497,0.630859,0.107422,2
calibration-1302,calibration,summarization,512,512,121,230,0.349705,0.574219,0.091797,2
calibration-1303,calibration,open_qa,512,512,126,219,0.440079,0.519531,0.078125,2
calibration-1304,calibration,open_qa,512,512,152,288,0.292731,0.541016,0.019531,3
calibration-1305,calibration,classification,512,512,109,235,0.265226,0.576172,0.083984,2
calibration-1306,calibration,general_qa,512,512,141,224,0.479371,0.699219,0.0,2
calibration-1307,calibration,summarization,512,512,146,233,0.444008,0.609375,0.058594,2
calibration-1308,calibration,classification,512,512,204,408,0.049116,0.421875,0.03125,2
calibration-1309,calibration,open_qa,512,512,220,404,0.05501,0.439453,0.035156,3
calibration-1310,calibration,open_qa,512,512,82,133,0.636542,0.560547,0.095703,2
calibration-1311,calibration,open_qa,512,512,126,208,0.475442,0.498047,0.068359,2
calibration-1312,calibration,classification,512,512,87,136,0.671906,0.599609,0.097656,2
calibration-1313,calibration,summarization,512,512,123,204,0.489194,0.615234,0.101562,2
calibration-1314,calibration,closed_qa,512,512,140,238,0.40668,0.537109,0.046875,2
calibration-1315,calibration,creative_writing,512,512,158,299,0.168959,0.472656,0.050781,2
calibration-1316,calibration,information_extraction,512,512,106,216,0.363458,0.591797,0.035156,2
calibration-1317,calibration,general_qa,512,512,198,367,0.137525,0.423828,0.054688,2
calibration-1318,calibration,classification,512,512,39,102,0.563851,0.962891,0.001953,2
calibration-1319,calibration,information_extraction,512,512,195,376,0.045187,0.417969,0.013672,3
calibration-1320,calibration,closed_qa,512,512,67,100,0.777996,0.875,0.207031,2
calibration-1321,calibration,open_qa,512,512,209,389,0.049116,0.453125,0.03125,2
calibration-1322,calibration,open_qa,512,512,169,337,0.13556,0.498047,0.029297,2
calibration-1323,calibration,classification,512,512,118,227,0.353635,0.611328,0.044922,2
calibration-1324,calibration,open_qa,512,512,217,402,0.078585,0.412109,0.015625,3
calibration-1325,calibration,creative_writing,512,512,193,372,0.082515,0.451172,0.023438,2
calibration-1326,calibration,classification,512,512,180,348,0.151277,0.474609,0.068359,2
calibration-1327,calibration,open_qa,512,512,161,280,0.314342,0.59375,0.029297,2
calibration-1328,calibration,open_qa,512,512,201,348,0.13556,0.482422,0.078125,2
calibration-1329,calibration,brainstorming,512,512,202,392,0.072692,0.40625,0.048828,2
calibration-1330,calibration,classification,512,512,187,363,0.131631,0.445312,0.027344,2
calibration-1331,calibration,general_qa,512,512,183,307,0.275049,0.5,0.027344,2
calibration-1332,calibration,classification,512,512,215,386,0.094303,0.457031,0.0,1
calibration-1333,calibration,open_qa,512,512,152,265,0.286837,0.566406,0.035156,2
calibration-1334,calibration,summarization,512,512,192,320,0.243615,0.398438,0.041016,2
calibration-1335,calibration,summarization,512,512,110,199,0.420432,0.699219,0.128906,2
calibration-1336,calibration,summarization,512,512,182,348,0.129666,0.478516,0.046875,2
calibration-1337,calibration,classification,512,512,97,171,0.540275,0.646484,0.144531,2
calibration-1338,calibration,classification,512,512,129,243,0.237721,0.585938,0.109375,2
calibration-1339,calibration,information_extraction,512,512,161,316,0.153242,0.548828,0.019531,2
calibration-1340,calibration,creative_writing,512,512,207,403,0.045187,0.462891,0.039062,2
calibration-1341,calibration,information_extraction,512,512,119,252,0.27112,0.652344,0.035156,16
calibration-1342,calibration,summarization,512,512,120,222,0.436149,0.626953,0.035156,3
calibration-1343,calibration,general_qa,512,512,158,336,0.102161,0.494141,0.046875,2
calibration-1344,calibration,general_qa,512,512,145,261,0.330059,0.527344,0.009766,1
calibration-1345,calibration,creative_writing,512,512,171,338,0.165029,0.490234,0.0625,2
calibration-1346,calibration,general_qa,512,512,187,341,0.11002,0.472656,0.015625,2
calibration-1347,calibration,open_qa,512,512,84,167,0.546169,0.699219,0.130859,2
calibration-1348,calibration,closed_qa,512,512,188,368,0.076621,0.505859,0.019531,2
calibration-1349,calibration,closed_qa,512,512,189,372,0.060904,0.492188,0.050781,2
calibration-1350,calibration,open_qa,512,512,112,185,0.569745,0.509766,0.046875,2
calibration-1351,calibration,general_qa,512,512,159,308,0.174853,0.533203,0.089844,2
calibration-1352,calibration,open_qa,512,512,80,111,0.717092,0.869141,0.242188,2
calibration-1353,calibration,closed_qa,512,512,155,292,0.166994,0.585938,0.044922,3
calibration-1354,calibration,summarization,512,512,129,259,0.233792,0.603516,0.023438,2
calibration-1355,calibration,open_qa,512,512,205,359,0.104126,0.494141,0.033203,2
calibration-1356,calibration,open_qa,512,512,158,302,0.165029,0.5625,0.015625,2
calibration-1357,calibration,general_qa,512,512,179,342,0.127701,0.503906,0.03125,2
calibration-1358,calibration,information_extraction,512,512,106,179,0.510806,0.619141,0.023438,2
calibration-1359,calibration,closed_qa,512,512,200,398,0.039293,0.4375,0.0,2
calibration-1360,calibration,classification,512,512,156,270,0.330059,0.414062,0.046875,2
calibration-1361,calibration,brainstorming,512,512,216,348,0.174853,0.400391,0.052734,2
calibration-1362,calibration,general_qa,512,512,169,284,0.310413,0.519531,0.058594,4
calibration-1363,calibration,brainstorming,512,512,235,422,0.02947,0.425781,0.046875,2
calibration-1364,calibration,general_qa,512,512,101,142,0.701375,0.464844,0.023438,1
calibration-1365,calibration,creative_writing,512,512,109,196,0.508841,0.71875,0.007812,3
calibration-1366,calibration,brainstorming,512,512,79,138,0.534381,0.845703,0.068359,3
calibration-1367,calibration,open_qa,512,512,58,145,0.524558,0.830078,0.035156,2
calibration-1368,calibration,general_qa,512,512,218,415,0.043222,0.433594,0.048828,2
calibration-1369,calibration,classification,512,512,99,199,0.424361,0.566406,0.048828,2
calibration-1370,calibration,closed_qa,512,512,150,305,0.19057,0.523438,0.027344,2
calibration-1371,calibration,classification,512,512,157,341,0.111984,0.5,0.035156,2
calibration-1372,calibration,creative_writing,512,512,180,358,0.100196,0.457031,0.035156,3
calibration-1373,calibration,information_extraction,512,512,166,283,0.29666,0.533203,0.099609,3
calibration-1374,calibration,closed_qa,512,512,126,259,0.247544,0.59375,0.007812,2
calibration-1375,calibration,open_qa,512,512,101,206,0.40668,0.59375,0.027344,2
calibration-1376,calibration,brainstorming,512,512,90,149,0.583497,0.710938,0.078125,2
calibration-1377,calibration,brainstorming,512,512,194,358,0.090373,0.490234,0.044922,2
calibration-1378,calibration,information_extraction,512,512,38,155,0.100196,0.964844,0.007812,3
calibration-1379,calibration,general_qa,512,512,148,269,0.318271,0.556641,0.074219,2
calibration-1380,calibration,open_qa,512,512,211,405,0.047151,0.435547,0.037109,2
calibration-1381,calibration,classification,512,512,118,202,0.534381,0.501953,0.011719,2
calibration-1382,calibration,general_qa,512,512,167,304,0.255403,0.46875,0.056641,2
calibration-1383,calibration,creative_writing,512,512,210,400,0.035363,0.439453,0.035156,2
calibration-1384,calibration,classification,512,512,144,232,0.436149,0.595703,0.035156,1
calibration-1385,calibration,open_qa,512,512,165,294,0.278978,0.482422,0.039062,2
calibration-1386,calibration,closed_qa,512,512,97,158,0.563851,0.548828,0.064453,3
calibration-1387,calibration,open_qa,512,512,199,371,0.096267,0.447266,0.041016,2
calibration-1388,calibration,creative_writing,512,512,202,396,0.056974,0.423828,0.044922,2
calibration-1389,calibration,classification,512,512,15,30,0.903733,1.0,0.0,2
calibration-1390,calibration,brainstorming,512,512,224,404,0.039293,0.464844,0.029297,2
calibration-1391,calibration,classification,512,512,103,224,0.249509,0.681641,0.048828,2
calibration-1392,calibration,classification,512,512,66,119,0.669941,0.806641,0.056641,2
calibration-1393,calibration,open_qa,512,512,187,367,0.074656,0.474609,0.070312,2
calibration-1394,calibration,general_qa,512,512,139,255,0.373281,0.541016,0.048828,2
calibration-1395,calibration,classification,512,512,157,259,0.379175,0.423828,0.082031,2
calibration-1396,calibration,open_qa,512,512,119,211,0.379175,0.646484,0.09375,2
calibration-1397,calibration,classification,512,512,166,306,0.269155,0.458984,0.033203,2
calibration-1398,calibration,closed_qa,512,512,124,238,0.353635,0.566406,0.052734,2
calibration-1399,calibration,brainstorming,512,512,158,251,0.408644,0.660156,0.097656,2
calibration-1400,calibration,open_qa,512,512,178,330,0.143418,0.5,0.044922,2
calibration-1401,calibration,open_qa,512,512,142,275,0.339882,0.664062,0.048828,154
calibration-1402,calibration,brainstorming,512,512,89,173,0.434185,0.654297,0.019531,2
calibration-1403,calibration,brainstorming,512,512,83,131,0.624754,0.658203,0.083984,2
calibration-1404,calibration,closed_qa,512,512,150,218,0.491159,0.650391,0.083984,2
calibration-1405,calibration,classification,512,512,210,387,0.074656,0.462891,0.050781,2
calibration-1406,calibration,general_qa,512,512,197,391,0.062868,0.445312,0.039062,2
calibration-1407,calibration,brainstorming,512,512,204,403,0.033399,0.449219,0.015625,2
calibration-1408,calibration,closed_qa,512,512,202,377,0.141454,0.394531,0.044922,2
calibration-1409,calibration,classification,512,512,131,262,0.182711,0.589844,0.076172,2
calibration-1410,calibration,brainstorming,512,512,102,176,0.555992,0.529297,0.089844,2
calibration-1411,calibration,general_qa,512,512,78,145,0.561886,0.755859,0.072266,2
calibration-1412,calibration,open_qa,512,512,82,166,0.497053,0.71875,0.09375,2
calibration-1413,calibration,summarization,512,512,129,285,0.165029,0.564453,0.003906,2
calibration-1414,calibration,open_qa,512,512,138,263,0.314342,0.511719,0.037109,2
calibration-1415,calibration,classification,512,512,140,286,0.277014,0.525391,0.078125,2
calibration-1416,calibration,brainstorming,512,512,106,161,0.64833,0.542969,0.136719,2
calibration-1417,calibration,brainstorming,512,512,212,381,0.094303,0.490234,0.042969,2
calibration-1418,calibration,open_qa,512,512,153,290,0.225933,0.560547,0.056641,2
calibration-1419,calibration,brainstorming,512,512,150,299,0.210216,0.587891,0.035156,1
calibration-1420,calibration,brainstorming,512,512,232,390,0.070727,0.439453,0.048828,2
calibration-1421,calibration,open_qa,512,512,120,186,0.565815,0.673828,0.072266,2
calibration-1422,calibration,summarization,512,512,127,252,0.278978,0.597656,0.033203,2
calibration-1423,calibration,open_qa,512,512,168,315,0.172888,0.515625,0.056641,2
calibration-1424,calibration,summarization,512,512,102,187,0.532417,0.5625,0.064453,2
calibration-1425,calibration,open_qa,512,512,202,378,0.088409,0.46875,0.03125,2
calibration-1426,calibration,information_extraction,512,512,133,226,0.40668,0.578125,0.046875,2
calibration-1427,calibration,brainstorming,512,512,51,104,0.579568,0.865234,0.080078,2
calibration-1428,calibration,information_extraction,512,512,161,342,0.094303,0.492188,0.021484,2
calibration-1429,calibration,closed_qa,512,512,104,205,0.442043,0.699219,0.146484,2
calibration-1430,calibration,open_qa,512,512,179,336,0.149312,0.519531,0.015625,2
calibration-1431,calibration,open_qa,512,512,208,368,0.151277,0.447266,0.066406,2
calibration-1432,calibration,brainstorming,512,512,119,202,0.483301,0.580078,0.105469,2
calibration-1433,calibration,information_extraction,512,512,139,236,0.497053,0.447266,0.021484,2
calibration-1434,calibration,open_qa,512,512,203,379,0.074656,0.457031,0.070312,2
calibration-1435,calibration,classification,512,512,71,110,0.717092,0.787109,0.214844,2
calibration-1436,calibration,open_qa,512,512,211,372,0.08055,0.451172,0.033203,2
calibration-1437,calibration,brainstorming,512,512,168,355,0.098232,0.447266,0.064453,2
calibration-1438,calibration,summarization,512,512,175,344,0.182711,0.488281,0.046875,2
calibration-1439,calibration,general_qa,512,512,220,385,0.094303,0.402344,0.046875,2
calibration-1440,calibration,open_qa,512,512,158,335,0.066798,0.544922,0.039062,2
calibration-1441,calibration,creative_writing,512,512,218,417,0.023576,0.402344,0.044922,2
calibration-1442,calibration,general_qa,512,512,200,378,0.086444,0.482422,0.039062,2
calibration-1443,calibration,information_extraction,512,512,130,231,0.347741,0.544922,0.068359,2
calibration-1444,calibration,open_qa,512,512,131,230,0.43222,0.509766,0.074219,2
calibration-1445,calibration,information_extraction,512,512,137,252,0.314342,0.554688,0.037109,2
calibration-1446,calibration,classification,512,512,70,129,0.640472,0.681641,0.105469,2
calibration-1447,calibration,open_qa,512,512,181,366,0.064833,0.480469,0.046875,2
calibration-1448,calibration,open_qa,512,512,122,244,0.335953,0.501953,0.027344,2
calibration-1449,calibration,general_qa,512,512,118,205,0.438114,0.548828,0.099609,2
calibration-1450,calibration,general_qa,512,512,202,417,0.019646,0.464844,0.037109,2
calibration-1451,calibration,brainstorming,512,512,191,372,0.066798,0.431641,0.035156,2
calibration-1452,calibration,open_qa,512,512,175,293,0.292731,0.507812,0.046875,2
calibration-1453,calibration,open_qa,512,512,150,333,0.117878,0.544922,0.035156,2
calibration-1454,calibration,closed_qa,512,512,43,72,0.821218,0.953125,0.027344,2
calibration-1455,calibration,information_extraction,512,512,140,250,0.385069,0.53125,0.056641,2
calibration-1456,calibration,information_extraction,512,512,170,313,0.19057,0.433594,0.017578,2
calibration-1457,calibration,information_extraction,512,512,224,409,0.072692,0.429688,0.033203,2
calibration-1458,calibration,open_qa,512,512,190,378,0.066798,0.455078,0.060547,2
calibration-1459,calibration,classification,512,512,39,55,0.834971,0.779297,0.076172,2
calibration-1460,calibration,closed_qa,512,512,155,284,0.275049,0.542969,0.099609,2
calibration-1461,calibration,general_qa,512,512,177,336,0.13556,0.449219,0.076172,2
calibration-1462,calibration,general_qa,512,512,63,133,0.524558,0.789062,0.0,3
calibration-1463,calibration,general_qa,512,512,88,140,0.70334,0.814453,0.242188,2
calibration-1464,calibration,general_qa,512,512,113,184,0.499018,0.59375,0.074219,2
calibration-1465,calibration,information_extraction,512,512,195,353,0.129666,0.419922,0.050781,2
calibration-1466,calibration,summarization,512,512,182,362,0.08055,0.486328,0.019531,2
calibration-1467,calibration,open_qa,512,512,56,89,0.695481,0.763672,0.142578,2
calibration-1468,calibration,closed_qa,512,512,159,276,0.259332,0.492188,0.046875,3
calibration-1469,calibration,brainstorming,512,512,243,423,0.02947,0.439453,0.023438,2
calibration-1470,calibration,open_qa,512,512,117,226,0.400786,0.554688,0.039062,2
calibration-1471,calibration,creative_writing,512,512,188,362,0.088409,0.484375,0.046875,2
calibration-1472,calibration,brainstorming,512,512,222,400,0.060904,0.449219,0.056641,2
calibration-1473,calibration,open_qa,512,512,153,264,0.292731,0.576172,0.107422,2
calibration-1474,calibration,closed_qa,512,512,124,231,0.40275,0.521484,0.056641,2
calibration-1475,calibration,open_qa,512,512,185,363,0.090373,0.447266,0.035156,2
calibration-1476,calibration,summarization,512,512,146,260,0.3222,0.566406,0.091797,2
calibration-1477,calibration,information_extraction,512,512,135,318,0.117878,0.566406,0.037109,2
calibration-1478,calibration,open_qa,512,512,65,142,0.526523,0.755859,0.052734,2
calibration-1479,calibration,classification,512,512,116,207,0.43222,0.5625,0.060547,2
calibration-1480,calibration,general_qa,512,512,109,214,0.369352,0.621094,0.078125,2
calibration-1481,calibration,information_extraction,512,512,91,179,0.416503,0.730469,0.023438,2
calibration-1482,calibration,general_qa,512,512,113,233,0.324165,0.552734,0.021484,1
calibration-1483,calibration,brainstorming,512,512,93,143,0.646365,0.816406,0.298828,1
calibration-1484,calibration,brainstorming,512,512,186,317,0.227898,0.5,0.091797,2
calibration-1485,calibration,closed_qa,512,512,138,268,0.229862,0.527344,0.009766,3
calibration-1486,calibration,general_qa,512,512,85,133,0.605108,0.671875,0.0625,2
calibration-1487,calibration,general_qa,512,512,224,394,0.084479,0.423828,0.068359,2
calibration-1488,calibration,classification,512,512,67,137,0.569745,0.78125,0.082031,2
calibration-1489,calibration,closed_qa,512,512,56,87,0.742633,0.921875,0.242188,2
calibration-1490,calibration,classification,512,512,184,366,0.056974,0.509766,0.060547,2
calibration-1491,calibration,open_qa,512,512,99,191,0.475442,0.576172,0.058594,2
calibration-1492,calibration,open_qa,512,512,145,249,0.420432,0.685547,0.158203,2
calibration-1493,calibration,open_qa,512,512,155,298,0.196464,0.533203,0.035156,2
calibration-1494,calibration,open_qa,512,512,177,358,0.047151,0.519531,0.039062,2
calibration-1495,calibration,classification,512,512,123,187,0.587426,0.427734,0.009766,1
calibration-1496,calibration,general_qa,512,512,50,79,0.78389,0.941406,0.109375,89
calibration-1497,calibration,brainstorming,512,512,181,306,0.273084,0.566406,0.021484,85
calibration-1498,calibration,classification,512,512,103,188,0.502947,0.558594,0.048828,2
calibration-1499,calibration,general_qa,512,512,149,307,0.153242,0.542969,0.007812,3
calibration-1500,calibration,information_extraction,512,512,205,381,0.062868,0.453125,0.007812,2
calibration-1501,calibration,general_qa,512,512,86,177,0.426326,0.677734,0.064453,2
calibration-1502,calibration,summarization,512,512,167,287,0.290766,0.494141,0.074219,2
calibration-1503,calibration,summarization,512,512,100,145,0.652259,0.513672,0.083984,2
calibration-1504,calibration,open_qa,512,512,201,381,0.060904,0.423828,0.029297,2
calibration-1505,calibration,brainstorming,512,512,128,275,0.212181,0.587891,0.048828,2
calibration-1506,calibration,closed_qa,512,512,163,295,0.263261,0.466797,0.027344,2
calibration-1507,calibration,general_qa,512,512,212,388,0.064833,0.451172,0.025391,2
calibration-1508,calibration,brainstorming,512,512,216,363,0.13556,0.412109,0.056641,2
calibration-1509,calibration,open_qa,512,512,135,267,0.218075,0.544922,0.140625,2
calibration-1510,calibration,classification,512,512,149,295,0.269155,0.451172,0.095703,2
calibration-1511,calibration,open_qa,512,512,133,251,0.284872,0.625,0.107422,3
calibration-1512,calibration,closed_qa,512,512,110,220,0.367387,0.699219,0.103516,2
calibration-1513,calibration,open_qa,512,512,137,281,0.24165,0.525391,0.056641,2
calibration-1514,calibration,information_extraction,512,512,82,137,0.624754,0.669922,0.087891,2
calibration-1515,calibration,closed_qa,512,512,92,156,0.595285,0.527344,0.048828,2
calibration-1516,calibration,brainstorming,512,512,182,358,0.088409,0.482422,0.080078,2
calibration-1517,calibration,information_extraction,512,512,181,298,0.269155,0.556641,0.021484,2
calibration-1518,calibration,open_qa,512,512,67,150,0.477407,0.765625,0.070312,2
calibration-1519,calibration,general_qa,512,512,189,304,0.275049,0.472656,0.048828,2
calibration-1520,calibration,general_qa,512,512,176,377,0.074656,0.474609,0.027344,2
calibration-1521,calibration,classification,512,512,156,260,0.400786,0.480469,0.085938,2
calibration-1522,calibration,closed_qa,512,512,93,164,0.516699,0.6875,0.105469,2
calibration-1523,calibration,general_qa,512,512,166,304,0.192534,0.535156,0.058594,2
calibration-1524,calibration,information_extraction,512,512,161,348,0.072692,0.478516,0.027344,2
calibration-1525,calibration,general_qa,512,512,145,263,0.361493,0.572266,0.052734,2
calibration-1526,calibration,classification,512,512,33,42,0.884086,0.974609,0.3125,1
calibration-1527,calibration,classification,512,512,168,308,0.214145,0.523438,0.035156,2
calibration-1528,calibration,open_qa,512,512,198,400,0.049116,0.484375,0.037109,2
calibration-1529,calibration,general_qa,512,512,225,409,0.037328,0.455078,0.035156,2
calibration-1530,calibration,classification,512,512,119,239,0.337917,0.703125,0.011719,2
calibration-1531,calibration,creative_writing,512,512,201,384,0.066798,0.494141,0.027344,3
calibration-1532,calibration,closed_qa,512,512,71,129,0.687623,0.859375,0.115234,3
calibration-1533,calibration,open_qa,512,512,177,337,0.1611,0.404297,0.03125,2
calibration-1534,calibration,general_qa,512,512,196,386,0.053045,0.433594,0.042969,2
calibration-1535,calibration,open_qa,512,512,134,264,0.251473,0.566406,0.035156,2
calibration-1536,calibration,open_qa,512,512,184,361,0.108055,0.488281,0.023438,1
calibration-1537,calibration,summarization,512,512,195,349,0.129666,0.429688,0.033203,2
calibration-1538,calibration,open_qa,512,512,105,204,0.390963,0.533203,0.054688,2
calibration-1539,calibration,general_qa,512,512,180,364,0.08055,0.501953,0.058594,2
calibration-1540,calibration,brainstorming,512,512,205,375,0.084479,0.402344,0.072266,2
calibration-1541,calibration,closed_qa,512,512,179,334,0.151277,0.464844,0.025391,2
calibration-1542,calibration,open_qa,512,512,197,368,0.074656,0.513672,0.03125,2
calibration-1543,calibration,general_qa,512,512,223,398,0.047151,0.431641,0.046875,2
calibration-1544,calibration,information_extraction,512,512,88,161,0.508841,0.632812,0.082031,2
calibration-1545,calibration,classification,512,512,146,272,0.249509,0.621094,0.037109,2
calibration-1546,calibration,information_extraction,512,512,126,235,0.388998,0.570312,0.128906,2
calibration-1547,calibration,open_qa,512,512,190,351,0.170923,0.4375,0.039062,2
calibration-1548,calibration,open_qa,512,512,91,151,0.561886,0.712891,0.126953,2
calibration-1549,calibration,general_qa,512,512,177,323,0.178782,0.474609,0.0625,2
calibration-1550,calibration,general_qa,512,512,162,318,0.196464,0.490234,0.064453,2
calibration-1551,calibration,summarization,512,512,158,314,0.163065,0.556641,0.013672,2
calibration-1552,calibration,information_extraction,512,512,90,144,0.664047,0.498047,0.027344,2
calibration-1553,calibration,classification,512,512,23,42,0.888016,0.994141,0.0,1
calibration-1554,calibration,classification,512,512,64,122,0.642436,0.832031,0.068359,3
calibration-1555,calibration,brainstorming,512,512,221,383,0.070727,0.398438,0.095703,2
calibration-1556,calibration,brainstorming,512,512,200,345,0.143418,0.414062,0.027344,2
calibration-1557,calibration,open_qa,512,512,194,342,0.192534,0.53125,0.074219,4
calibration-1558,calibration,brainstorming,512,512,180,317,0.194499,0.546875,0.097656,2
calibration-1559,calibration,classification,512,512,84,163,0.375246,0.791016,0.072266,2
calibration-1560,calibration,brainstorming,512,512,210,416,0.035363,0.419922,0.042969,2
calibration-1561,calibration,closed_qa,512,512,60,93,0.738703,0.667969,0.0625,3
calibration-1562,calibration,open_qa,512,512,47,92,0.701375,0.908203,0.039062,1
calibration-1563,calibration,open_qa,512,512,164,284,0.294695,0.443359,0.052734,2
calibration-1564,calibration,brainstorming,512,512,187,331,0.131631,0.505859,0.027344,2
calibration-1565,calibration,open_qa,512,512,154,320,0.129666,0.53125,0.060547,2
calibration-1566,calibration,classification,512,512,135,263,0.247544,0.578125,0.046875,3
calibration-1567,calibration,closed_qa,512,512,75,136,0.681729,0.578125,0.021484,2
calibration-1568,calibration,summarization,512,512,53,77,0.805501,0.90625,0.117188,2
calibration-1569,calibration,closed_qa,512,512,143,230,0.447937,0.576172,0.025391,2
calibration-1570,calibration,open_qa,512,512,211,376,0.094303,0.449219,0.054688,2
calibration-1571,calibration,closed_qa,512,512,163,345,0.088409,0.556641,0.109375,2
calibration-1572,calibration,summarization,512,512,184,350,0.086444,0.507812,0.042969,3
calibration-1573,calibration,creative_writing,512,512,189,368,0.084479,0.476562,0.037109,2
calibration-1574,calibration,general_qa,512,512,77,103,0.774067,0.595703,0.089844,2
calibration-1575,calibration,classification,512,512,168,334,0.129666,0.537109,0.03125,2
calibration-1576,calibration,information_extraction,512,512,140,220,0.502947,0.457031,0.039062,2
calibration-1577,calibration,general_qa,512,512,145,252,0.404715,0.445312,0.074219,2
calibration-1578,calibration,brainstorming,512,512,121,218,0.438114,0.6875,0.070312,2
calibration-1579,calibration,classification,512,512,118,240,0.263261,0.683594,0.037109,2
calibration-1580,calibration,creative_writing,512,512,202,382,0.084479,0.435547,0.082031,2
calibration-1581,calibration,open_qa,512,512,100,226,0.310413,0.720703,0.039062,2
calibration-1582,calibration,classification,512,512,98,150,0.444008,0.789062,0.001953,1
calibration-1583,calibration,classification,512,512,54,116,0.607073,0.853516,0.058594,2
calibration-1584,calibration,closed_qa,512,512,114,195,0.485265,0.517578,0.037109,2
calibration-1585,calibration,closed_qa,512,512,99,137,0.699411,0.822266,0.244141,2
calibration-1586,calibration,summarization,512,512,83,156,0.530452,0.818359,0.046875,31
calibration-1587,calibration,open_qa,512,512,130,202,0.497053,0.46875,0.054688,2
calibration-1588,calibration,open_qa,512,512,83,143,0.573674,0.734375,0.052734,2
calibration-1589,calibration,classification,512,512,188,367,0.098232,0.441406,0.027344,2
calibration-1590,calibration,information_extraction,512,512,112,183,0.508841,0.609375,0.109375,2
calibration-1591,calibration,brainstorming,512,512,204,374,0.133595,0.435547,0.021484,3
calibration-1592,calibration,summarization,512,512,47,60,0.862475,0.947266,0.007812,2
calibration-1593,calibration,brainstorming,512,512,160,328,0.123772,0.501953,0.085938,2
calibration-1594,calibration,open_qa,512,512,146,229,0.45776,0.626953,0.033203,2
calibration-1595,calibration,classification,512,512,136,252,0.318271,0.580078,0.099609,2
calibration-1596,calibration,creative_writing,512,512,221,419,0.02947,0.441406,0.023438,2
calibration-1597,calibration,general_qa,512,512,186,363,0.11002,0.447266,0.070312,2
calibration-1598,calibration,general_qa,512,512,62,94,0.752456,0.867188,0.085938,2
calibration-1599,calibration,information_extraction,512,512,105,193,0.337917,0.759766,0.080078,2
calibration-1600,calibration,creative_writing,512,512,224,415,0.019646,0.427734,0.052734,2
calibration-1601,calibration,brainstorming,512,512,122,207,0.489194,0.628906,0.138672,2
calibration-1602,calibration,general_qa,512,512,165,336,0.119843,0.492188,0.074219,2
calibration-1603,calibration,brainstorming,512,512,184,356,0.078585,0.464844,0.044922,2
calibration-1604,calibration,brainstorming,512,512,170,336,0.131631,0.490234,0.03125,2
calibration-1605,calibration,closed_qa,512,512,149,267,0.278978,0.515625,0.0,2
calibration-1606,calibration,information_extraction,512,512,161,297,0.286837,0.580078,0.011719,3
calibration-1607,calibration,information_extraction,512,512,73,133,0.632613,0.828125,0.105469,2
calibration-1608,calibration,closed_qa,512,512,148,237,0.381139,0.654297,0.148438,2
calibration-1609,calibration,open_qa,512,512,76,106,0.768173,0.875,0.013672,168
calibration-1610,calibration,classification,512,512,96,168,0.587426,0.517578,0.041016,1
calibration-1611,calibration,open_qa,512,512,100,171,0.540275,0.732422,0.076172,3
calibration-1612,calibration,creative_writing,512,512,191,357,0.125737,0.460938,0.097656,2
calibration-1613,calibration,information_extraction,512,512,89,183,0.420432,0.664062,0.029297,3
calibration-1614,calibration,information_extraction,512,512,75,116,0.693517,0.660156,0.070312,2
calibration-1615,calibration,closed_qa,512,512,72,134,0.565815,0.791016,0.091797,2
calibration-1616,calibration,general_qa,512,512,217,392,0.064833,0.447266,0.068359,2
calibration-1617,calibration,classification,512,512,202,360,0.141454,0.462891,0.076172,2
calibration-1618,calibration,general_qa,512,512,157,319,0.182711,0.492188,0.037109,2
calibration-1619,calibration,closed_qa,512,512,84,145,0.59725,0.626953,0.101562,2
calibration-1620,calibration,open_qa,512,512,195,375,0.072692,0.431641,0.015625,2
calibration-1621,calibration,closed_qa,512,512,152,299,0.206287,0.525391,0.03125,2
calibration-1622,calibration,brainstorming,512,512,180,360,0.108055,0.46875,0.035156,2
calibration-1623,calibration,closed_qa,512,512,176,350,0.088409,0.458984,0.039062,2
calibration-1624,calibration,general_qa,512,512,194,376,0.051081,0.521484,0.033203,2
calibration-1625,calibration,closed_qa,512,512,124,224,0.381139,0.511719,0.039062,2
calibration-1626,calibration,brainstorming,512,512,203,409,0.05501,0.445312,0.044922,2
calibration-1627,calibration,brainstorming,512,512,187,332,0.194499,0.476562,0.035156,2
calibration-1628,calibration,open_qa,512,512,169,296,0.212181,0.484375,0.083984,2
calibration-1629,calibration,creative_writing,512,512,205,394,0.033399,0.5,0.035156,2
calibration-1630,calibration,closed_qa,512,512,129,229,0.365422,0.574219,0.037109,3
calibration-1631,calibration,open_qa,512,512,236,410,0.047151,0.417969,0.029297,2
calibration-1632,calibration,open_qa,512,512,135,240,0.367387,0.59375,0.085938,3
calibration-1633,calibration,closed_qa,512,512,142,310,0.157171,0.507812,0.033203,2
calibration-1634,calibration,general_qa,512,512,178,320,0.204322,0.472656,0.056641,2
calibration-1635,calibration,general_qa,512,512,185,308,0.208251,0.470703,0.070312,2
calibration-1636,calibration,open_qa,512,512,141,234,0.436149,0.632812,0.21875,2
calibration-1637,calibration,open_qa,512,512,203,375,0.117878,0.447266,0.03125,2
calibration-1638,calibration,summarization,512,512,186,372,0.041257,0.509766,0.03125,2
calibration-1639,calibration,open_qa,512,512,209,385,0.072692,0.447266,0.027344,3
calibration-1640,calibration,classification,512,512,201,389,0.058939,0.492188,0.052734,2
calibration-1641,calibration,general_qa,512,512,151,329,0.100196,0.517578,0.0,1
calibration-1642,calibration,open_qa,512,512,82,118,0.721022,0.548828,0.078125,2
calibration-1643,calibration,summarization,512,512,208,360,0.129666,0.433594,0.035156,2
calibration-1644,calibration,general_qa,512,512,95,175,0.483301,0.705078,0.060547,2
calibration-1645,calibration,open_qa,512,512,62,86,0.787819,0.904297,0.087891,1
calibration-1646,calibration,closed_qa,512,512,121,223,0.394892,0.560547,0.050781,2
calibration-1647,calibration,general_qa,512,512,178,360,0.11002,0.453125,0.042969,2
calibration-1648,calibration,classification,512,512,178,339,0.153242,0.458984,0.089844,2
calibration-1649,calibration,open_qa,512,512,175,356,0.096267,0.503906,0.046875,2
calibration-1650,calibration,closed_qa,512,512,152,299,0.200393,0.541016,0.089844,2
calibration-1651,calibration,open_qa,512,512,200,375,0.051081,0.484375,0.042969,2
calibration-1652,calibration,information_extraction,512,512,171,339,0.072692,0.5,0.021484,1
calibration-1653,calibration,summarization,512,512,123,216,0.422397,0.625,0.0625,2
calibration-1654,calibration,classification,512,512,138,218,0.471513,0.671875,0.164062,2
calibration-1655,calibration,information_extraction,512,512,88,148,0.624754,0.644531,0.107422,2
calibration-1656,calibration,brainstorming,512,512,166,331,0.104126,0.523438,0.027344,2
calibration-1657,calibration,open_qa,512,512,167,300,0.212181,0.482422,0.03125,2
calibration-1658,calibration,brainstorming,512,512,119,201,0.477407,0.498047,0.060547,2
calibration-1659,calibration,summarization,512,512,138,282,0.202358,0.570312,0.041016,2
calibration-1660,calibration,closed_qa,512,512,160,339,0.066798,0.525391,0.041016,2
calibration-1661,calibration,open_qa,512,512,98,185,0.506876,0.582031,0.001953,2
calibration-1662,calibration,classification,512,512,108,184,0.436149,0.730469,0.041016,2
calibration-1663,calibration,summarization,512,512,202,359,0.102161,0.435547,0.050781,2
calibration-1664,calibration,brainstorming,512,512,202,386,0.086444,0.455078,0.044922,2
calibration-1665,calibration,open_qa,512,512,191,386,0.02554,0.525391,0.035156,2
calibration-1666,calibration,brainstorming,512,512,78,126,0.691552,0.847656,0.167969,2
calibration-1667,calibration,open_qa,512,512,213,408,0.033399,0.431641,0.041016,2
calibration-1668,calibration,closed_qa,512,512,123,202,0.465619,0.707031,0.136719,2
calibration-1669,calibration,summarization,512,512,112,222,0.347741,0.636719,0.048828,2
calibration-1670,calibration,open_qa,512,512,65,91,0.787819,0.710938,0.089844,2
calibration-1671,calibration,brainstorming,512,512,181,319,0.235756,0.527344,0.039062,2
calibration-1672,calibration,brainstorming,512,512,211,419,0.013752,0.443359,0.042969,2
calibration-1673,calibration,closed_qa,512,512,185,340,0.08055,0.519531,0.042969,3
calibration-1674,calibration,general_qa,512,512,37,68,0.774067,0.902344,0.097656,2
calibration-1675,calibration,open_qa,512,512,195,383,0.045187,0.480469,0.029297,2
calibration-1676,calibration,classification,512,512,78,124,0.618861,0.765625,0.158203,2
calibration-1677,calibration,general_qa,512,512,145,277,0.275049,0.507812,0.097656,2
calibration-1678,calibration,summarization,512,512,158,284,0.267191,0.556641,0.083984,2
calibration-1679,calibration,open_qa,512,512,76,137,0.585462,0.664062,0.025391,2
calibration-1680,calibration,classification,512,512,206,386,0.041257,0.445312,0.023438,2
calibration-1681,calibration,closed_qa,512,512,87,151,0.559921,0.707031,0.082031,2
calibration-1682,calibration,information_extraction,512,512,73,133,0.618861,0.726562,0.103516,2
calibration-1683,calibration,open_qa,512,512,183,363,0.086444,0.472656,0.078125,2
calibration-1684,calibration,classification,512,512,106,162,0.522593,0.707031,0.095703,2
calibration-1685,calibration,general_qa,512,512,45,81,0.732809,0.828125,0.042969,2
calibration-1686,calibration,summarization,512,512,127,245,0.316306,0.546875,0.015625,3
calibration-1687,calibration,closed_qa,512,512,155,282,0.263261,0.511719,0.0625,2
calibration-1688,calibration,summarization,512,512,172,334,0.133595,0.505859,0.033203,2
calibration-1689,calibration,general_qa,512,512,220,410,0.02947,0.457031,0.015625,2
calibration-1690,calibration,open_qa,512,512,147,272,0.267191,0.580078,0.041016,2
calibration-1691,calibration,open_qa,512,512,21,48,0.779961,0.998047,0.048828,2
calibration-1692,calibration,brainstorming,512,512,225,414,0.027505,0.445312,0.042969,2
calibration-1693,calibration,classification,512,512,152,282,0.265226,0.523438,0.027344,2
calibration-1694,calibration,open_qa,512,512,209,369,0.119843,0.447266,0.046875,2
calibration-1695,calibration,open_qa,512,512,136,244,0.375246,0.546875,0.085938,2
calibration-1696,calibration,brainstorming,512,512,154,313,0.163065,0.541016,0.027344,2
calibration-1697,calibration,brainstorming,512,512,199,355,0.131631,0.501953,0.027344,2
calibration-1698,calibration,summarization,512,512,134,258,0.284872,0.517578,0.011719,2
calibration-1699,calibration,open_qa,512,512,123,221,0.375246,0.574219,0.054688,2
calibration-1700,calibration,open_qa,512,512,88,185,0.493124,0.630859,0.033203,3
calibration-1701,calibration,classification,512,512,180,369,0.074656,0.486328,0.068359,2
calibration-1702,calibration,general_qa,512,512,198,379,0.08055,0.457031,0.03125,2
calibration-1703,calibration,general_qa,512,512,106,184,0.499018,0.632812,0.085938,2
calibration-1704,calibration,classification,512,512,178,343,0.094303,0.509766,0.046875,2
calibration-1705,calibration,closed_qa,512,512,157,269,0.320236,0.472656,0.058594,2
calibration-1706,calibration,general_qa,512,512,203,393,0.047151,0.460938,0.048828,2
calibration-1707,calibration,classification,512,512,144,237,0.398821,0.601562,0.150391,2
calibration-1708,calibration,open_qa,512,512,93,200,0.373281,0.617188,0.019531,2
calibration-1709,calibration,classification,512,512,149,305,0.198428,0.492188,0.023438,2
calibration-1710,calibration,open_qa,512,512,143,281,0.223969,0.523438,0.074219,2
calibration-1711,calibration,information_extraction,512,512,41,55,0.868369,0.787109,0.03125,1
calibration-1712,calibration,brainstorming,512,512,169,326,0.1611,0.498047,0.023438,2
calibration-1713,calibration,open_qa,512,512,168,341,0.08055,0.503906,0.048828,2
calibration-1714,calibration,open_qa,512,512,178,335,0.149312,0.470703,0.070312,2
calibration-1715,calibration,general_qa,512,512,137,281,0.196464,0.527344,0.003906,2
calibration-1716,calibration,classification,512,512,209,400,0.045187,0.447266,0.052734,2
calibration-1717,calibration,information_extraction,512,512,134,219,0.485265,0.486328,0.066406,2
calibration-1718,calibration,closed_qa,512,512,108,218,0.347741,0.583984,0.066406,2
calibration-1719,calibration,information_extraction,512,512,100,170,0.62279,0.699219,0.013672,3
calibration-1720,calibration,classification,512,512,225,411,0.017682,0.416016,0.039062,2
calibration-1721,calibration,classification,512,512,117,226,0.337917,0.605469,0.064453,2
calibration-1722,calibration,open_qa,512,512,119,246,0.314342,0.566406,0.085938,2
calibration-1723,calibration,open_qa,512,512,136,267,0.231827,0.542969,0.015625,2
calibration-1724,calibration,information_extraction,512,512,140,240,0.383104,0.544922,0.044922,3
calibration-1725,calibration,classification,512,512,176,340,0.121807,0.515625,0.042969,2
calibration-1726,calibration,general_qa,512,512,183,351,0.098232,0.451172,0.042969,2
calibration-1727,calibration,open_qa,512,512,187,342,0.153242,0.460938,0.035156,2
calibration-1728,calibration,closed_qa,512,512,176,286,0.284872,0.455078,0.023438,1
calibration-1729,calibration,summarization,512,512,168,356,0.068762,0.519531,0.021484,2
calibration-1730,calibration,open_qa,512,512,130,222,0.449902,0.455078,0.025391,2
calibration-1731,calibration,general_qa,512,512,143,262,0.277014,0.560547,0.111328,2
calibration-1732,calibration,general_qa,512,512,161,317,0.210216,0.484375,0.056641,2
calibration-1733,calibration,brainstorming,512,512,222,413,0.060904,0.410156,0.054688,2
calibration-1734,calibration,information_extraction,512,512,64,104,0.705305,0.71875,0.144531,2
calibration-1735,calibration,open_qa,512,512,210,394,0.051081,0.447266,0.035156,2
calibration-1736,calibration,open_qa,512,512,189,351,0.123772,0.482422,0.0625,2
calibration-1737,calibration,general_qa,512,512,220,395,0.08055,0.427734,0.064453,2
calibration-1738,calibration,classification,512,512,49,118,0.573674,0.878906,0.019531,2
calibration-1739,calibration,general_qa,512,512,175,310,0.204322,0.507812,0.03125,2
calibration-1740,calibration,general_qa,512,512,184,352,0.111984,0.441406,0.070312,2
calibration-1741,calibration,summarization,512,512,210,377,0.100196,0.408203,0.015625,3
calibration-1742,calibration,closed_qa,512,512,146,267,0.278978,0.607422,0.021484,2
calibration-1743,calibration,general_qa,512,512,203,387,0.058939,0.458984,0.03125,2
calibration-1744,calibration,classification,512,512,108,238,0.284872,0.617188,0.046875,4
calibration-1745,calibration,brainstorming,512,512,63,98,0.732809,0.794922,0.107422,2
calibration-1746,calibration,open_qa,512,512,148,279,0.247544,0.501953,0.03125,2
calibration-1747,calibration,brainstorming,512,512,106,178,0.520629,0.552734,0.085938,2
calibration-1748,calibration,open_qa,512,512,80,136,0.624754,0.683594,0.037109,1
calibration-1749,calibration,open_qa,512,512,215,373,0.119843,0.398438,0.070312,2
calibration-1750,calibration,closed_qa,512,512,104,184,0.500982,0.658203,0.076172,3
calibration-1751,calibration,information_extraction,512,512,138,283,0.24165,0.542969,0.033203,2
calibration-1752,calibration,general_qa,512,512,207,396,0.039293,0.474609,0.03125,2
calibration-1753,calibration,open_qa,512,512,119,201,0.506876,0.703125,0.091797,1
calibration-1754,calibration,creative_writing,512,512,167,310,0.182711,0.488281,0.029297,2
calibration-1755,calibration,brainstorming,512,512,169,332,0.102161,0.482422,0.070312,2
calibration-1756,calibration,general_qa,512,512,75,111,0.740668,0.757812,0.111328,2
calibration-1757,calibration,general_qa,512,512,149,303,0.19057,0.509766,0.064453,2
calibration-1758,calibration,summarization,512,512,174,343,0.159136,0.476562,0.042969,2
calibration-1759,calibration,closed_qa,512,512,146,244,0.40275,0.466797,0.041016,2
calibration-1760,calibration,brainstorming,512,512,181,376,0.068762,0.46875,0.042969,2
calibration-1761,calibration,open_qa,512,512,114,230,0.273084,0.609375,0.087891,16
calibration-1762,calibration,creative_writing,512,512,202,369,0.072692,0.490234,0.056641,2
calibration-1763,calibration,classification,512,512,97,134,0.67387,0.763672,0.121094,2
calibration-1764,calibration,open_qa,512,512,110,186,0.495088,0.660156,0.138672,2
calibration-1765,calibration,information_extraction,512,512,75,159,0.447937,0.783203,0.046875,2
calibration-1766,calibration,open_qa,512,512,242,419,0.043222,0.398438,0.054688,2
calibration-1767,calibration,creative_writing,512,512,195,351,0.127701,0.480469,0.027344,2
calibration-1768,calibration,general_qa,512,512,108,215,0.396857,0.623047,0.089844,2
calibration-1769,calibration,closed_qa,512,512,190,349,0.115914,0.451172,0.027344,2
calibration-1770,calibration,creative_writing,512,512,173,332,0.13556,0.458984,0.019531,2
calibration-1771,calibration,general_qa,512,512,66,95,0.795678,0.910156,0.544922,2
calibration-1772,calibration,closed_qa,512,512,165,282,0.337917,0.447266,0.099609,2
calibration-1773,calibration,open_qa,512,512,81,164,0.550098,0.554688,0.066406,2
calibration-1774,calibration,open_qa,512,512,167,328,0.159136,0.544922,0.136719,2
calibration-1775,calibration,open_qa,512,512,139,305,0.131631,0.564453,0.019531,2
calibration-1776,calibration,open_qa,512,512,171,299,0.206287,0.40625,0.015625,2
calibration-1777,calibration,brainstorming,512,512,203,389,0.074656,0.386719,0.03125,2
calibration-1778,calibration,general_qa,512,512,204,370,0.090373,0.458984,0.042969,2
calibration-1779,calibration,general_qa,512,512,214,398,0.070727,0.416016,0.060547,2
calibration-1780,calibration,open_qa,512,512,57,102,0.693517,0.761719,0.044922,3
calibration-1781,calibration,information_extraction,512,512,190,383,0.058939,0.445312,0.023438,2
calibration-1782,calibration,classification,512,512,154,256,0.265226,0.462891,0.076172,2
calibration-1783,calibration,closed_qa,512,512,132,239,0.337917,0.609375,0.087891,2
calibration-1784,calibration,open_qa,512,512,43,72,0.797642,0.931641,0.263672,2
calibration-1785,calibration,classification,512,512,135,240,0.251473,0.632812,0.011719,2
calibration-1786,calibration,classification,512,512,116,223,0.40275,0.578125,0.072266,2
calibration-1787,calibration,summarization,512,512,109,256,0.202358,0.615234,0.035156,2
calibration-1788,calibration,closed_qa,512,512,107,230,0.235756,0.662109,0.054688,3
calibration-1789,calibration,classification,512,512,111,214,0.424361,0.691406,0.072266,2
calibration-1790,calibration,classification,512,512,81,148,0.587426,0.677734,0.068359,2
calibration-1791,calibration,information_extraction,512,512,147,267,0.261297,0.529297,0.023438,2
calibration-1792,calibration,general_qa,512,512,207,372,0.102161,0.453125,0.068359,2
calibration-1793,calibration,general_qa,512,512,219,394,0.08055,0.388672,0.060547,2
calibration-1794,calibration,open_qa,512,512,127,229,0.400786,0.576172,0.054688,2
calibration-1795,calibration,open_qa,512,512,134,274,0.208251,0.53125,0.035156,2
calibration-1796,calibration,information_extraction,512,512,130,274,0.225933,0.574219,0.042969,2
calibration-1797,calibration,classification,512,512,123,212,0.445972,0.570312,0.052734,1
calibration-1798,calibration,brainstorming,512,512,168,281,0.308448,0.435547,0.085938,2
calibration-1799,calibration,summarization,512,512,152,331,0.141454,0.505859,0.013672,2
calibration-1800,calibration,classification,512,512,127,259,0.277014,0.560547,0.056641,2
calibration-1801,calibration,classification,512,512,198,393,0.051081,0.476562,0.042969,2
calibration-1802,calibration,summarization,512,512,86,141,0.64833,0.599609,0.035156,2
calibration-1803,calibration,brainstorming,512,512,133,280,0.239686,0.568359,0.035156,2
calibration-1804,calibration,closed_qa,512,512,118,252,0.184676,0.611328,0.097656,2
calibration-1805,calibration,brainstorming,512,512,230,417,0.035363,0.421875,0.029297,2
calibration-1806,calibration,classification,512,512,170,347,0.119843,0.445312,0.046875,2
calibration-1807,calibration,open_qa,512,512,92,191,0.418468,0.712891,0.023438,2
calibration-1808,calibration,information_extraction,512,512,102,165,0.603143,0.720703,0.074219,2
calibration-1809,calibration,classification,512,512,128,194,0.569745,0.476562,0.099609,2
calibration-1810,calibration,brainstorming,512,512,186,343,0.10609,0.498047,0.042969,2
calibration-1811,calibration,general_qa,512,512,175,346,0.137525,0.433594,0.058594,2
calibration-1812,calibration,general_qa,512,512,145,312,0.155206,0.507812,0.029297,2
calibration-1813,calibration,brainstorming,512,512,151,251,0.434185,0.652344,0.15625,2
calibration-1814,calibration,open_qa,512,512,139,305,0.151277,0.539062,0.03125,2
calibration-1815,calibration,closed_qa,512,512,98,147,0.652259,0.779297,0.085938,2
calibration-1816,calibration,closed_qa,512,512,124,242,0.345776,0.585938,0.042969,2
calibration-1817,calibration,closed_qa,512,512,132,213,0.430255,0.521484,0.027344,2
calibration-1818,calibration,creative_writing,512,512,12,60,0.394892,1.0,0.191406,2
calibration-1819,calibration,classification,512,512,46,88,0.770138,0.949219,0.007812,3
calibration-1820,calibration,closed_qa,512,512,201,384,0.094303,0.484375,0.046875,2
calibration-1821,calibration,information_extraction,512,512,63,93,0.770138,0.591797,0.0625,2
calibration-1822,calibration,creative_writing,512,512,111,224,0.3222,0.646484,0.044922,3
calibration-1823,calibration,creative_writing,512,512,231,408,0.035363,0.470703,0.035156,2
calibration-1824,calibration,classification,512,512,159,296,0.188605,0.519531,0.037109,2
calibration-1825,calibration,brainstorming,512,512,201,366,0.098232,0.46875,0.064453,2
calibration-1826,calibration,closed_qa,512,512,40,56,0.878193,0.960938,0.226562,1
calibration-1827,calibration,general_qa,512,512,201,382,0.084479,0.498047,0.064453,2
calibration-1828,calibration,general_qa,512,512,79,141,0.569745,0.707031,0.070312,2
calibration-1829,calibration,classification,512,512,156,327,0.11002,0.566406,0.042969,2
calibration-1830,calibration,information_extraction,512,512,113,198,0.471513,0.664062,0.052734,2
calibration-1831,calibration,classification,512,512,94,174,0.528487,0.800781,0.101562,2
calibration-1832,calibration,open_qa,512,512,151,258,0.37721,0.476562,0.078125,2
calibration-1833,calibration,general_qa,512,512,199,346,0.157171,0.478516,0.037109,2
calibration-1834,calibration,information_extraction,512,512,86,175,0.536346,0.628906,0.083984,2
calibration-1835,calibration,summarization,512,512,204,393,0.058939,0.460938,0.03125,2
calibration-1836,calibration,open_qa,512,512,128,248,0.37721,0.496094,0.027344,2
calibration-1837,calibration,classification,512,512,177,361,0.076621,0.503906,0.064453,2
calibration-1838,calibration,summarization,512,512,138,260,0.253438,0.601562,0.068359,2
calibration-1839,calibration,closed_qa,512,512,66,107,0.697446,0.833984,0.070312,2
calibration-1840,calibration,summarization,512,512,168,330,0.147348,0.507812,0.037109,2
calibration-1841,calibration,information_extraction,512,512,59,106,0.666012,0.710938,0.050781,2
calibration-1842,calibration,closed_qa,512,512,175,348,0.137525,0.449219,0.044922,2
calibration-1843,calibration,open_qa,512,512,222,417,0.015717,0.445312,0.03125,2
calibration-1844,calibration,brainstorming,512,512,165,323,0.174853,0.455078,0.027344,2
calibration-1845,calibration,open_qa,512,512,162,338,0.090373,0.486328,0.03125,2
calibration-1846,calibration,general_qa,512,512,212,409,0.041257,0.460938,0.050781,2
calibration-1847,calibration,closed_qa,512,512,149,230,0.455796,0.46875,0.021484,2
calibration-1848,calibration,general_qa,512,512,160,299,0.227898,0.517578,0.025391,2
calibration-1849,calibration,brainstorming,512,512,52,84,0.779961,0.814453,0.119141,2
calibration-1850,calibration,open_qa,512,512,145,275,0.277014,0.554688,0.052734,2
calibration-1851,calibration,information_extraction,512,512,112,217,0.375246,0.671875,0.050781,3
calibration-1852,calibration,brainstorming,512,512,181,340,0.155206,0.427734,0.054688,2
calibration-1853,calibration,classification,512,512,93,202,0.412574,0.744141,0.021484,2
calibration-1854,calibration,general_qa,512,512,181,346,0.111984,0.509766,0.03125,2
calibration-1855,calibration,general_qa,512,512,196,329,0.206287,0.427734,0.080078,2
calibration-1856,calibration,information_extraction,512,512,136,218,0.442043,0.666016,0.046875,3
calibration-1857,calibration,general_qa,512,512,45,69,0.777996,0.900391,0.048828,2
calibration-1858,calibration,general_qa,512,512,192,366,0.084479,0.443359,0.078125,2
calibration-1859,calibration,brainstorming,512,512,133,217,0.481336,0.53125,0.144531,2
calibration-1860,calibration,classification,512,512,120,213,0.359528,0.712891,0.039062,2
calibration-1861,calibration,information_extraction,512,512,141,290,0.202358,0.560547,0.035156,2
calibration-1862,calibration,information_extraction,512,512,150,265,0.263261,0.523438,0.117188,2
calibration-1863,calibration,classification,512,512,192,351,0.11002,0.464844,0.058594,2
calibration-1864,calibration,open_qa,512,512,52,86,0.742633,0.898438,0.128906,2
calibration-1865,calibration,closed_qa,512,512,161,335,0.155206,0.490234,0.035156,2
calibration-1866,calibration,open_qa,512,512,170,321,0.208251,0.515625,0.068359,2
calibration-1867,calibration,closed_qa,512,512,116,219,0.396857,0.634766,0.054688,2
calibration-1868,calibration,closed_qa,512,512,133,275,0.243615,0.570312,0.035156,2
calibration-1869,calibration,open_qa,512,512,114,178,0.552063,0.740234,0.167969,2
calibration-1870,calibration,brainstorming,512,512,218,401,0.058939,0.398438,0.044922,2
calibration-1871,calibration,open_qa,512,512,107,180,0.532417,0.601562,0.083984,2
calibration-1872,calibration,brainstorming,512,512,42,60,0.866405,0.808594,0.095703,2
calibration-1873,calibration,brainstorming,512,512,89,156,0.54224,0.708984,0.132812,2
calibration-1874,calibration,general_qa,512,512,216,369,0.078585,0.458984,0.072266,2
calibration-1875,calibration,open_qa,512,512,201,390,0.11002,0.451172,0.060547,2
calibration-1876,calibration,general_qa,512,512,156,301,0.255403,0.427734,0.019531,2
calibration-1877,calibration,classification,512,512,74,131,0.591356,0.800781,0.080078,2
calibration-1878,calibration,open_qa,512,512,126,193,0.520629,0.546875,0.097656,2
calibration-1879,calibration,open_qa,512,512,240,423,0.015717,0.458984,0.021484,2
calibration-1880,calibration,summarization,512,512,169,333,0.166994,0.570312,0.109375,2
calibration-1881,calibration,information_extraction,512,512,174,320,0.137525,0.535156,0.039062,2
calibration-1882,calibration,open_qa,512,512,141,286,0.27112,0.521484,0.037109,2
calibration-1883,calibration,creative_writing,512,512,220,413,0.05501,0.40625,0.042969,2
calibration-1884,calibration,open_qa,512,512,169,325,0.182711,0.474609,0.0625,2
calibration-1885,calibration,closed_qa,512,512,130,236,0.369352,0.556641,0.099609,2
calibration-1886,calibration,open_qa,512,512,142,282,0.198428,0.53125,0.056641,2
calibration-1887,calibration,information_extraction,512,512,123,226,0.40275,0.464844,0.017578,3
calibration-1888,calibration,open_qa,512,512,122,266,0.235756,0.574219,0.087891,2
calibration-1889,calibration,classification,512,512,231,395,0.064833,0.449219,0.042969,2
calibration-1890,calibration,information_extraction,512,512,160,286,0.335953,0.501953,0.037109,2
calibration-1891,calibration,open_qa,512,512,183,333,0.163065,0.480469,0.017578,1
calibration-1892,calibration,classification,512,512,124,285,0.168959,0.541016,0.087891,2
calibration-1893,calibration,brainstorming,512,512,198,361,0.11002,0.435547,0.023438,2
calibration-1894,calibration,classification,512,512,100,185,0.489194,0.601562,0.041016,2
calibration-1895,calibration,brainstorming,512,512,202,386,0.056974,0.480469,0.050781,2
calibration-1896,calibration,information_extraction,512,512,151,276,0.286837,0.539062,0.037109,2
calibration-1897,calibration,general_qa,512,512,220,415,0.033399,0.4375,0.039062,2
calibration-1898,calibration,general_qa,512,512,220,407,0.039293,0.421875,0.037109,2
calibration-1899,calibration,classification,512,512,219,410,0.033399,0.402344,0.0625,2
calibration-1900,calibration,open_qa,512,512,161,288,0.302554,0.527344,0.087891,2
calibration-1901,calibration,general_qa,512,512,107,171,0.514735,0.757812,0.060547,1
calibration-1902,calibration,information_extraction,512,512,211,385,0.060904,0.449219,0.066406,2
calibration-1903,calibration,closed_qa,512,512,198,319,0.24165,0.445312,0.066406,2
calibration-1904,calibration,open_qa,512,512,132,281,0.206287,0.560547,0.052734,1
calibration-1905,calibration,open_qa,512,512,117,210,0.424361,0.515625,0.052734,2
calibration-1906,calibration,classification,512,512,170,364,0.076621,0.525391,0.046875,2
calibration-1907,calibration,open_qa,512,512,180,347,0.088409,0.46875,0.046875,2
calibration-1908,calibration,classification,512,512,188,395,0.035363,0.509766,0.046875,2
calibration-1909,calibration,open_qa,512,512,155,290,0.208251,0.464844,0.068359,2
calibration-1910,calibration,brainstorming,512,512,193,379,0.053045,0.470703,0.101562,2
calibration-1911,calibration,brainstorming,512,512,192,388,0.02947,0.488281,0.039062,2
calibration-1912,calibration,general_qa,512,512,119,229,0.412574,0.554688,0.101562,2
calibration-1913,calibration,classification,512,512,108,201,0.40668,0.564453,0.023438,2
calibration-1914,calibration,classification,512,512,76,122,0.640472,0.640625,0.091797,2
calibration-1915,calibration,classification,512,512,125,217,0.453831,0.523438,0.029297,2
calibration-1916,calibration,open_qa,512,512,135,244,0.428291,0.486328,0.046875,2
calibration-1917,calibration,information_extraction,512,512,58,82,0.787819,0.689453,0.144531,2
calibration-1918,calibration,general_qa,512,512,185,329,0.157171,0.464844,0.025391,2
calibration-1919,calibration,information_extraction,512,512,96,165,0.54224,0.660156,0.044922,2
calibration-1920,calibration,classification,512,512,202,375,0.127701,0.46875,0.066406,2
calibration-1921,calibration,open_qa,512,512,206,401,0.039293,0.429688,0.050781,2
calibration-1922,calibration,classification,512,512,194,371,0.092338,0.443359,0.080078,2
calibration-1923,calibration,summarization,512,512,215,368,0.096267,0.441406,0.046875,2
calibration-1924,calibration,general_qa,512,512,235,417,0.041257,0.404297,0.046875,2
calibration-1925,calibration,information_extraction,512,512,123,215,0.444008,0.582031,0.046875,2
calibration-1926,calibration,classification,512,512,64,122,0.644401,0.791016,0.056641,2
calibration-1927,calibration,creative_writing,512,512,154,312,0.157171,0.556641,0.027344,2
calibration-1928,calibration,brainstorming,512,512,189,371,0.092338,0.5,0.042969,2
calibration-1929,calibration,closed_qa,512,512,199,384,0.060904,0.484375,0.03125,2
calibration-1930,calibration,open_qa,512,512,210,384,0.096267,0.449219,0.0625,2
calibration-1931,calibration,brainstorming,512,512,211,393,0.070727,0.431641,0.027344,2
calibration-1932,calibration,brainstorming,512,512,114,197,0.516699,0.546875,0.109375,2
calibration-1933,calibration,summarization,512,512,91,134,0.650295,0.736328,0.089844,2
calibration-1934,calibration,general_qa,512,512,144,266,0.341847,0.529297,0.087891,2
calibration-1935,calibration,general_qa,512,512,94,200,0.394892,0.691406,0.083984,1
calibration-1936,calibration,open_qa,512,512,90,150,0.557957,0.681641,0.083984,3
calibration-1937,calibration,closed_qa,512,512,138,269,0.253438,0.488281,0.048828,2
calibration-1938,calibration,summarization,512,512,127,215,0.436149,0.708984,0.052734,2
calibration-1939,calibration,closed_qa,512,512,114,211,0.388998,0.511719,0.021484,2
calibration-1940,calibration,open_qa,512,512,152,278,0.247544,0.486328,0.095703,2
calibration-1941,calibration,closed_qa,512,512,139,247,0.369352,0.546875,0.066406,2
calibration-1942,calibration,general_qa,512,512,191,350,0.133595,0.480469,0.060547,2
calibration-1943,calibration,general_qa,512,512,247,415,0.078585,0.427734,0.078125,2
calibration-1944,calibration,general_qa,512,512,152,270,0.341847,0.457031,0.050781,3
calibration-1945,calibration,closed_qa,512,512,96,176,0.534381,0.796875,0.144531,2
calibration-1946,calibration,summarization,512,512,148,267,0.292731,0.544922,0.103516,2
calibration-1947,calibration,general_qa,512,512,127,261,0.253438,0.566406,0.060547,2
calibration-1948,calibration,open_qa,512,512,137,258,0.269155,0.580078,0.039062,2
calibration-1949,calibration,classification,512,512,37,48,0.884086,0.966797,0.0,3
calibration-1950,calibration,general_qa,512,512,122,227,0.379175,0.615234,0.046875,2
calibration-1951,calibration,classification,512,512,131,265,0.286837,0.494141,0.054688,2
calibration-1952,calibration,information_extraction,512,512,149,287,0.302554,0.515625,0.03125,2
calibration-1953,calibration,brainstorming,512,512,210,368,0.086444,0.447266,0.056641,2
calibration-1954,calibration,classification,512,512,192,343,0.141454,0.46875,0.033203,3
calibration-1955,calibration,summarization,512,512,139,269,0.284872,0.509766,0.083984,2
calibration-1956,calibration,open_qa,512,512,101,214,0.335953,0.644531,0.039062,2
calibration-1957,calibration,open_qa,512,512,154,284,0.278978,0.498047,0.039062,2
calibration-1958,calibration,information_extraction,512,512,163,320,0.147348,0.533203,0.027344,3
calibration-1959,calibration,summarization,512,512,162,307,0.192534,0.494141,0.0625,3
calibration-1960,calibration,open_qa,512,512,116,193,0.483301,0.621094,0.070312,5
calibration-1961,calibration,general_qa,512,512,128,251,0.410609,0.490234,0.0,1
calibration-1962,calibration,brainstorming,512,512,84,132,0.636542,0.640625,0.025391,2
calibration-1963,calibration,open_qa,512,512,176,340,0.149312,0.464844,0.027344,2
calibration-1964,calibration,brainstorming,512,512,214,433,0.02554,0.419922,0.037109,2
calibration-1965,calibration,brainstorming,512,512,201,336,0.137525,0.466797,0.044922,2
calibration-1966,calibration,summarization,512,512,150,297,0.284872,0.470703,0.042969,3
calibration-1967,calibration,creative_writing,512,512,123,213,0.508841,0.599609,0.050781,2
calibration-1968,calibration,brainstorming,512,512,146,245,0.37721,0.458984,0.050781,2
calibration-1969,calibration,brainstorming,512,512,122,275,0.21611,0.568359,0.072266,2
calibration-1970,calibration,classification,512,512,205,393,0.076621,0.431641,0.029297,2
calibration-1971,calibration,classification,512,512,129,269,0.117878,0.595703,0.126953,1
calibration-1972,calibration,brainstorming,512,512,173,353,0.137525,0.462891,0.060547,2
calibration-1973,calibration,closed_qa,512,512,179,319,0.206287,0.460938,0.058594,2
calibration-1974,calibration,closed_qa,512,512,193,368,0.086444,0.480469,0.023438,3
calibration-1975,calibration,classification,512,512,79,113,0.732809,0.875,0.072266,1
calibration-1976,calibration,open_qa,512,512,41,66,0.793713,0.892578,0.029297,1
calibration-1977,calibration,classification,512,512,176,347,0.165029,0.458984,0.080078,2
calibration-1978,calibration,open_qa,512,512,24,32,0.929273,0.986328,0.173828,2
calibration-1979,calibration,open_qa,512,512,103,177,0.528487,0.525391,0.046875,2
calibration-1980,calibration,closed_qa,512,512,195,359,0.108055,0.474609,0.035156,3
calibration-1981,calibration,open_qa,512,512,178,351,0.072692,0.523438,0.039062,2
calibration-1982,calibration,brainstorming,512,512,236,424,0.019646,0.412109,0.066406,2
calibration-1983,calibration,general_qa,512,512,153,287,0.212181,0.5625,0.046875,2
calibration-1984,calibration,open_qa,512,512,149,261,0.265226,0.482422,0.058594,2
calibration-1985,calibration,open_qa,512,512,107,196,0.483301,0.488281,0.044922,2
calibration-1986,calibration,open_qa,512,512,116,173,0.595285,0.630859,0.078125,2
calibration-1987,calibration,open_qa,512,512,171,331,0.127701,0.492188,0.046875,2
calibration-1988,calibration,brainstorming,512,512,42,93,0.687623,0.724609,0.082031,2
calibration-1989,calibration,summarization,512,512,190,330,0.1611,0.474609,0.058594,2
calibration-1990,calibration,open_qa,512,512,168,338,0.11002,0.496094,0.035156,2
calibration-1991,calibration,classification,512,512,111,205,0.404715,0.664062,0.066406,2
calibration-1992,calibration,summarization,512,512,144,249,0.375246,0.572266,0.076172,2
calibration-1993,calibration,classification,512,512,110,196,0.46169,0.636719,0.078125,2
calibration-1994,calibration,information_extraction,512,512,102,166,0.611002,0.605469,0.046875,2
calibration-1995,calibration,closed_qa,512,512,206,390,0.043222,0.488281,0.019531,2
calibration-1996,calibration,brainstorming,512,512,186,346,0.119843,0.511719,0.048828,2
calibration-1997,calibration,general_qa,512,512,204,391,0.090373,0.46875,0.042969,2
calibration-1998,calibration,creative_writing,512,512,214,385,0.056974,0.484375,0.023438,2
calibration-1999,calibration,summarization,512,512,134,290,0.155206,0.527344,0.025391,3
calibration-2000,calibration,brainstorming,512,512,242,418,0.02947,0.396484,0.042969,2
calibration-2001,calibration,brainstorming,512,512,211,413,0.023576,0.466797,0.044922,2
calibration-2002,calibration,general_qa,512,512,221,425,0.02947,0.404297,0.03125,2
calibration-2003,calibration,open_qa,512,512,129,277,0.227898,0.550781,0.023438,2
calibration-2004,calibration,classification,512,512,87,165,0.477407,0.677734,0.119141,2
calibration-2005,calibration,open_qa,512,512,117,278,0.178782,0.632812,0.041016,2
calibration-2006,calibration,closed_qa,512,512,160,315,0.159136,0.537109,0.03125,2
calibration-2007,calibration,creative_writing,512,512,240,393,0.053045,0.449219,0.039062,2
calibration-2008,calibration,closed_qa,512,512,126,246,0.312377,0.601562,0.056641,2
calibration-2009,calibration,brainstorming,512,512,124,229,0.365422,0.517578,0.060547,3
calibration-2010,calibration,information_extraction,512,512,159,315,0.147348,0.537109,0.042969,2
calibration-2011,calibration,information_extraction,512,512,158,342,0.062868,0.527344,0.007812,2
calibration-2012,calibration,information_extraction,512,512,78,128,0.687623,0.748047,0.074219,2
calibration-2013,calibration,general_qa,512,512,178,324,0.170923,0.496094,0.042969,2
calibration-2014,calibration,open_qa,512,512,132,280,0.223969,0.546875,0.023438,2
calibration-2015,calibration,information_extraction,512,512,185,317,0.223969,0.388672,0.042969,2
calibration-2016,calibration,general_qa,512,512,178,334,0.147348,0.525391,0.054688,2
calibration-2017,calibration,brainstorming,512,512,173,325,0.188605,0.496094,0.0625,2
calibration-2018,calibration,classification,512,512,14,95,0.357564,1.0,0.0,3
calibration-2019,calibration,general_qa,512,512,61,145,0.53831,0.75,0.015625,2
calibration-2020,calibration,general_qa,512,512,208,410,0.047151,0.447266,0.060547,2
calibration-2021,calibration,closed_qa,512,512,181,353,0.104126,0.529297,0.03125,2
calibration-2022,calibration,open_qa,512,512,133,251,0.341847,0.558594,0.09375,2
calibration-2023,calibration,summarization,512,512,85,180,0.418468,0.6875,0.023438,3
calibration-2024,calibration,general_qa,512,512,140,246,0.43222,0.552734,0.125,2
calibration-2025,calibration,closed_qa,512,512,212,393,0.070727,0.439453,0.017578,2
calibration-2026,calibration,open_qa,512,512,164,290,0.235756,0.523438,0.109375,2
calibration-2027,calibration,information_extraction,512,512,74,132,0.644401,0.84375,0.041016,2
calibration-2028,calibration,open_qa,512,512,190,357,0.127701,0.429688,0.050781,2
calibration-2029,calibration,closed_qa,512,512,169,316,0.204322,0.507812,0.048828,2
calibration-2030,calibration,open_qa,512,512,144,259,0.398821,0.488281,0.029297,2
calibration-2031,calibration,summarization,512,512,159,327,0.094303,0.580078,0.035156,2
calibration-2032,calibration,general_qa,512,512,162,322,0.137525,0.455078,0.080078,2
calibration-2033,calibration,classification,512,512,214,395,0.090373,0.373047,0.021484,2
calibration-2034,calibration,closed_qa,512,512,112,224,0.388998,0.6875,0.083984,2
calibration-2035,calibration,information_extraction,512,512,136,229,0.442043,0.511719,0.029297,2
calibration-2036,calibration,brainstorming,512,512,186,350,0.121807,0.464844,0.058594,3
calibration-2037,calibration,information_extraction,512,512,96,157,0.628684,0.509766,0.041016,2
calibration-2038,calibration,closed_qa,512,512,164,318,0.123772,0.5,0.041016,2
calibration-2039,calibration,open_qa,512,512,83,157,0.548134,0.638672,0.111328,2
calibration-2040,calibration,summarization,512,512,187,351,0.147348,0.478516,0.039062,2
calibration-2041,calibration,classification,512,512,108,183,0.540275,0.601562,0.019531,2
calibration-2042,calibration,closed_qa,512,512,180,293,0.333988,0.400391,0.03125,2
calibration-2043,calibration,general_qa,512,512,134,219,0.451866,0.517578,0.078125,2
calibration-2044,calibration,brainstorming,512,512,205,378,0.072692,0.455078,0.042969,2
calibration-2045,calibration,summarization,512,512,148,295,0.202358,0.539062,0.044922,2
calibration-2046,calibration,general_qa,512,512,146,295,0.249509,0.470703,0.054688,2
calibration-2047,calibration,brainstorming,512,512,33,75,0.740668,0.955078,0.09375,2
calibration-2048,calibration,classification,512,512,191,394,0.05501,0.46875,0.033203,2
calibration-2049,calibration,open_qa,512,512,105,177,0.504912,0.625,0.136719,2
calibration-2050,calibration,classification,512,512,178,311,0.251473,0.5625,0.105469,2
calibration-2051,calibration,information_extraction,512,512,167,332,0.131631,0.498047,0.033203,2
calibration-2052,calibration,closed_qa,512,512,100,153,0.585462,0.541016,0.076172,2
calibration-2053,calibration,open_qa,512,512,64,137,0.516699,0.748047,0.130859,3
calibration-2054,calibration,classification,512,512,90,175,0.445972,0.699219,0.025391,2
calibration-2055,calibration,open_qa,512,512,165,330,0.127701,0.539062,0.023438,2
calibration-2056,calibration,brainstorming,512,512,152,297,0.188605,0.517578,0.099609,2
calibration-2057,calibration,open_qa,512,512,201,381,0.068762,0.482422,0.070312,2
calibration-2058,calibration,summarization,512,512,200,394,0.058939,0.451172,0.023438,2
calibration-2059,calibration,information_extraction,512,512,107,178,0.548134,0.542969,0.052734,2
calibration-2060,calibration,classification,512,512,32,59,0.795678,0.976562,0.103516,1
calibration-2061,calibration,brainstorming,512,512,158,297,0.277014,0.447266,0.056641,2
calibration-2062,calibration,general_qa,512,512,145,279,0.214145,0.544922,0.083984,2
calibration-2063,calibration,open_qa,512,512,207,392,0.062868,0.462891,0.042969,2
calibration-2064,calibration,summarization,512,512,158,267,0.32613,0.529297,0.064453,2
calibration-2065,calibration,brainstorming,512,512,113,236,0.361493,0.650391,0.015625,2
calibration-2066,calibration,open_qa,512,512,159,308,0.198428,0.558594,0.039062,2
calibration-2067,calibration,brainstorming,512,512,197,371,0.088409,0.486328,0.050781,2
calibration-2068,calibration,creative_writing,512,512,196,369,0.058939,0.498047,0.0625,2
calibration-2069,calibration,open_qa,512,512,40,64,0.86444,0.960938,0.234375,2
calibration-2070,calibration,open_qa,512,512,153,293,0.265226,0.544922,0.068359,2
calibration-2071,calibration,open_qa,512,512,208,388,0.043222,0.470703,0.044922,2
calibration-2072,calibration,classification,512,512,129,194,0.579568,0.484375,0.125,2
calibration-2073,calibration,information_extraction,512,512,150,311,0.198428,0.541016,0.089844,2
calibration-2074,calibration,open_qa,512,512,187,371,0.086444,0.509766,0.042969,2
calibration-2075,calibration,general_qa,512,512,166,335,0.100196,0.537109,0.072266,2
calibration-2076,calibration,brainstorming,512,512,247,411,0.058939,0.402344,0.050781,2
calibration-2077,calibration,creative_writing,512,512,229,415,0.045187,0.429688,0.078125,2
calibration-2078,calibration,general_qa,512,512,149,291,0.229862,0.53125,0.039062,2
calibration-2079,calibration,general_qa,512,512,193,389,0.047151,0.453125,0.048828,2
calibration-2080,calibration,information_extraction,512,512,202,359,0.086444,0.457031,0.03125,2
calibration-2081,calibration,open_qa,512,512,140,268,0.225933,0.550781,0.070312,2
calibration-2082,calibration,information_extraction,512,512,69,118,0.660118,0.654297,0.09375,2
calibration-2083,calibration,information_extraction,512,512,169,335,0.11002,0.492188,0.037109,2
calibration-2084,calibration,classification,512,512,169,325,0.188605,0.492188,0.048828,2
calibration-2085,calibration,closed_qa,512,512,84,153,0.616896,0.585938,0.007812,2
calibration-2086,calibration,summarization,512,512,219,380,0.074656,0.482422,0.046875,2
calibration-2087,calibration,open_qa,512,512,203,363,0.104126,0.453125,0.054688,2
calibration-2088,calibration,general_qa,512,512,155,338,0.102161,0.544922,0.039062,2
calibration-2089,calibration,brainstorming,512,512,120,219,0.489194,0.626953,0.074219,1
calibration-2090,calibration,open_qa,512,512,27,44,0.872299,0.986328,0.011719,2
calibration-2091,calibration,open_qa,512,512,131,219,0.37721,0.613281,0.066406,2
calibration-2092,calibration,creative_writing,512,512,165,318,0.214145,0.476562,0.056641,2
calibration-2093,calibration,open_qa,512,512,96,167,0.516699,0.621094,0.023438,2
calibration-2094,calibration,classification,512,512,176,337,0.119843,0.501953,0.060547,2
calibration-2095,calibration,information_extraction,512,512,115,211,0.383104,0.591797,0.091797,2
calibration-2096,calibration,open_qa,512,512,206,362,0.127701,0.433594,0.027344,2
calibration-2097,calibration,open_qa,512,512,107,229,0.328094,0.566406,0.070312,2
calibration-2098,calibration,open_qa,512,512,210,373,0.125737,0.429688,0.039062,2
calibration-2099,calibration,open_qa,512,512,147,278,0.302554,0.535156,0.078125,2
calibration-2100,calibration,general_qa,512,512,182,345,0.165029,0.517578,0.046875,2
calibration-2101,calibration,classification,512,512,68,95,0.787819,0.880859,0.091797,2
calibration-2102,calibration,summarization,512,512,109,216,0.359528,0.724609,0.046875,3
calibration-2103,calibration,brainstorming,512,512,218,364,0.088409,0.453125,0.019531,2
calibration-2104,calibration,brainstorming,512,512,189,348,0.10609,0.533203,0.03125,2
calibration-2105,calibration,general_qa,512,512,165,299,0.27112,0.576172,0.089844,2
calibration-2106,calibration,information_extraction,512,512,156,259,0.37721,0.458984,0.0625,2
calibration-2107,calibration,information_extraction,512,512,183,338,0.125737,0.466797,0.054688,2
calibration-2108,calibration,open_qa,512,512,157,311,0.172888,0.488281,0.019531,2
calibration-2109,calibration,brainstorming,512,512,138,235,0.430255,0.595703,0.25,2
calibration-2110,calibration,classification,512,512,31,51,0.860511,0.978516,0.109375,2
calibration-2111,calibration,open_qa,512,512,188,353,0.137525,0.458984,0.070312,2
calibration-2112,calibration,summarization,512,512,96,159,0.62279,0.771484,0.142578,2
calibration-2113,calibration,open_qa,512,512,189,357,0.119843,0.462891,0.044922,2
calibration-2114,calibration,open_qa,512,512,126,260,0.265226,0.566406,0.039062,2
calibration-2115,calibration,closed_qa,512,512,147,284,0.273084,0.484375,0.0625,2
calibration-2116,calibration,creative_writing,512,512,144,283,0.280943,0.480469,0.066406,2
calibration-2117,calibration,information_extraction,512,512,144,264,0.310413,0.488281,0.042969,2
calibration-2118,calibration,classification,512,512,184,374,0.060904,0.484375,0.023438,2
calibration-2119,calibration,general_qa,512,512,203,355,0.182711,0.412109,0.048828,2
calibration-2120,calibration,summarization,512,512,112,223,0.381139,0.619141,0.066406,2
calibration-2121,calibration,open_qa,512,512,51,96,0.774067,0.933594,0.015625,364
calibration-2122,calibration,open_qa,512,512,186,355,0.166994,0.482422,0.070312,2
calibration-2123,calibration,summarization,512,512,59,83,0.811395,0.726562,0.070312,2
calibration-2124,calibration,information_extraction,512,512,141,269,0.284872,0.494141,0.039062,2
calibration-2125,calibration,open_qa,512,512,128,236,0.371316,0.599609,0.169922,2
calibration-2126,calibration,closed_qa,512,512,71,111,0.738703,0.583984,0.072266,2
calibration-2127,calibration,brainstorming,512,512,139,303,0.225933,0.490234,0.017578,1
calibration-2128,calibration,information_extraction,512,512,83,164,0.477407,0.779297,0.042969,3
calibration-2129,calibration,closed_qa,512,512,127,243,0.332024,0.550781,0.050781,2
calibration-2130,calibration,open_qa,512,512,209,378,0.10609,0.427734,0.083984,2
calibration-2131,calibration,information_extraction,512,512,72,114,0.693517,0.679688,0.060547,2
calibration-2132,calibration,open_qa,512,512,148,322,0.113949,0.560547,0.009766,1
calibration-2133,calibration,information_extraction,512,512,86,129,0.715128,0.8125,0.097656,2
calibration-2134,calibration,brainstorming,512,512,76,126,0.605108,0.773438,0.083984,2
calibration-2135,calibration,general_qa,512,512,178,348,0.108055,0.494141,0.066406,2
calibration-2136,calibration,open_qa,512,512,170,338,0.108055,0.511719,0.023438,2
calibration-2137,calibration,closed_qa,512,512,150,293,0.218075,0.537109,0.041016,3
calibration-2138,calibration,open_qa,512,512,179,361,0.098232,0.501953,0.015625,1
calibration-2139,calibration,summarization,512,512,92,172,0.520629,0.640625,0.042969,3
calibration-2140,calibration,closed_qa,512,512,141,282,0.188605,0.568359,0.083984,3
calibration-2141,calibration,classification,512,512,14,46,0.797642,1.0,0.0,3
calibration-2142,calibration,open_qa,512,512,178,335,0.147348,0.503906,0.035156,2
calibration-2143,calibration,open_qa,512,512,237,415,0.047151,0.439453,0.039062,2
calibration-2144,calibration,creative_writing,512,512,170,285,0.349705,0.607422,0.027344,165
calibration-2145,calibration,classification,512,512,191,348,0.163065,0.482422,0.060547,2
calibration-2146,calibration,brainstorming,512,512,109,182,0.561886,0.666016,0.0625,2
calibration-2147,calibration,open_qa,512,512,191,330,0.218075,0.414062,0.097656,2
calibration-2148,calibration,general_qa,512,512,31,57,0.834971,0.875,0.326172,1
calibration-2149,calibration,open_qa,512,512,132,259,0.304519,0.556641,0.046875,2
calibration-2150,calibration,open_qa,512,512,98,181,0.465619,0.621094,0.087891,2
calibration-2151,calibration,information_extraction,512,512,186,361,0.045187,0.525391,0.039062,3
calibration-2152,calibration,classification,512,512,124,192,0.485265,0.605469,0.125,2
calibration-2153,calibration,brainstorming,512,512,213,406,0.033399,0.460938,0.052734,2
calibration-2154,calibration,closed_qa,512,512,94,175,0.532417,0.769531,0.085938,2
calibration-2155,calibration,general_qa,512,512,215,408,0.045187,0.431641,0.050781,2
calibration-2156,calibration,general_qa,512,512,119,178,0.585462,0.644531,0.080078,2
calibration-2157,calibration,creative_writing,512,512,180,322,0.113949,0.535156,0.027344,2
calibration-2158,calibration,closed_qa,512,512,124,212,0.46169,0.539062,0.060547,2
calibration-2159,calibration,open_qa,512,512,124,241,0.312377,0.570312,0.027344,2
calibration-2160,calibration,summarization,512,512,116,294,0.131631,0.564453,0.011719,2
calibration-2161,calibration,brainstorming,512,512,153,285,0.269155,0.490234,0.037109,2
calibration-2162,calibration,summarization,512,512,156,312,0.222004,0.472656,0.044922,2
calibration-2163,calibration,closed_qa,512,512,55,135,0.607073,0.810547,0.039062,3
calibration-2164,calibration,brainstorming,512,512,128,250,0.359528,0.507812,0.044922,2
calibration-2165,calibration,general_qa,512,512,182,351,0.113949,0.505859,0.041016,2
calibration-2166,calibration,open_qa,512,512,127,225,0.404715,0.525391,0.117188,2
calibration-2167,calibration,information_extraction,512,512,95,171,0.510806,0.630859,0.03125,2
calibration-2168,calibration,general_qa,512,512,159,345,0.113949,0.488281,0.015625,3
calibration-2169,calibration,summarization,512,512,139,230,0.361493,0.546875,0.080078,2
calibration-2170,calibration,closed_qa,512,512,120,236,0.306483,0.585938,0.064453,2
calibration-2171,calibration,open_qa,512,512,187,360,0.05501,0.5,0.033203,2
calibration-2172,calibration,closed_qa,512,512,118,220,0.357564,0.664062,0.072266,2
calibration-2173,calibration,open_qa,512,512,159,306,0.184676,0.5625,0.050781,2
calibration-2174,calibration,creative_writing,512,512,189,352,0.096267,0.482422,0.070312,2
calibration-2175,calibration,closed_qa,512,512,125,255,0.298625,0.556641,0.050781,2
calibration-2176,calibration,information_extraction,512,512,128,242,0.371316,0.501953,0.054688,2
calibration-2177,calibration,closed_qa,512,512,149,321,0.100196,0.544922,0.041016,2
calibration-2178,calibration,closed_qa,512,512,225,377,0.13556,0.414062,0.044922,2
calibration-2179,calibration,classification,512,512,83,134,0.687623,0.6875,0.076172,2
calibration-2180,calibration,closed_qa,512,512,115,210,0.373281,0.609375,0.03125,2
calibration-2181,calibration,information_extraction,512,512,112,192,0.530452,0.722656,0.056641,3
calibration-2182,calibration,summarization,512,512,116,173,0.616896,0.779297,0.191406,2
calibration-2183,calibration,open_qa,512,512,78,152,0.500982,0.800781,0.183594,2
calibration-2184,calibration,brainstorming,512,512,86,146,0.56778,0.802734,0.240234,2
calibration-2185,calibration,summarization,512,512,158,263,0.243615,0.576172,0.103516,2
calibration-2186,calibration,closed_qa,512,512,104,204,0.440079,0.662109,0.050781,3
calibration-2187,calibration,creative_writing,512,512,178,324,0.198428,0.503906,0.039062,2
calibration-2188,calibration,closed_qa,512,512,189,382,0.064833,0.431641,0.013672,2
calibration-2189,calibration,information_extraction,512,512,99,170,0.504912,0.558594,0.060547,2
calibration-2190,calibration,open_qa,512,512,185,338,0.218075,0.451172,0.085938,2
calibration-2191,calibration,classification,512,512,207,408,0.031434,0.433594,0.011719,2
calibration-2192,calibration,classification,512,512,185,351,0.119843,0.455078,0.035156,2
calibration-2193,calibration,open_qa,512,512,203,395,0.070727,0.419922,0.037109,2
calibration-2194,calibration,information_extraction,512,512,193,377,0.047151,0.466797,0.042969,2
calibration-2195,calibration,brainstorming,512,512,153,316,0.176817,0.505859,0.029297,3
calibration-2196,calibration,classification,512,512,224,398,0.082515,0.425781,0.066406,2
calibration-2197,calibration,summarization,512,512,211,374,0.11002,0.429688,0.029297,3
calibration-2198,calibration,open_qa,512,512,193,365,0.066798,0.460938,0.066406,2
calibration-2199,calibration,information_extraction,512,512,127,243,0.304519,0.632812,0.027344,3
calibration-2200,calibration,general_qa,512,512,133,254,0.282908,0.623047,0.111328,2
calibration-2201,calibration,closed_qa,512,512,82,145,0.575639,0.789062,0.095703,2
calibration-2202,calibration,creative_writing,512,512,184,368,0.100196,0.490234,0.080078,2
calibration-2203,calibration,general_qa,512,512,194,383,0.02947,0.470703,0.029297,2
calibration-2204,calibration,classification,512,512,173,322,0.115914,0.496094,0.033203,2
calibration-2205,calibration,general_qa,512,512,46,91,0.699411,0.890625,0.082031,2
calibration-2206,calibration,general_qa,512,512,170,290,0.263261,0.484375,0.123047,2
calibration-2207,calibration,general_qa,512,512,192,365,0.100196,0.455078,0.085938,2
calibration-2208,calibration,brainstorming,512,512,99,201,0.447937,0.726562,0.292969,2
calibration-2209,calibration,information_extraction,512,512,116,260,0.227898,0.667969,0.09375,3
calibration-2210,calibration,closed_qa,512,512,165,311,0.170923,0.523438,0.041016,2
calibration-2211,calibration,classification,512,512,216,414,0.015717,0.474609,0.035156,2
calibration-2212,calibration,general_qa,512,512,171,337,0.086444,0.542969,0.023438,2
calibration-2213,calibration,closed_qa,512,512,170,295,0.278978,0.435547,0.042969,2
calibration-2214,calibration,information_extraction,512,512,125,201,0.477407,0.566406,0.072266,2
calibration-2215,calibration,open_qa,512,512,61,108,0.626719,0.787109,0.076172,1
calibration-2216,calibration,general_qa,512,512,158,309,0.233792,0.472656,0.068359,2
calibration-2217,calibration,general_qa,512,512,179,379,0.051081,0.515625,0.013672,1
calibration-2218,calibration,open_qa,512,512,156,351,0.041257,0.544922,0.03125,2
calibration-2219,calibration,open_qa,512,512,234,431,0.049116,0.400391,0.041016,2
calibration-2220,calibration,classification,512,512,90,145,0.371316,0.796875,0.240234,2
calibration-2221,calibration,classification,512,512,59,125,0.595285,0.855469,0.136719,2
calibration-2222,calibration,open_qa,512,512,169,306,0.21611,0.486328,0.042969,2
calibration-2223,calibration,information_extraction,512,512,106,174,0.532417,0.748047,0.115234,3
calibration-2224,calibration,classification,512,512,35,68,0.752456,0.970703,0.0,1
calibration-2225,calibration,classification,512,512,202,343,0.204322,0.40625,0.046875,2
calibration-2226,calibration,open_qa,512,512,117,190,0.561886,0.777344,0.035156,274
calibration-2227,calibration,open_qa,512,512,154,270,0.32613,0.503906,0.066406,2
calibration-2228,calibration,open_qa,512,512,30,40,0.913556,0.785156,0.066406,1
calibration-2229,calibration,open_qa,512,512,167,286,0.284872,0.457031,0.046875,2
calibration-2230,calibration,summarization,512,512,137,264,0.284872,0.671875,0.083984,3
calibration-2231,calibration,brainstorming,512,512,199,378,0.100196,0.414062,0.050781,3
calibration-2232,calibration,closed_qa,512,512,102,183,0.495088,0.621094,0.070312,2
calibration-2233,calibration,open_qa,512,512,182,377,0.049116,0.457031,0.058594,2
calibration-2234,calibration,brainstorming,512,512,162,316,0.184676,0.486328,0.046875,2
calibration-2235,calibration,creative_writing,512,512,236,411,0.017682,0.478516,0.035156,2
calibration-2236,calibration,brainstorming,512,512,84,178,0.473477,0.679688,0.070312,2
calibration-2237,calibration,brainstorming,512,512,224,408,0.043222,0.414062,0.035156,2
calibration-2238,calibration,open_qa,512,512,111,216,0.343811,0.722656,0.064453,2
calibration-2239,calibration,general_qa,512,512,218,416,0.02947,0.417969,0.042969,2
calibration-2240,calibration,classification,512,512,130,196,0.530452,0.714844,0.023438,2
calibration-2241,calibration,open_qa,512,512,94,147,0.618861,0.642578,0.076172,2
calibration-2242,calibration,information_extraction,512,512,147,244,0.447937,0.427734,0.037109,2
calibration-2243,calibration,information_extraction,512,512,174,308,0.257367,0.466797,0.050781,2
calibration-2244,calibration,creative_writing,512,512,223,436,0.013752,0.398438,0.037109,2
calibration-2245,calibration,closed_qa,512,512,52,87,0.724951,0.796875,0.083984,2
calibration-2246,calibration,creative_writing,512,512,172,355,0.104126,0.453125,0.03125,2
calibration-2247,calibration,open_qa,512,512,127,258,0.363458,0.525391,0.046875,2
calibration-2248,calibration,brainstorming,512,512,132,263,0.290766,0.53125,0.054688,2
calibration-2249,calibration,open_qa,512,512,199,392,0.05501,0.447266,0.037109,2
calibration-2250,calibration,general_qa,512,512,167,319,0.233792,0.5,0.054688,2
calibration-2251,calibration,classification,512,512,195,367,0.092338,0.453125,0.035156,2
calibration-2252,calibration,summarization,512,512,171,308,0.202358,0.525391,0.035156,2
calibration-2253,calibration,general_qa,512,512,165,354,0.10609,0.537109,0.03125,2
calibration-2254,calibration,classification,512,512,33,64,0.797642,0.949219,0.273438,2
calibration-2255,calibration,brainstorming,512,512,229,407,0.049116,0.416016,0.072266,2
calibration-2256,calibration,closed_qa,512,512,135,255,0.288802,0.523438,0.101562,2
calibration-2257,calibration,classification,512,512,169,330,0.188605,0.484375,0.087891,2
calibration-2258,calibration,creative_writing,512,512,207,362,0.131631,0.460938,0.058594,2
calibration-2259,calibration,classification,512,512,201,366,0.090373,0.449219,0.015625,2
calibration-2260,calibration,summarization,512,512,182,319,0.214145,0.498047,0.035156,2
calibration-2261,calibration,classification,512,512,127,240,0.339882,0.578125,0.097656,2
calibration-2262,calibration,open_qa,512,512,170,323,0.174853,0.484375,0.054688,2
calibration-2263,calibration,summarization,512,512,72,125,0.634578,0.742188,0.128906,2
calibration-2264,calibration,brainstorming,512,512,128,274,0.243615,0.537109,0.115234,2
calibration-2265,calibration,information_extraction,512,512,141,271,0.294695,0.546875,0.025391,3
calibration-2266,calibration,brainstorming,512,512,161,326,0.149312,0.484375,0.021484,3
calibration-2267,calibration,closed_qa,512,512,220,364,0.157171,0.404297,0.013672,2
calibration-2268,calibration,brainstorming,512,512,84,121,0.719057,0.607422,0.142578,2
calibration-2269,calibration,brainstorming,512,512,187,369,0.10609,0.439453,0.064453,2
calibration-2270,calibration,summarization,512,512,165,295,0.231827,0.541016,0.03125,2
calibration-2271,calibration,general_qa,512,512,53,93,0.730845,0.900391,0.121094,2
calibration-2272,calibration,brainstorming,512,512,121,227,0.332024,0.519531,0.039062,2
calibration-2273,calibration,brainstorming,512,512,181,350,0.096267,0.503906,0.048828,2
calibration-2274,calibration,open_qa,512,512,178,340,0.141454,0.443359,0.027344,2
calibration-2275,calibration,information_extraction,512,512,162,271,0.361493,0.449219,0.039062,2
calibration-2276,calibration,general_qa,512,512,167,311,0.200393,0.509766,0.074219,2
calibration-2277,calibration,closed_qa,512,512,146,313,0.149312,0.585938,0.027344,2
calibration-2278,calibration,information_extraction,512,512,181,310,0.273084,0.417969,0.035156,2
calibration-2279,calibration,closed_qa,512,512,217,380,0.08055,0.472656,0.064453,2
calibration-2280,calibration,summarization,512,512,114,236,0.188605,0.664062,0.119141,2
calibration-2281,calibration,closed_qa,512,512,128,246,0.355599,0.550781,0.023438,3
calibration-2282,calibration,summarization,512,512,206,359,0.151277,0.423828,0.037109,2
calibration-2283,calibration,closed_qa,512,512,91,158,0.612967,0.808594,0.419922,2
calibration-2284,calibration,classification,512,512,104,190,0.444008,0.650391,0.085938,2
calibration-2285,calibration,summarization,512,512,144,253,0.335953,0.496094,0.070312,2
calibration-2286,calibration,open_qa,512,512,219,370,0.157171,0.410156,0.039062,2
calibration-2287,calibration,open_qa,512,512,179,336,0.165029,0.427734,0.070312,2
calibration-2288,calibration,brainstorming,512,512,52,82,0.738703,0.904297,0.068359,2
calibration-2289,calibration,creative_writing,512,512,214,403,0.02554,0.474609,0.041016,2
calibration-2290,calibration,general_qa,512,512,205,398,0.051081,0.439453,0.039062,2
calibration-2291,calibration,closed_qa,512,512,188,350,0.137525,0.455078,0.025391,3
calibration-2292,calibration,classification,512,512,182,363,0.053045,0.542969,0.023438,2
calibration-2293,calibration,information_extraction,512,512,202,374,0.088409,0.494141,0.048828,3
calibration-2294,calibration,open_qa,512,512,157,321,0.163065,0.544922,0.033203,2
calibration-2295,calibration,open_qa,512,512,123,229,0.337917,0.726562,0.0,1
calibration-2296,calibration,information_extraction,512,512,132,243,0.37721,0.580078,0.072266,2
calibration-2297,calibration,general_qa,512,512,166,332,0.137525,0.5,0.019531,2
calibration-2298,calibration,classification,512,512,147,274,0.298625,0.556641,0.023438,2
calibration-2299,calibration,open_qa,512,512,183,352,0.108055,0.474609,0.060547,2
calibration-2300,calibration,open_qa,512,512,160,315,0.153242,0.503906,0.027344,2
calibration-2301,calibration,classification,512,512,195,388,0.047151,0.488281,0.056641,2
calibration-2302,calibration,summarization,512,512,127,225,0.394892,0.53125,0.066406,2
calibration-2303,calibration,general_qa,512,512,172,301,0.198428,0.513672,0.121094,2
calibration-2304,calibration,open_qa,512,512,235,429,0.035363,0.417969,0.054688,2
calibration-2305,calibration,general_qa,512,512,215,433,0.011788,0.441406,0.03125,2
calibration-2306,calibration,classification,512,512,35,62,0.777996,0.966797,0.0,1
calibration-2307,calibration,open_qa,512,512,160,312,0.147348,0.585938,0.03125,2
calibration-2308,calibration,general_qa,512,512,45,95,0.656189,0.910156,0.052734,2
calibration-2309,calibration,open_qa,512,512,59,104,0.713163,0.839844,0.046875,2
calibration-2310,calibration,general_qa,512,512,175,334,0.196464,0.546875,0.089844,2
calibration-2311,calibration,classification,512,512,73,120,0.717092,0.857422,0.205078,2
calibration-2312,calibration,open_qa,512,512,213,396,0.053045,0.435547,0.066406,2
calibration-2313,calibration,classification,512,512,132,206,0.497053,0.458984,0.083984,2
calibration-2314,calibration,summarization,512,512,110,207,0.442043,0.550781,0.074219,2
calibration-2315,calibration,closed_qa,512,512,162,324,0.157171,0.482422,0.019531,2
calibration-2316,calibration,creative_writing,512,512,218,373,0.139489,0.404297,0.048828,2
calibration-2317,calibration,summarization,512,512,12,13,0.97446,1.0,0.15625,2
calibration-2318,calibration,classification,512,512,92,201,0.35167,0.736328,0.037109,2
calibration-2319,calibration,classification,512,512,175,374,0.023576,0.509766,0.115234,2
calibration-2320,calibration,general_qa,512,512,104,162,0.585462,0.539062,0.066406,2
calibration-2321,calibration,general_qa,512,512,182,349,0.111984,0.523438,0.029297,5
calibration-2322,calibration,classification,512,512,116,173,0.636542,0.794922,0.007812,2
calibration-2323,calibration,classification,512,512,204,397,0.062868,0.429688,0.046875,2
calibration-2324,calibration,open_qa,512,512,107,237,0.24558,0.650391,0.050781,2
calibration-2325,calibration,general_qa,512,512,77,128,0.630648,0.619141,0.048828,2
calibration-2326,calibration,information_extraction,512,512,209,389,0.060904,0.4375,0.044922,2
calibration-2327,calibration,brainstorming,512,512,150,288,0.249509,0.537109,0.109375,4
calibration-2328,calibration,closed_qa,512,512,52,80,0.764244,0.925781,0.175781,2
calibration-2329,calibration,summarization,512,512,127,240,0.275049,0.644531,0.037109,2
calibration-2330,calibration,open_qa,512,512,227,399,0.086444,0.421875,0.064453,2
calibration-2331,calibration,summarization,512,512,173,335,0.129666,0.496094,0.029297,2
calibration-2332,calibration,summarization,512,512,92,186,0.465619,0.6875,0.013672,3
calibration-2333,calibration,closed_qa,512,512,227,420,0.02947,0.404297,0.033203,2
calibration-2334,calibration,open_qa,512,512,178,348,0.094303,0.462891,0.054688,2
calibration-2335,calibration,creative_writing,512,512,211,397,0.058939,0.435547,0.060547,2
calibration-2336,calibration,summarization,512,512,195,356,0.115914,0.417969,0.027344,3
calibration-2337,calibration,closed_qa,512,512,84,164,0.485265,0.712891,0.054688,2
calibration-2338,calibration,classification,512,512,35,60,0.793713,0.970703,0.023438,2
calibration-2339,calibration,open_qa,512,512,205,401,0.039293,0.419922,0.035156,2
calibration-2340,calibration,general_qa,512,512,181,345,0.08055,0.544922,0.039062,2
calibration-2341,calibration,summarization,512,512,137,223,0.491159,0.496094,0.019531,3
calibration-2342,calibration,classification,512,512,32,61,0.656189,0.976562,0.0,1
calibration-2343,calibration,classification,512,512,166,341,0.098232,0.494141,0.052734,2
calibration-2344,calibration,general_qa,512,512,217,373,0.145383,0.384766,0.046875,2
calibration-2345,calibration,summarization,512,512,102,148,0.654224,0.476562,0.09375,2
calibration-2346,calibration,open_qa,512,512,100,182,0.497053,0.679688,0.03125,1
calibration-2347,calibration,closed_qa,512,512,119,234,0.369352,0.583984,0.052734,2
calibration-2348,calibration,creative_writing,512,512,179,340,0.159136,0.435547,0.050781,2
calibration-2349,calibration,information_extraction,512,512,192,366,0.11002,0.474609,0.025391,2
calibration-2350,calibration,brainstorming,512,512,115,196,0.491159,0.507812,0.037109,2
calibration-2351,calibration,information_extraction,512,512,131,228,0.424361,0.533203,0.056641,2
calibration-2352,calibration,open_qa,512,512,210,403,0.027505,0.462891,0.044922,2
calibration-2353,calibration,open_qa,512,512,114,220,0.347741,0.65625,0.128906,2
calibration-2354,calibration,information_extraction,512,512,83,176,0.481336,0.773438,0.105469,2
calibration-2355,calibration,brainstorming,512,512,3,4,0.988212,1.0,0.333984,1
calibration-2356,calibration,closed_qa,512,512,134,266,0.294695,0.570312,0.021484,3
calibration-2357,calibration,general_qa,512,512,155,283,0.300589,0.511719,0.042969,2
calibration-2358,calibration,open_qa,512,512,208,393,0.051081,0.431641,0.03125,2
calibration-2359,calibration,general_qa,512,512,202,378,0.08055,0.425781,0.054688,2
calibration-2360,calibration,general_qa,512,512,227,423,0.019646,0.441406,0.023438,2
calibration-2361,calibration,summarization,512,512,197,311,0.312377,0.419922,0.052734,2
calibration-2362,calibration,open_qa,512,512,183,293,0.335953,0.384766,0.050781,2
calibration-2363,calibration,classification,512,512,204,381,0.074656,0.46875,0.039062,2
calibration-2364,calibration,open_qa,512,512,101,181,0.534381,0.621094,0.113281,2
calibration-2365,calibration,summarization,512,512,191,357,0.104126,0.492188,0.048828,2
calibration-2366,calibration,information_extraction,512,512,98,210,0.396857,0.615234,0.03125,2
calibration-2367,calibration,classification,512,512,112,228,0.333988,0.591797,0.117188,2
calibration-2368,calibration,brainstorming,512,512,93,153,0.59332,0.732422,0.125,2
calibration-2369,calibration,summarization,512,512,122,251,0.290766,0.619141,0.054688,3
calibration-2370,calibration,open_qa,512,512,196,372,0.100196,0.458984,0.070312,2
calibration-2371,calibration,open_qa,512,512,141,279,0.243615,0.539062,0.054688,2
calibration-2372,calibration,brainstorming,512,512,135,279,0.208251,0.558594,0.027344,2
calibration-2373,calibration,open_qa,512,512,119,213,0.40668,0.517578,0.068359,2
calibration-2374,calibration,summarization,512,512,129,271,0.21611,0.615234,0.035156,2
calibration-2375,calibration,closed_qa,512,512,155,251,0.40275,0.400391,0.033203,2
calibration-2376,calibration,brainstorming,512,512,205,394,0.031434,0.488281,0.042969,2
calibration-2377,calibration,brainstorming,512,512,157,305,0.214145,0.53125,0.091797,2
calibration-2378,calibration,general_qa,512,512,185,355,0.121807,0.488281,0.03125,2
calibration-2379,calibration,general_qa,512,512,197,390,0.045187,0.494141,0.054688,2
calibration-2380,calibration,classification,512,512,145,293,0.165029,0.580078,0.021484,2
calibration-2381,calibration,creative_writing,512,512,235,430,0.019646,0.457031,0.042969,2
calibration-2382,calibration,open_qa,512,512,77,165,0.422397,0.654297,0.011719,3
calibration-2383,calibration,open_qa,512,512,173,328,0.151277,0.478516,0.023438,2
calibration-2384,calibration,closed_qa,512,512,176,319,0.165029,0.433594,0.042969,2
calibration-2385,calibration,summarization,512,512,133,276,0.231827,0.541016,0.041016,2
calibration-2386,calibration,open_qa,512,512,170,319,0.151277,0.494141,0.027344,3
calibration-2387,calibration,classification,512,512,190,373,0.062868,0.466797,0.033203,2
calibration-2388,calibration,open_qa,512,512,180,342,0.145383,0.486328,0.044922,2
calibration-2389,calibration,closed_qa,512,512,119,203,0.479371,0.564453,0.046875,3
calibration-2390,calibration,open_qa,512,512,142,299,0.166994,0.548828,0.050781,2
calibration-2391,calibration,closed_qa,512,512,138,207,0.497053,0.494141,0.041016,2
calibration-2392,calibration,information_extraction,512,512,115,206,0.37721,0.642578,0.068359,2
calibration-2393,calibration,open_qa,512,512,212,394,0.053045,0.427734,0.058594,2
calibration-2394,calibration,information_extraction,512,512,174,311,0.24558,0.435547,0.027344,2
calibration-2395,calibration,general_qa,512,512,178,353,0.096267,0.523438,0.03125,2
calibration-2396,calibration,information_extraction,512,512,153,258,0.324165,0.496094,0.074219,3
calibration-2397,calibration,brainstorming,512,512,197,348,0.155206,0.460938,0.097656,2
calibration-2398,calibration,summarization,512,512,59,95,0.78389,0.90625,0.123047,2
calibration-2399,calibration,information_extraction,512,512,219,387,0.060904,0.453125,0.019531,3
calibration-2400,calibration,open_qa,512,512,219,422,0.017682,0.417969,0.039062,2
calibration-2401,calibration,brainstorming,512,512,79,159,0.514735,0.595703,0.054688,2
calibration-2402,calibration,open_qa,512,512,214,373,0.113949,0.427734,0.056641,2
calibration-2403,calibration,open_qa,512,512,111,204,0.447937,0.601562,0.109375,2
calibration-2404,calibration,closed_qa,512,512,179,328,0.165029,0.507812,0.064453,2
calibration-2405,calibration,classification,512,512,207,404,0.037328,0.460938,0.058594,2
calibration-2406,calibration,brainstorming,512,512,170,323,0.111984,0.533203,0.070312,2
calibration-2407,calibration,closed_qa,512,512,213,367,0.141454,0.416016,0.044922,2
calibration-2408,calibration,general_qa,512,512,92,236,0.218075,0.710938,0.011719,2
calibration-2409,calibration,information_extraction,512,512,178,338,0.10609,0.5,0.025391,2
calibration-2410,calibration,classification,512,512,206,368,0.153242,0.445312,0.054688,2
calibration-2411,calibration,open_qa,512,512,216,393,0.051081,0.416016,0.035156,3
calibration-2412,calibration,open_qa,512,512,169,348,0.082515,0.513672,0.03125,2
calibration-2413,calibration,creative_writing,512,512,204,381,0.072692,0.464844,0.0625,2
calibration-2414,calibration,closed_qa,512,512,92,136,0.713163,0.501953,0.023438,2
calibration-2415,calibration,general_qa,512,512,170,320,0.220039,0.474609,0.046875,2
calibration-2416,calibration,information_extraction,512,512,120,213,0.40668,0.595703,0.054688,2
calibration-2417,calibration,brainstorming,512,512,108,222,0.392927,0.576172,0.058594,2
calibration-2418,calibration,general_qa,512,512,193,347,0.131631,0.46875,0.050781,2
calibration-2419,calibration,information_extraction,512,512,53,110,0.616896,0.802734,0.033203,3
calibration-2420,calibration,classification,512,512,122,223,0.388998,0.566406,0.029297,3
calibration-2421,calibration,open_qa,512,512,198,384,0.056974,0.474609,0.027344,2
calibration-2422,calibration,brainstorming,512,512,25,30,0.937132,0.990234,0.21875,2
calibration-2423,calibration,brainstorming,512,512,200,355,0.172888,0.447266,0.056641,2
calibration-2424,calibration,information_extraction,512,512,182,296,0.29666,0.494141,0.068359,2
calibration-2425,calibration,summarization,512,512,86,120,0.736739,0.498047,0.033203,2
calibration-2426,calibration,creative_writing,512,512,121,234,0.339882,0.535156,0.019531,2
calibration-2427,calibration,information_extraction,512,512,162,298,0.243615,0.490234,0.083984,2
calibration-2428,calibration,general_qa,512,512,197,394,0.05501,0.435547,0.044922,2
calibration-2429,calibration,summarization,512,512,149,292,0.251473,0.507812,0.044922,2
calibration-2430,calibration,summarization,512,512,109,200,0.532417,0.708984,0.068359,3
calibration-2431,calibration,classification,512,512,123,217,0.388998,0.570312,0.087891,2
calibration-2432,calibration,classification,512,512,223,400,0.037328,0.464844,0.023438,2
calibration-2433,calibration,general_qa,512,512,224,399,0.064833,0.384766,0.048828,3
calibration-2434,calibration,open_qa,512,512,88,152,0.632613,0.695312,0.042969,2
calibration-2435,calibration,summarization,512,512,213,401,0.033399,0.498047,0.029297,2
calibration-2436,calibration,open_qa,512,512,149,280,0.306483,0.546875,0.035156,2
calibration-2437,calibration,open_qa,512,512,36,62,0.821218,0.958984,0.080078,3
calibration-2438,calibration,closed_qa,512,512,132,227,0.438114,0.464844,0.039062,2
calibration-2439,calibration,classification,512,512,113,243,0.267191,0.580078,0.017578,2
calibration-2440,calibration,brainstorming,512,512,83,178,0.416503,0.707031,0.048828,2
calibration-2441,calibration,general_qa,512,512,98,150,0.654224,0.777344,0.125,2
calibration-2442,calibration,summarization,512,512,231,429,0.017682,0.419922,0.044922,2
calibration-2443,calibration,summarization,512,512,210,417,0.021611,0.441406,0.013672,2
calibration-2444,calibration,open_qa,512,512,209,390,0.043222,0.462891,0.046875,2
calibration-2445,calibration,closed_qa,512,512,180,328,0.149312,0.501953,0.019531,3
calibration-2446,calibration,general_qa,512,512,213,377,0.090373,0.427734,0.042969,2
calibration-2447,calibration,open_qa,512,512,233,401,0.068762,0.441406,0.054688,2
calibration-2448,calibration,open_qa,512,512,61,87,0.781925,0.691406,0.054688,1
calibration-2449,calibration,closed_qa,512,512,134,293,0.192534,0.576172,0.070312,2
calibration-2450,calibration,closed_qa,512,512,118,217,0.398821,0.589844,0.070312,2
calibration-2451,calibration,classification,512,512,189,400,0.027505,0.474609,0.048828,2
calibration-2452,calibration,brainstorming,512,512,205,368,0.139489,0.431641,0.050781,2
calibration-2453,calibration,creative_writing,512,512,121,207,0.526523,0.757812,0.039062,253
calibration-2454,calibration,classification,512,512,130,235,0.412574,0.578125,0.035156,2
calibration-2455,calibration,open_qa,512,512,198,376,0.094303,0.451172,0.048828,2
calibration-2456,calibration,open_qa,512,512,171,288,0.328094,0.640625,0.232422,2
calibration-2457,calibration,general_qa,512,512,155,284,0.194499,0.648438,0.074219,2
calibration-2458,calibration,classification,512,512,135,267,0.182711,0.570312,0.046875,2
calibration-2459,calibration,classification,512,512,128,269,0.257367,0.587891,0.050781,2
calibration-2460,calibration,closed_qa,512,512,198,366,0.098232,0.449219,0.023438,2
calibration-2461,calibration,information_extraction,512,512,72,134,0.583497,0.765625,0.109375,2
calibration-2462,calibration,open_qa,512,512,82,123,0.669941,0.626953,0.09375,2
calibration-2463,calibration,closed_qa,512,512,150,289,0.202358,0.576172,0.03125,3
calibration-2464,calibration,closed_qa,512,512,165,318,0.141454,0.570312,0.037109,2
calibration-2465,calibration,information_extraction,512,512,159,269,0.261297,0.552734,0.126953,2
calibration-2466,calibration,closed_qa,512,512,208,347,0.157171,0.416016,0.058594,2
calibration-2467,calibration,brainstorming,512,512,143,231,0.442043,0.421875,0.085938,2
calibration-2468,calibration,information_extraction,512,512,203,371,0.062868,0.494141,0.042969,3
calibration-2469,calibration,classification,512,512,133,209,0.502947,0.486328,0.050781,2
calibration-2470,calibration,open_qa,512,512,117,235,0.369352,0.587891,0.0625,2
calibration-2471,calibration,creative_writing,512,512,164,303,0.298625,0.439453,0.089844,2
calibration-2472,calibration,general_qa,512,512,163,309,0.202358,0.507812,0.056641,2
calibration-2473,calibration,summarization,512,512,191,346,0.100196,0.496094,0.039062,2
calibration-2474,calibration,closed_qa,512,512,86,155,0.599214,0.638672,0.048828,2
calibration-2475,calibration,general_qa,512,512,224,434,0.027505,0.421875,0.0,3
calibration-2476,calibration,information_extraction,512,512,87,172,0.485265,0.628906,0.068359,2
calibration-2477,calibration,open_qa,512,512,137,254,0.288802,0.556641,0.140625,2
calibration-2478,calibration,creative_writing,512,512,182,360,0.062868,0.509766,0.035156,2
calibration-2479,calibration,open_qa,512,512,34,53,0.8389,0.972656,0.185547,2
calibration-2480,calibration,creative_writing,512,512,102,151,0.632613,0.527344,0.115234,2
calibration-2481,calibration,open_qa,512,512,193,347,0.178782,0.445312,0.064453,2
calibration-2482,calibration,summarization,512,512,141,268,0.235756,0.529297,0.033203,3
calibration-2483,calibration,open_qa,512,512,110,197,0.522593,0.611328,0.064453,2
calibration-2484,calibration,closed_qa,512,512,172,312,0.182711,0.453125,0.027344,2
calibration-2485,calibration,information_extraction,512,512,143,260,0.306483,0.494141,0.060547,2
calibration-2486,calibration,open_qa,512,512,78,137,0.614931,0.822266,0.103516,2
calibration-2487,calibration,general_qa,512,512,194,344,0.166994,0.400391,0.087891,2
calibration-2488,calibration,information_extraction,512,512,209,392,0.070727,0.388672,0.023438,2
calibration-2489,calibration,summarization,512,512,174,343,0.117878,0.464844,0.050781,2
calibration-2490,calibration,open_qa,512,512,184,366,0.068762,0.525391,0.03125,2
calibration-2491,calibration,general_qa,512,512,195,378,0.084479,0.429688,0.048828,2
calibration-2492,calibration,brainstorming,512,512,195,342,0.184676,0.458984,0.066406,2
calibration-2493,calibration,brainstorming,512,512,221,426,0.021611,0.460938,0.035156,2
calibration-2494,calibration,creative_writing,512,512,41,93,0.632613,0.861328,0.121094,2
calibration-2495,calibration,brainstorming,512,512,163,301,0.269155,0.505859,0.041016,2
calibration-2496,calibration,classification,512,512,146,231,0.469548,0.611328,0.115234,2
calibration-2497,calibration,general_qa,512,512,194,386,0.078585,0.46875,0.035156,3
calibration-2498,calibration,information_extraction,512,512,132,269,0.231827,0.546875,0.021484,2
calibration-2499,calibration,classification,512,512,96,177,0.483301,0.664062,0.046875,2
calibration-2500,calibration,general_qa,512,512,201,381,0.05501,0.480469,0.0625,2
calibration-2501,calibration,classification,512,512,143,314,0.133595,0.521484,0.056641,2
calibration-2502,calibration,open_qa,512,512,127,269,0.227898,0.548828,0.091797,2
calibration-2503,calibration,general_qa,512,512,191,366,0.111984,0.423828,0.037109,3
calibration-2504,calibration,open_qa,512,512,178,342,0.153242,0.46875,0.039062,2
calibration-2505,calibration,general_qa,512,512,29,48,0.856582,0.980469,0.207031,2
calibration-2506,calibration,open_qa,512,512,170,330,0.170923,0.533203,0.072266,2
calibration-2507,calibration,open_qa,512,512,159,250,0.43222,0.460938,0.037109,2
calibration-2508,calibration,general_qa,512,512,199,366,0.137525,0.449219,0.050781,2
calibration-2509,calibration,brainstorming,512,512,66,99,0.750491,0.603516,0.064453,2
calibration-2510,calibration,classification,512,512,115,210,0.463654,0.529297,0.019531,2
calibration-2511,calibration,brainstorming,512,512,214,409,0.037328,0.412109,0.050781,2
calibration-2512,calibration,information_extraction,512,512,184,347,0.129666,0.488281,0.019531,2
calibration-2513,calibration,brainstorming,512,512,88,178,0.46169,0.738281,0.080078,2
calibration-2514,calibration,classification,512,512,165,300,0.261297,0.498047,0.052734,2
calibration-2515,calibration,open_qa,512,512,159,290,0.218075,0.496094,0.068359,2
calibration-2516,calibration,information_extraction,512,512,177,297,0.24558,0.445312,0.023438,3
calibration-2517,calibration,information_extraction,512,512,171,337,0.131631,0.478516,0.033203,2
calibration-2518,calibration,closed_qa,512,512,93,149,0.640472,0.839844,0.177734,2
calibration-2519,calibration,brainstorming,512,512,37,50,0.88998,0.960938,0.011719,2
calibration-2520,calibration,creative_writing,512,512,191,362,0.082515,0.498047,0.037109,2
calibration-2521,calibration,open_qa,512,512,131,237,0.434185,0.527344,0.121094,2
calibration-2522,calibration,brainstorming,512,512,204,348,0.127701,0.390625,0.021484,3
calibration-2523,calibration,general_qa,512,512,187,377,0.070727,0.46875,0.064453,2
calibration-2524,calibration,information_extraction,512,512,75,137,0.573674,0.863281,0.082031,4
calibration-2525,calibration,closed_qa,512,512,158,284,0.251473,0.552734,0.0625,2
calibration-2526,calibration,open_qa,512,512,174,347,0.129666,0.457031,0.042969,2
calibration-2527,calibration,information_extraction,512,512,210,408,0.021611,0.453125,0.021484,3
calibration-2528,calibration,open_qa,512,512,80,163,0.481336,0.732422,0.039062,2
calibration-2529,calibration,summarization,512,512,225,399,0.068762,0.371094,0.027344,3
calibration-2530,calibration,closed_qa,512,512,131,228,0.396857,0.511719,0.035156,2
calibration-2531,calibration,brainstorming,512,512,23,27,0.939096,0.994141,0.640625,2
calibration-2532,calibration,brainstorming,512,512,117,216,0.497053,0.695312,0.103516,2
calibration-2533,calibration,summarization,512,512,155,303,0.196464,0.550781,0.042969,2
calibration-2534,calibration,information_extraction,512,512,127,273,0.196464,0.548828,0.056641,2
calibration-2535,calibration,open_qa,512,512,85,138,0.675835,0.611328,0.058594,2
calibration-2536,calibration,open_qa,512,512,163,296,0.251473,0.478516,0.101562,2
calibration-2537,calibration,brainstorming,512,512,166,337,0.117878,0.472656,0.046875,2
calibration-2538,calibration,general_qa,512,512,77,147,0.550098,0.751953,0.132812,2
calibration-2539,calibration,open_qa,512,512,76,109,0.756385,0.863281,0.007812,1
calibration-2540,calibration,general_qa,512,512,189,349,0.157171,0.449219,0.052734,2
calibration-2541,calibration,open_qa,512,512,75,131,0.630648,0.673828,0.044922,2
calibration-2542,calibration,open_qa,512,512,150,304,0.202358,0.498047,0.025391,2
calibration-2543,calibration,closed_qa,512,512,168,311,0.168959,0.484375,0.054688,2
calibration-2544,calibration,closed_qa,512,512,177,302,0.308448,0.501953,0.029297,2
calibration-2545,calibration,summarization,512,512,137,289,0.192534,0.576172,0.070312,2
calibration-2546,calibration,brainstorming,512,512,234,425,0.027505,0.404297,0.019531,2
calibration-2547,calibration,general_qa,512,512,200,358,0.133595,0.441406,0.044922,2
calibration-2548,calibration,closed_qa,512,512,168,326,0.147348,0.478516,0.058594,2
calibration-2549,calibration,open_qa,512,512,178,352,0.123772,0.501953,0.035156,2
calibration-2550,calibration,general_qa,512,512,202,383,0.066798,0.476562,0.023438,2
calibration-2551,calibration,brainstorming,512,512,205,375,0.092338,0.457031,0.083984,2
calibration-2552,calibration,open_qa,512,512,78,141,0.473477,0.732422,0.169922,2
calibration-2553,calibration,summarization,512,512,232,425,0.013752,0.455078,0.015625,2
calibration-2554,calibration,open_qa,512,512,95,175,0.463654,0.650391,0.060547,2
calibration-2555,calibration,classification,512,512,193,388,0.049116,0.515625,0.015625,1
calibration-2556,calibration,information_extraction,512,512,169,321,0.163065,0.460938,0.023438,2
calibration-2557,calibration,open_qa,512,512,189,357,0.074656,0.517578,0.027344,2
calibration-2558,calibration,creative_writing,512,512,213,392,0.060904,0.511719,0.041016,2
calibration-2559,calibration,creative_writing,512,512,215,377,0.10609,0.4375,0.095703,2
calibration-2560,calibration,classification,512,512,38,57,0.858546,0.964844,0.0,1
calibration-2561,calibration,information_extraction,512,512,153,244,0.385069,0.490234,0.091797,2
calibration-2562,calibration,summarization,512,512,121,194,0.520629,0.742188,0.011719,3
calibration-2563,calibration,classification,512,512,76,155,0.445972,0.710938,0.035156,2
calibration-2564,calibration,general_qa,512,512,219,409,0.047151,0.439453,0.039062,2
calibration-2565,calibration,creative_writing,512,512,220,396,0.05501,0.445312,0.042969,2
calibration-2566,calibration,classification,512,512,105,175,0.552063,0.740234,0.113281,2
calibration-2567,calibration,brainstorming,512,512,119,216,0.434185,0.576172,0.111328,2
calibration-2568,calibration,open_qa,512,512,195,380,0.056974,0.509766,0.027344,2
calibration-2569,calibration,general_qa,512,512,208,408,0.049116,0.482422,0.048828,2
calibration-2570,calibration,general_qa,512,512,168,316,0.153242,0.498047,0.070312,2
calibration-2571,calibration,open_qa,512,512,149,318,0.168959,0.537109,0.03125,2
calibration-2572,calibration,brainstorming,512,512,98,160,0.579568,0.546875,0.089844,2
calibration-2573,calibration,open_qa,512,512,157,253,0.404715,0.466797,0.09375,2
calibration-2574,calibration,classification,512,512,108,224,0.361493,0.544922,0.046875,2
calibration-2575,calibration,general_qa,512,512,171,351,0.08055,0.488281,0.027344,2
calibration-2576,calibration,creative_writing,512,512,200,383,0.074656,0.453125,0.068359,2
calibration-2577,calibration,creative_writing,512,512,139,259,0.339882,0.507812,0.089844,2
calibration-2578,calibration,summarization,512,512,195,372,0.098232,0.494141,0.019531,2
calibration-2579,calibration,information_extraction,512,512,162,312,0.19057,0.556641,0.072266,2
calibration-2580,calibration,open_qa,512,512,212,391,0.058939,0.490234,0.042969,2
calibration-2581,calibration,open_qa,512,512,222,392,0.072692,0.429688,0.039062,2
calibration-2582,calibration,closed_qa,512,512,99,165,0.581532,0.636719,0.064453,2
calibration-2583,calibration,classification,512,512,232,400,0.072692,0.40625,0.042969,2
calibration-2584,calibration,general_qa,512,512,89,196,0.467583,0.599609,0.042969,2
calibration-2585,calibration,classification,512,512,59,168,0.19057,0.826172,0.007812,2
calibration-2586,calibration,open_qa,512,512,137,216,0.491159,0.544922,0.109375,2
calibration-2587,calibration,brainstorming,512,512,138,217,0.463654,0.527344,0.111328,2
calibration-2588,calibration,open_qa,512,512,159,294,0.251473,0.505859,0.013672,2
calibration-2589,calibration,open_qa,512,512,189,337,0.172888,0.447266,0.039062,2
calibration-2590,calibration,open_qa,512,512,72,105,0.768173,0.535156,0.041016,1
calibration-2591,calibration,classification,512,512,119,196,0.502947,0.615234,0.0625,2
calibration-2592,calibration,closed_qa,512,512,152,308,0.139489,0.535156,0.042969,3
calibration-2593,calibration,information_extraction,512,512,98,177,0.449902,0.599609,0.052734,2
calibration-2594,calibration,classification,512,512,104,170,0.595285,0.494141,0.052734,2
calibration-2595,calibration,information_extraction,512,512,180,366,0.08055,0.482422,0.058594,2
calibration-2596,calibration,open_qa,512,512,63,93,0.787819,0.625,0.111328,2
calibration-2597,calibration,general_qa,512,512,165,300,0.155206,0.523438,0.066406,2
calibration-2598,calibration,general_qa,512,512,96,146,0.656189,0.789062,0.015625,2
calibration-2599,calibration,summarization,512,512,154,320,0.102161,0.554688,0.035156,2
calibration-2600,calibration,brainstorming,512,512,188,370,0.074656,0.447266,0.027344,2
calibration-2601,calibration,summarization,512,512,147,304,0.129666,0.548828,0.03125,3
calibration-2602,calibration,open_qa,512,512,76,141,0.626719,0.748047,0.130859,2
calibration-2603,calibration,brainstorming,512,512,171,322,0.168959,0.519531,0.058594,2
calibration-2604,calibration,general_qa,512,512,235,412,0.02947,0.417969,0.048828,2
calibration-2605,calibration,brainstorming,512,512,204,392,0.066798,0.474609,0.070312,2
calibration-2606,calibration,brainstorming,512,512,164,336,0.153242,0.523438,0.042969,2
calibration-2607,calibration,information_extraction,512,512,190,359,0.113949,0.455078,0.027344,2
calibration-2608,calibration,open_qa,512,512,223,408,0.019646,0.431641,0.042969,2
calibration-2609,calibration,brainstorming,512,512,197,420,0.019646,0.435547,0.023438,2
calibration-2610,calibration,open_qa,512,512,98,188,0.387033,0.751953,0.109375,2
calibration-2611,calibration,information_extraction,512,512,142,248,0.284872,0.525391,0.105469,2
calibration-2612,calibration,closed_qa,512,512,186,332,0.214145,0.400391,0.023438,2
calibration-2613,calibration,open_qa,512,512,177,346,0.098232,0.496094,0.042969,2
calibration-2614,calibration,information_extraction,512,512,79,137,0.636542,0.710938,0.109375,2
calibration-2615,calibration,open_qa,512,512,165,326,0.141454,0.533203,0.056641,2
calibration-2616,calibration,summarization,512,512,153,278,0.227898,0.533203,0.080078,2
calibration-2617,calibration,classification,512,512,161,327,0.143418,0.511719,0.085938,2
calibration-2618,calibration,closed_qa,512,512,168,254,0.412574,0.392578,0.035156,2
calibration-2619,calibration,open_qa,512,512,193,359,0.076621,0.474609,0.027344,2
calibration-2620,calibration,open_qa,512,512,80,122,0.722986,0.691406,0.132812,2
calibration-2621,calibration,open_qa,512,512,164,341,0.100196,0.507812,0.035156,3
calibration-2622,calibration,open_qa,512,512,143,273,0.282908,0.492188,0.011719,3
calibration-2623,calibration,brainstorming,512,512,215,406,0.035363,0.472656,0.056641,2
calibration-2624,calibration,open_qa,512,512,42,69,0.762279,0.910156,0.207031,2
calibration-2625,calibration,summarization,512,512,166,335,0.13556,0.529297,0.023438,2
calibration-2626,calibration,brainstorming,512,512,122,223,0.426326,0.701172,0.169922,2
calibration-2627,calibration,brainstorming,512,512,183,303,0.320236,0.484375,0.074219,2
calibration-2628,calibration,closed_qa,512,512,204,353,0.088409,0.505859,0.03125,3
calibration-2629,calibration,general_qa,512,512,109,190,0.522593,0.568359,0.072266,2
calibration-2630,calibration,summarization,512,512,226,389,0.084479,0.421875,0.064453,2
calibration-2631,calibration,classification,512,512,128,256,0.231827,0.548828,0.027344,2
calibration-2632,calibration,open_qa,512,512,202,381,0.090373,0.470703,0.048828,2
calibration-2633,calibration,open_qa,512,512,181,353,0.127701,0.458984,0.039062,2
calibration-2634,calibration,closed_qa,512,512,125,221,0.400786,0.576172,0.027344,2
calibration-2635,calibration,open_qa,512,512,138,249,0.298625,0.542969,0.083984,2
calibration-2636,calibration,open_qa,512,512,94,139,0.693517,0.841797,0.490234,2
calibration-2637,calibration,summarization,512,512,179,340,0.10609,0.544922,0.042969,2
calibration-2638,calibration,summarization,512,512,169,321,0.198428,0.445312,0.046875,2
calibration-2639,calibration,closed_qa,512,512,158,303,0.180747,0.472656,0.052734,2
calibration-2640,calibration,open_qa,512,512,190,345,0.117878,0.505859,0.078125,2
calibration-2641,calibration,classification,512,512,65,135,0.536346,0.777344,0.048828,2
calibration-2642,calibration,general_qa,512,512,210,388,0.05501,0.466797,0.042969,2
calibration-2643,calibration,open_qa,512,512,200,382,0.037328,0.494141,0.048828,2
calibration-2644,calibration,brainstorming,512,512,157,311,0.172888,0.455078,0.060547,2
calibration-2645,calibration,open_qa,512,512,139,284,0.166994,0.583984,0.011719,2
calibration-2646,calibration,brainstorming,512,512,224,410,0.039293,0.386719,0.015625,2
calibration-2647,calibration,summarization,512,512,204,399,0.037328,0.46875,0.025391,2
calibration-2648,calibration,general_qa,512,512,156,306,0.163065,0.595703,0.023438,2
calibration-2649,calibration,closed_qa,512,512,170,335,0.094303,0.511719,0.033203,2
calibration-2650,calibration,open_qa,512,512,193,374,0.068762,0.451172,0.037109,2
calibration-2651,calibration,classification,512,512,117,241,0.243615,0.646484,0.019531,2
calibration-2652,calibration,open_qa,512,512,125,225,0.388998,0.585938,0.09375,2
calibration-2653,calibration,closed_qa,512,512,166,314,0.176817,0.501953,0.017578,2
calibration-2654,calibration,general_qa,512,512,165,337,0.098232,0.541016,0.025391,2
calibration-2655,calibration,closed_qa,512,512,100,176,0.465619,0.675781,0.123047,2
calibration-2656,calibration,open_qa,512,512,170,353,0.086444,0.513672,0.046875,2
calibration-2657,calibration,classification,512,512,159,282,0.253438,0.505859,0.066406,2
calibration-2658,calibration,classification,512,512,100,146,0.689587,0.833984,0.011719,2
calibration-2659,calibration,brainstorming,512,512,90,144,0.660118,0.613281,0.033203,2
calibration-2660,calibration,information_extraction,512,512,115,203,0.473477,0.628906,0.132812,2
calibration-2661,calibration,general_qa,512,512,117,271,0.165029,0.537109,0.015625,2
calibration-2662,calibration,open_qa,512,512,126,203,0.559921,0.757812,0.402344,2
calibration-2663,calibration,brainstorming,512,512,207,369,0.066798,0.464844,0.039062,2
calibration-2664,calibration,open_qa,512,512,43,62,0.844794,0.84375,0.097656,3
calibration-2665,calibration,general_qa,512,512,194,389,0.072692,0.431641,0.019531,2
calibration-2666,calibration,information_extraction,512,512,171,292,0.286837,0.492188,0.037109,2
calibration-2667,calibration,summarization,512,512,136,253,0.347741,0.451172,0.025391,2
calibration-2668,calibration,information_extraction,512,512,195,362,0.060904,0.498047,0.023438,2
calibration-2669,calibration,closed_qa,512,512,134,251,0.337917,0.496094,0.056641,3
calibration-2670,calibration,brainstorming,512,512,168,351,0.088409,0.470703,0.072266,2
calibration-2671,calibration,brainstorming,512,512,131,225,0.40275,0.476562,0.091797,2
calibration-2672,calibration,general_qa,512,512,223,407,0.035363,0.441406,0.044922,2
calibration-2673,calibration,open_qa,512,512,193,372,0.066798,0.478516,0.035156,2
calibration-2674,calibration,closed_qa,512,512,223,393,0.068762,0.371094,0.017578,2
calibration-2675,calibration,closed_qa,512,512,77,128,0.667976,0.636719,0.070312,3
calibration-2676,calibration,general_qa,512,512,213,391,0.056974,0.460938,0.025391,2
calibration-2677,calibration,open_qa,512,512,178,330,0.125737,0.513672,0.066406,1
calibration-2678,calibration,open_qa,512,512,130,251,0.3222,0.597656,0.082031,2
calibration-2679,calibration,classification,512,512,159,295,0.278978,0.505859,0.050781,2
calibration-2680,calibration,classification,512,512,154,285,0.278978,0.511719,0.050781,2
calibration-2681,calibration,brainstorming,512,512,153,287,0.269155,0.550781,0.029297,2
calibration-2682,calibration,classification,512,512,183,316,0.237721,0.453125,0.039062,2
calibration-2683,calibration,classification,512,512,114,252,0.320236,0.548828,0.064453,2
calibration-2684,calibration,closed_qa,512,512,126,243,0.263261,0.521484,0.0,1
calibration-2685,calibration,open_qa,512,512,164,318,0.127701,0.501953,0.035156,2
calibration-2686,calibration,general_qa,512,512,162,331,0.119843,0.544922,0.042969,2
calibration-2687,calibration,open_qa,512,512,215,402,0.045187,0.466797,0.039062,2
calibration-2688,calibration,open_qa,512,512,108,179,0.522593,0.509766,0.03125,2
calibration-2689,calibration,information_extraction,512,512,137,309,0.131631,0.566406,0.03125,3
calibration-2690,calibration,open_qa,512,512,92,171,0.548134,0.667969,0.035156,2
calibration-2691,calibration,open_qa,512,512,238,423,0.041257,0.429688,0.060547,2
calibration-2692,calibration,open_qa,512,512,182,347,0.139489,0.449219,0.050781,2
calibration-2693,calibration,general_qa,512,512,99,163,0.561886,0.658203,0.087891,2
calibration-2694,calibration,classification,512,512,176,337,0.131631,0.4375,0.050781,2
calibration-2695,calibration,open_qa,512,512,208,414,0.007859,0.464844,0.03125,2
calibration-2696,calibration,information_extraction,512,512,151,290,0.261297,0.582031,0.060547,2
calibration-2697,calibration,classification,512,512,187,345,0.123772,0.472656,0.035156,2
calibration-2698,calibration,classification,512,512,237,417,0.037328,0.425781,0.035156,2
calibration-2699,calibration,classification,512,512,164,262,0.369352,0.470703,0.058594,2
calibration-2700,calibration,general_qa,512,512,208,403,0.041257,0.453125,0.048828,2
calibration-2701,calibration,information_extraction,512,512,94,163,0.522593,0.738281,0.121094,2
calibration-2702,calibration,summarization,512,512,113,194,0.495088,0.617188,0.058594,2
calibration-2703,calibration,closed_qa,512,512,78,148,0.510806,0.666016,0.111328,2
calibration-2704,calibration,summarization,512,512,139,263,0.284872,0.550781,0.044922,2
calibration-2705,calibration,closed_qa,512,512,147,273,0.288802,0.517578,0.027344,2
calibration-2706,calibration,information_extraction,512,512,159,297,0.235756,0.490234,0.082031,2
calibration-2707,calibration,classification,512,512,100,177,0.45776,0.546875,0.107422,2
calibration-2708,calibration,general_qa,512,512,232,421,0.023576,0.380859,0.021484,2
calibration-2709,calibration,closed_qa,512,512,146,269,0.332024,0.572266,0.052734,2
calibration-2710,calibration,classification,512,512,164,348,0.094303,0.445312,0.046875,2
calibration-2711,calibration,closed_qa,512,512,106,167,0.579568,0.519531,0.044922,2
calibration-2712,calibration,open_qa,512,512,99,190,0.398821,0.701172,0.03125,2
calibration-2713,calibration,closed_qa,512,512,105,184,0.467583,0.525391,0.056641,2
calibration-2714,calibration,closed_qa,512,512,133,208,0.497053,0.455078,0.039062,2
calibration-2715,calibration,general_qa,512,512,35,96,0.528487,0.9375,0.123047,2
calibration-2716,calibration,closed_qa,512,512,76,161,0.473477,0.742188,0.046875,2
calibration-2717,calibration,open_qa,512,512,201,361,0.11002,0.484375,0.039062,3
calibration-2718,calibration,general_qa,512,512,133,253,0.335953,0.511719,0.029297,2
calibration-2719,calibration,general_qa,512,512,196,372,0.045187,0.490234,0.027344,2
calibration-2720,calibration,information_extraction,512,512,224,395,0.058939,0.447266,0.005859,4
calibration-2721,calibration,general_qa,512,512,171,315,0.229862,0.525391,0.060547,2
calibration-2722,calibration,classification,512,512,234,402,0.094303,0.384766,0.050781,2
calibration-2723,calibration,brainstorming,512,512,110,225,0.361493,0.613281,0.044922,2
calibration-2724,calibration,general_qa,512,512,202,401,0.027505,0.451172,0.050781,2
calibration-2725,calibration,closed_qa,512,512,105,163,0.616896,0.519531,0.085938,2
calibration-2726,calibration,closed_qa,512,512,95,189,0.412574,0.691406,0.033203,2
calibration-2727,calibration,open_qa,512,512,22,26,0.94499,0.996094,0.091797,2
calibration-2728,calibration,creative_writing,512,512,130,188,0.552063,0.494141,0.0625,2
calibration-2729,calibration,brainstorming,512,512,135,286,0.21611,0.527344,0.015625,2
calibration-2730,calibration,open_qa,512,512,28,47,0.840864,0.984375,0.123047,13
calibration-2731,calibration,closed_qa,512,512,84,136,0.654224,0.527344,0.0625,2
calibration-2732,calibration,classification,512,512,182,355,0.086444,0.53125,0.044922,2
calibration-2733,calibration,open_qa,512,512,56,93,0.738703,0.753906,0.175781,2
calibration-2734,calibration,general_qa,512,512,142,230,0.453831,0.478516,0.027344,2
calibration-2735,calibration,information_extraction,512,512,201,346,0.137525,0.416016,0.048828,2
calibration-2736,calibration,open_qa,512,512,205,385,0.098232,0.425781,0.050781,2
calibration-2737,calibration,closed_qa,512,512,94,174,0.463654,0.742188,0.140625,2
calibration-2738,calibration,classification,512,512,144,272,0.282908,0.523438,0.042969,2
calibration-2739,calibration,open_qa,512,512,210,406,0.027505,0.445312,0.039062,2
calibration-2740,calibration,open_qa,512,512,256,433,0.031434,0.361328,0.046875,2
calibration-2741,calibration,brainstorming,512,512,230,416,0.02554,0.466797,0.072266,2
calibration-2742,calibration,information_extraction,512,512,237,427,0.037328,0.421875,0.074219,2
calibration-2743,calibration,classification,512,512,53,88,0.791749,0.748047,0.109375,2
calibration-2744,calibration,information_extraction,512,512,162,319,0.165029,0.5,0.044922,2
calibration-2745,calibration,open_qa,512,512,123,241,0.302554,0.689453,0.023438,2
calibration-2746,calibration,brainstorming,512,512,173,355,0.141454,0.457031,0.066406,2
calibration-2747,calibration,brainstorming,512,512,91,133,0.681729,0.802734,0.173828,2
calibration-2748,calibration,creative_writing,512,512,94,192,0.444008,0.619141,0.025391,2
calibration-2749,calibration,general_qa,512,512,196,366,0.141454,0.462891,0.058594,2
calibration-2750,calibration,general_qa,512,512,135,271,0.300589,0.53125,0.029297,3
calibration-2751,calibration,classification,512,512,239,415,0.027505,0.412109,0.0625,2
calibration-2752,calibration,open_qa,512,512,121,271,0.18664,0.601562,0.048828,2
calibration-2753,calibration,general_qa,512,512,146,253,0.32613,0.478516,0.023438,2
calibration-2754,calibration,open_qa,512,512,89,155,0.550098,0.599609,0.044922,2
calibration-2755,calibration,open_qa,512,512,223,404,0.037328,0.443359,0.050781,2
calibration-2756,calibration,general_qa,512,512,130,240,0.398821,0.503906,0.025391,3
calibration-2757,calibration,summarization,512,512,172,299,0.286837,0.558594,0.148438,3
calibration-2758,calibration,information_extraction,512,512,113,186,0.579568,0.503906,0.021484,2
calibration-2759,calibration,open_qa,512,512,175,343,0.086444,0.564453,0.066406,2
calibration-2760,calibration,classification,512,512,72,103,0.721022,0.878906,0.0,1
calibration-2761,calibration,classification,512,512,122,203,0.526523,0.527344,0.109375,2
calibration-2762,calibration,general_qa,512,512,224,399,0.043222,0.435547,0.066406,2
calibration-2763,calibration,open_qa,512,512,119,189,0.583497,0.724609,0.324219,2
calibration-2764,calibration,open_qa,512,512,188,353,0.113949,0.509766,0.050781,3
calibration-2765,calibration,brainstorming,512,512,121,209,0.465619,0.509766,0.091797,2
calibration-2766,calibration,information_extraction,512,512,68,129,0.630648,0.802734,0.128906,2
calibration-2767,calibration,brainstorming,512,512,187,359,0.125737,0.431641,0.060547,2
calibration-2768,calibration,general_qa,512,512,144,277,0.235756,0.548828,0.029297,2
calibration-2769,calibration,classification,512,512,86,135,0.662083,0.824219,0.226562,1
calibration-2770,calibration,brainstorming,512,512,260,407,0.027505,0.414062,0.048828,2
calibration-2771,calibration,classification,512,512,244,437,0.011788,0.458984,0.046875,2
calibration-2772,calibration,information_extraction,512,512,137,234,0.355599,0.634766,0.039062,2
calibration-2773,calibration,general_qa,512,512,171,352,0.102161,0.474609,0.037109,2
calibration-2774,calibration,closed_qa,512,512,183,338,0.13556,0.498047,0.066406,2
calibration-2775,calibration,general_qa,512,512,189,373,0.066798,0.457031,0.039062,2
calibration-2776,calibration,classification,512,512,68,123,0.687623,0.65625,0.070312,2
calibration-2777,calibration,summarization,512,512,36,66,0.805501,0.845703,0.025391,2
calibration-2778,calibration,general_qa,512,512,176,327,0.1611,0.476562,0.080078,2
calibration-2779,calibration,general_qa,512,512,164,343,0.076621,0.537109,0.007812,1
calibration-2780,calibration,closed_qa,512,512,204,387,0.074656,0.402344,0.033203,2
calibration-2781,calibration,classification,512,512,137,216,0.506876,0.455078,0.052734,2
calibration-2782,calibration,general_qa,512,512,153,308,0.163065,0.601562,0.0,1
calibration-2783,calibration,general_qa,512,512,189,352,0.111984,0.494141,0.033203,2
calibration-2784,calibration,open_qa,512,512,135,219,0.422397,0.511719,0.054688,2
calibration-2785,calibration,brainstorming,512,512,178,351,0.094303,0.476562,0.054688,2
calibration-2786,calibration,general_qa,512,512,63,119,0.660118,0.761719,0.128906,2
calibration-2787,calibration,summarization,512,512,137,265,0.263261,0.554688,0.074219,2
calibration-2788,calibration,open_qa,512,512,72,108,0.738703,0.587891,0.095703,2
calibration-2789,calibration,brainstorming,512,512,228,402,0.08055,0.40625,0.019531,2
calibration-2790,calibration,brainstorming,512,512,71,119,0.683694,0.730469,0.072266,2
calibration-2791,calibration,classification,512,512,117,203,0.410609,0.636719,0.109375,2
calibration-2792,calibration,creative_writing,512,512,198,371,0.113949,0.449219,0.033203,2
calibration-2793,calibration,general_qa,512,512,142,284,0.212181,0.580078,0.009766,2
calibration-2794,calibration,creative_writing,512,512,213,381,0.078585,0.445312,0.074219,2
calibration-2795,calibration,creative_writing,512,512,205,397,0.02554,0.455078,0.023438,2
calibration-2796,calibration,open_qa,512,512,205,384,0.072692,0.482422,0.037109,3
calibration-2797,calibration,general_qa,512,512,219,424,0.023576,0.453125,0.023438,2
calibration-2798,calibration,open_qa,512,512,164,327,0.139489,0.494141,0.072266,2
calibration-2799,calibration,classification,512,512,203,367,0.137525,0.431641,0.029297,2
calibration-2800,calibration,brainstorming,512,512,207,348,0.111984,0.484375,0.039062,3
calibration-2801,calibration,open_qa,512,512,200,359,0.125737,0.445312,0.074219,2
calibration-2802,calibration,open_qa,512,512,145,245,0.414538,0.470703,0.103516,2
calibration-2803,calibration,brainstorming,512,512,119,229,0.361493,0.544922,0.021484,1
calibration-2804,calibration,brainstorming,512,512,118,189,0.514735,0.757812,0.029297,2
calibration-2805,calibration,classification,512,512,167,317,0.178782,0.482422,0.083984,2
calibration-2806,calibration,brainstorming,512,512,188,363,0.064833,0.480469,0.011719,2
calibration-2807,calibration,closed_qa,512,512,213,405,0.068762,0.423828,0.03125,2
calibration-2808,calibration,open_qa,512,512,103,187,0.365422,0.630859,0.0625,2
calibration-2809,calibration,brainstorming,512,512,192,358,0.115914,0.445312,0.042969,2
calibration-2810,calibration,summarization,512,512,185,292,0.277014,0.458984,0.017578,2
calibration-2811,calibration,classification,512,512,210,369,0.168959,0.394531,0.03125,2
calibration-2812,calibration,open_qa,512,512,110,251,0.220039,0.648438,0.025391,2
calibration-2813,calibration,open_qa,512,512,88,169,0.408644,0.611328,0.078125,2
calibration-2814,calibration,general_qa,512,512,227,418,0.033399,0.410156,0.03125,2
calibration-2815,calibration,open_qa,512,512,193,363,0.129666,0.451172,0.037109,2
calibration-2816,calibration,closed_qa,512,512,169,331,0.129666,0.507812,0.035156,2
calibration-2817,calibration,classification,512,512,162,303,0.259332,0.513672,0.083984,2
calibration-2818,calibration,open_qa,512,512,173,342,0.133595,0.509766,0.048828,3
calibration-2819,calibration,general_qa,512,512,206,401,0.045187,0.457031,0.074219,2
calibration-2820,calibration,brainstorming,512,512,65,120,0.638507,0.794922,0.214844,1
calibration-2821,calibration,summarization,512,512,17,20,0.956778,1.0,0.003906,2
calibration-2822,calibration,open_qa,512,512,117,226,0.40668,0.673828,0.087891,1
calibration-2823,calibration,open_qa,512,512,210,390,0.072692,0.427734,0.039062,2
calibration-2824,calibration,classification,512,512,164,322,0.159136,0.529297,0.056641,2
calibration-2825,calibration,information_extraction,512,512,101,192,0.475442,0.722656,0.083984,2
calibration-2826,calibration,closed_qa,512,512,216,408,0.037328,0.427734,0.029297,2
calibration-2827,calibration,creative_writing,512,512,167,368,0.082515,0.478516,0.03125,2
calibration-2828,calibration,general_qa,512,512,206,329,0.170923,0.455078,0.125,2
calibration-2829,calibration,closed_qa,512,512,109,168,0.571709,0.517578,0.048828,2
calibration-2830,calibration,closed_qa,512,512,117,198,0.532417,0.558594,0.060547,2
calibration-2831,calibration,closed_qa,512,512,107,203,0.420432,0.605469,0.054688,2
calibration-2832,calibration,classification,512,512,106,190,0.347741,0.714844,0.111328,2
calibration-2833,calibration,brainstorming,512,512,157,283,0.29666,0.511719,0.037109,2
calibration-2834,calibration,general_qa,512,512,208,401,0.051081,0.460938,0.050781,2
calibration-2835,calibration,classification,512,512,87,150,0.559921,0.613281,0.115234,2
calibration-2836,calibration,open_qa,512,512,161,305,0.202358,0.572266,0.011719,2
calibration-2837,calibration,information_extraction,512,512,74,129,0.650295,0.701172,0.107422,2
calibration-2838,calibration,summarization,512,512,168,339,0.096267,0.53125,0.035156,2
calibration-2839,calibration,classification,512,512,125,248,0.330059,0.539062,0.109375,2
calibration-2840,calibration,brainstorming,512,512,224,431,0.011788,0.464844,0.039062,2
calibration-2841,calibration,classification,512,512,127,268,0.166994,0.617188,0.017578,2
calibration-2842,calibration,general_qa,512,512,202,360,0.088409,0.476562,0.027344,2
calibration-2843,calibration,open_qa,512,512,111,241,0.265226,0.570312,0.046875,2
calibration-2844,calibration,brainstorming,512,512,122,220,0.341847,0.605469,0.085938,3
calibration-2845,calibration,classification,512,512,214,372,0.117878,0.425781,0.058594,2
calibration-2846,calibration,classification,512,512,214,368,0.074656,0.429688,0.048828,3
calibration-2847,calibration,open_qa,512,512,136,230,0.363458,0.546875,0.03125,1
calibration-2848,calibration,summarization,512,512,63,149,0.473477,0.708984,0.027344,3
calibration-2849,calibration,information_extraction,512,512,125,225,0.459725,0.505859,0.041016,2
calibration-2850,calibration,open_qa,512,512,131,274,0.243615,0.59375,0.041016,2
calibration-2851,calibration,classification,512,512,89,161,0.526523,0.613281,0.070312,2
calibration-2852,calibration,general_qa,512,512,172,327,0.182711,0.503906,0.091797,2
calibration-2853,calibration,classification,512,512,113,201,0.359528,0.626953,0.035156,2
calibration-2854,calibration,general_qa,512,512,193,365,0.074656,0.464844,0.048828,2
calibration-2855,calibration,open_qa,512,512,131,283,0.18664,0.5625,0.058594,2
calibration-2856,calibration,general_qa,512,512,167,339,0.149312,0.490234,0.029297,3
calibration-2857,calibration,summarization,512,512,145,285,0.225933,0.583984,0.066406,2
calibration-2858,calibration,closed_qa,512,512,88,145,0.587426,0.738281,0.083984,2
calibration-2859,calibration,information_extraction,512,512,50,84,0.721022,0.882812,0.179688,2
calibration-2860,calibration,brainstorming,512,512,214,403,0.02947,0.460938,0.037109,2
calibration-2861,calibration,open_qa,512,512,217,406,0.02947,0.429688,0.035156,2
calibration-2862,calibration,creative_writing,512,512,167,321,0.263261,0.501953,0.074219,2
calibration-2863,calibration,classification,512,512,225,420,0.035363,0.457031,0.039062,2
calibration-2864,calibration,closed_qa,512,512,200,355,0.155206,0.447266,0.060547,2
calibration-2865,calibration,brainstorming,512,512,178,338,0.133595,0.498047,0.033203,2
calibration-2866,calibration,closed_qa,512,512,184,355,0.094303,0.482422,0.03125,2
calibration-2867,calibration,open_qa,512,512,192,362,0.064833,0.439453,0.0625,2
calibration-2868,calibration,general_qa,512,512,247,423,0.017682,0.376953,0.019531,2
calibration-2869,calibration,general_qa,512,512,95,149,0.612967,0.554688,0.091797,2
calibration-2870,calibration,creative_writing,512,512,205,381,0.08055,0.470703,0.054688,2
calibration-2871,calibration,information_extraction,512,512,117,199,0.518664,0.599609,0.066406,2
calibration-2872,calibration,open_qa,512,512,105,206,0.451866,0.652344,0.03125,2
calibration-2873,calibration,general_qa,512,512,213,401,0.037328,0.464844,0.039062,2
calibration-2874,calibration,classification,512,512,210,365,0.149312,0.410156,0.037109,2
calibration-2875,calibration,brainstorming,512,512,161,309,0.145383,0.554688,0.066406,2
calibration-2876,calibration,information_extraction,512,512,194,343,0.159136,0.441406,0.050781,2
calibration-2877,calibration,creative_writing,512,512,242,409,0.047151,0.423828,0.048828,2
calibration-2878,calibration,general_qa,512,512,210,378,0.096267,0.457031,0.09375,2
calibration-2879,calibration,classification,512,512,145,244,0.416503,0.658203,0.027344,3
calibration-2880,calibration,open_qa,512,512,215,389,0.104126,0.435547,0.052734,2
calibration-2881,calibration,general_qa,512,512,169,295,0.312377,0.457031,0.080078,2
calibration-2882,calibration,classification,512,512,89,146,0.642436,0.517578,0.0,1
calibration-2883,calibration,open_qa,512,512,129,252,0.27112,0.597656,0.027344,2
calibration-2884,calibration,classification,512,512,158,328,0.086444,0.580078,0.007812,2
calibration-2885,calibration,general_qa,512,512,194,373,0.066798,0.462891,0.095703,2
calibration-2886,calibration,open_qa,512,512,119,203,0.465619,0.523438,0.0,3
calibration-2887,calibration,classification,512,512,86,199,0.337917,0.675781,0.044922,2
calibration-2888,calibration,brainstorming,512,512,198,390,0.056974,0.4375,0.058594,2
calibration-2889,calibration,closed_qa,512,512,105,181,0.510806,0.554688,0.064453,2
calibration-2890,calibration,summarization,512,512,138,207,0.445972,0.6875,0.068359,2
calibration-2891,calibration,open_qa,512,512,178,329,0.163065,0.511719,0.027344,2
calibration-2892,calibration,classification,512,512,115,207,0.444008,0.525391,0.037109,2
calibration-2893,calibration,general_qa,512,512,119,194,0.554028,0.488281,0.068359,2
calibration-2894,calibration,closed_qa,512,512,161,283,0.233792,0.509766,0.017578,2
calibration-2895,calibration,open_qa,512,512,103,196,0.440079,0.742188,0.083984,2
calibration-2896,calibration,classification,512,512,61,96,0.750491,0.798828,0.228516,2
calibration-2897,calibration,open_qa,512,512,101,213,0.335953,0.705078,0.025391,2
calibration-2898,calibration,brainstorming,512,512,121,195,0.499018,0.525391,0.054688,2
calibration-2899,calibration,open_qa,512,512,227,391,0.060904,0.476562,0.033203,2
calibration-2900,calibration,open_qa,512,512,207,354,0.153242,0.408203,0.070312,2
calibration-2901,calibration,closed_qa,512,512,131,227,0.375246,0.597656,0.097656,2
calibration-2902,calibration,information_extraction,512,512,146,266,0.280943,0.474609,0.103516,2
calibration-2903,calibration,open_qa,512,512,225,394,0.060904,0.455078,0.050781,2
calibration-2904,calibration,summarization,512,512,207,361,0.102161,0.480469,0.027344,2
calibration-2905,calibration,classification,512,512,122,246,0.332024,0.53125,0.044922,2
calibration-2906,calibration,creative_writing,512,512,93,191,0.440079,0.734375,0.041016,2
calibration-2907,calibration,closed_qa,512,512,129,212,0.442043,0.505859,0.0625,3
calibration-2908,calibration,creative_writing,512,512,99,176,0.554028,0.630859,0.082031,2
calibration-2909,calibration,open_qa,512,512,161,316,0.225933,0.451172,0.056641,2
calibration-2910,calibration,open_qa,512,512,100,211,0.180747,0.662109,0.054688,2
calibration-2911,calibration,open_qa,512,512,186,381,0.066798,0.447266,0.048828,2
calibration-2912,calibration,general_qa,512,512,253,424,0.021611,0.412109,0.009766,3
calibration-2913,calibration,summarization,512,512,111,177,0.522593,0.703125,0.191406,2
calibration-2914,calibration,general_qa,512,512,109,217,0.353635,0.615234,0.041016,2
calibration-2915,calibration,information_extraction,512,512,157,318,0.196464,0.509766,0.041016,3
calibration-2916,calibration,closed_qa,512,512,113,231,0.306483,0.605469,0.017578,3
calibration-2917,calibration,general_qa,512,512,131,244,0.428291,0.507812,0.044922,2
calibration-2918,calibration,open_qa,512,512,98,180,0.414538,0.748047,0.039062,2
calibration-2919,calibration,open_qa,512,512,218,412,0.049116,0.408203,0.037109,2
calibration-2920,calibration,classification,512,512,199,415,0.023576,0.449219,0.023438,2
calibration-2921,calibration,summarization,512,512,125,205,0.479371,0.650391,0.011719,2
calibration-2922,calibration,summarization,512,512,172,291,0.237721,0.484375,0.089844,2
calibration-2923,calibration,summarization,512,512,113,194,0.440079,0.609375,0.082031,2
calibration-2924,calibration,classification,512,512,104,210,0.436149,0.654297,0.054688,2
calibration-2925,calibration,classification,512,512,187,367,0.066798,0.509766,0.035156,2
calibration-2926,calibration,open_qa,512,512,207,393,0.060904,0.457031,0.056641,2
calibration-2927,calibration,information_extraction,512,512,165,313,0.151277,0.46875,0.078125,2
calibration-2928,calibration,closed_qa,512,512,96,199,0.453831,0.726562,0.099609,2
calibration-2929,calibration,creative_writing,512,512,180,323,0.18664,0.517578,0.078125,2
calibration-2930,calibration,classification,512,512,169,317,0.269155,0.5,0.072266,2
calibration-2931,calibration,classification,512,512,132,230,0.40668,0.578125,0.132812,2
calibration-2932,calibration,open_qa,512,512,104,163,0.630648,0.669922,0.09375,2
calibration-2933,calibration,classification,512,512,127,270,0.259332,0.492188,0.023438,2
calibration-2934,calibration,creative_writing,512,512,197,380,0.064833,0.466797,0.058594,2
calibration-2935,calibration,brainstorming,512,512,150,267,0.357564,0.527344,0.046875,2
calibration-2936,calibration,closed_qa,512,512,156,308,0.151277,0.525391,0.037109,3
calibration-2937,calibration,information_extraction,512,512,186,346,0.147348,0.449219,0.021484,2
calibration-2938,calibration,classification,512,512,143,275,0.220039,0.597656,0.029297,2
calibration-2939,calibration,open_qa,512,512,195,357,0.104126,0.501953,0.046875,2
calibration-2940,calibration,summarization,512,512,134,236,0.35167,0.4375,0.064453,2
calibration-2941,calibration,general_qa,512,512,143,273,0.306483,0.484375,0.021484,2
calibration-2942,calibration,summarization,512,512,157,285,0.243615,0.515625,0.09375,2
calibration-2943,calibration,classification,512,512,37,105,0.483301,0.880859,0.107422,2
calibration-2944,calibration,information_extraction,512,512,59,91,0.777996,0.619141,0.058594,2
calibration-2945,calibration,general_qa,512,512,177,337,0.165029,0.46875,0.041016,2
calibration-2946,calibration,brainstorming,512,512,36,49,0.897839,0.96875,0.613281,2
calibration-2947,calibration,closed_qa,512,512,119,205,0.388998,0.546875,0.128906,2
calibration-2948,calibration,classification,512,512,134,248,0.243615,0.580078,0.060547,3
calibration-2949,calibration,classification,512,512,108,194,0.430255,0.699219,0.0625,2
calibration-2950,calibration,general_qa,512,512,214,387,0.084479,0.417969,0.060547,2
calibration-2951,calibration,creative_writing,512,512,147,326,0.155206,0.521484,0.074219,2
calibration-2952,calibration,classification,512,512,55,155,0.308448,0.861328,0.060547,2
calibration-2953,calibration,summarization,512,512,192,387,0.062868,0.476562,0.044922,2
calibration-2954,calibration,summarization,512,512,143,262,0.261297,0.556641,0.027344,2
calibration-2955,calibration,closed_qa,512,512,127,212,0.48723,0.478516,0.070312,2
calibration-2956,calibration,creative_writing,512,512,37,53,0.850688,0.923828,0.179688,2
calibration-2957,calibration,summarization,512,512,211,362,0.174853,0.404297,0.058594,2
calibration-2958,calibration,summarization,512,512,105,180,0.524558,0.625,0.091797,2
calibration-2959,calibration,open_qa,512,512,194,362,0.084479,0.476562,0.095703,2
calibration-2960,calibration,general_qa,512,512,196,372,0.08055,0.451172,0.042969,2
calibration-2961,calibration,open_qa,512,512,23,76,0.67387,0.992188,0.199219,2
calibration-2962,calibration,general_qa,512,512,95,176,0.571709,0.566406,0.046875,2
calibration-2963,calibration,open_qa,512,512,185,369,0.060904,0.496094,0.023438,2
calibration-2964,calibration,brainstorming,512,512,121,213,0.479371,0.617188,0.060547,2
calibration-2965,calibration,closed_qa,512,512,227,378,0.157171,0.464844,0.082031,2
calibration-2966,calibration,closed_qa,512,512,145,234,0.416503,0.527344,0.076172,2
calibration-2967,calibration,information_extraction,512,512,135,295,0.19057,0.601562,0.050781,2
calibration-2968,calibration,classification,512,512,198,373,0.05501,0.492188,0.033203,2
calibration-2969,calibration,open_qa,512,512,144,271,0.198428,0.630859,0.03125,2
calibration-2970,calibration,open_qa,512,512,145,263,0.332024,0.517578,0.066406,2
calibration-2971,calibration,summarization,512,512,121,210,0.481336,0.494141,0.035156,3
calibration-2972,calibration,information_extraction,512,512,148,264,0.3222,0.548828,0.105469,3
calibration-2973,calibration,brainstorming,512,512,155,316,0.149312,0.525391,0.078125,2
calibration-2974,calibration,brainstorming,512,512,66,122,0.624754,0.828125,0.15625,2
calibration-2975,calibration,open_qa,512,512,140,264,0.32613,0.527344,0.039062,2
calibration-2976,calibration,closed_qa,512,512,126,218,0.410609,0.5,0.025391,2
calibration-2977,calibration,brainstorming,512,512,226,401,0.066798,0.4375,0.056641,2
calibration-2978,calibration,creative_writing,512,512,126,206,0.552063,0.501953,0.103516,2
calibration-2979,calibration,information_extraction,512,512,157,280,0.324165,0.460938,0.035156,3
calibration-2980,calibration,open_qa,512,512,125,256,0.335953,0.599609,0.03125,2
calibration-2981,calibration,brainstorming,512,512,141,275,0.202358,0.601562,0.041016,2
calibration-2982,calibration,open_qa,512,512,249,412,0.05501,0.333984,0.019531,2
calibration-2983,calibration,brainstorming,512,512,62,105,0.715128,0.828125,0.119141,2
calibration-2984,calibration,brainstorming,512,512,139,239,0.447937,0.65625,0.023438,2
calibration-2985,calibration,brainstorming,512,512,189,311,0.267191,0.431641,0.082031,2
calibration-2986,calibration,closed_qa,512,512,174,330,0.155206,0.496094,0.027344,2
calibration-2987,calibration,classification,512,512,124,241,0.343811,0.660156,0.046875,2
calibration-2988,calibration,brainstorming,512,512,184,360,0.147348,0.431641,0.046875,2
calibration-2989,calibration,brainstorming,512,512,227,412,0.019646,0.476562,0.035156,2
calibration-2990,calibration,closed_qa,512,512,148,277,0.259332,0.482422,0.074219,2
calibration-2991,calibration,open_qa,512,512,196,350,0.119843,0.470703,0.033203,2
calibration-2992,calibration,open_qa,512,512,168,344,0.13556,0.527344,0.03125,2
calibration-2993,calibration,classification,512,512,134,234,0.255403,0.619141,0.103516,2
calibration-2994,calibration,classification,512,512,250,413,0.043222,0.388672,0.068359,2
calibration-2995,calibration,general_qa,512,512,115,211,0.379175,0.638672,0.023438,2
calibration-2996,calibration,summarization,512,512,150,274,0.286837,0.501953,0.080078,2
calibration-2997,calibration,summarization,512,512,26,57,0.805501,0.945312,0.042969,2
calibration-2998,calibration,open_qa,512,512,200,364,0.127701,0.496094,0.046875,2
calibration-2999,calibration,open_qa,512,512,168,321,0.212181,0.513672,0.095703,2
calibration-3000,calibration,open_qa,512,512,73,120,0.662083,0.771484,0.117188,2
calibration-3001,calibration,general_qa,512,512,174,327,0.214145,0.476562,0.044922,2
calibration-3002,calibration,brainstorming,512,512,89,160,0.601179,0.707031,0.09375,2
calibration-3003,calibration,open_qa,512,512,184,341,0.104126,0.515625,0.046875,2
calibration-3004,calibration,classification,512,512,126,245,0.316306,0.580078,0.083984,2
calibration-3005,calibration,brainstorming,512,512,160,330,0.168959,0.488281,0.070312,2
calibration-3006,calibration,general_qa,512,512,114,195,0.473477,0.681641,0.011719,2
calibration-3007,calibration,closed_qa,512,512,133,203,0.520629,0.494141,0.064453,3
calibration-3008,calibration,closed_qa,512,512,145,314,0.145383,0.568359,0.029297,3
calibration-3009,calibration,open_qa,512,512,91,187,0.459725,0.675781,0.066406,2
calibration-3010,calibration,summarization,512,512,174,320,0.200393,0.439453,0.041016,2
calibration-3011,calibration,brainstorming,512,512,208,389,0.064833,0.425781,0.078125,2
calibration-3012,calibration,creative_writing,512,512,218,396,0.047151,0.464844,0.0625,2
calibration-3013,calibration,brainstorming,512,512,147,270,0.343811,0.490234,0.109375,2
calibration-3014,calibration,classification,512,512,195,378,0.086444,0.46875,0.035156,2
calibration-3015,calibration,closed_qa,512,512,113,226,0.390963,0.666016,0.080078,2
calibration-3016,calibration,classification,512,512,161,324,0.200393,0.503906,0.064453,2
calibration-3017,calibration,open_qa,512,512,133,247,0.288802,0.621094,0.019531,3
calibration-3018,calibration,summarization,512,512,130,224,0.410609,0.683594,0.103516,2
calibration-3019,calibration,brainstorming,512,512,225,435,0.031434,0.46875,0.03125,2
calibration-3020,calibration,information_extraction,512,512,151,294,0.188605,0.556641,0.039062,2
calibration-3021,calibration,classification,512,512,96,208,0.40668,0.71875,0.041016,1
calibration-3022,calibration,summarization,512,512,66,110,0.724951,0.662109,0.140625,2
calibration-3023,calibration,information_extraction,512,512,120,257,0.275049,0.623047,0.039062,2
calibration-3024,calibration,general_qa,512,512,147,227,0.469548,0.425781,0.029297,2
calibration-3025,calibration,closed_qa,512,512,218,394,0.070727,0.441406,0.037109,2
calibration-3026,calibration,open_qa,512,512,84,154,0.561886,0.740234,0.125,2
calibration-3027,calibration,classification,512,512,58,87,0.768173,0.886719,0.191406,2
calibration-3028,calibration,closed_qa,512,512,209,381,0.047151,0.451172,0.03125,3
calibration-3029,calibration,classification,512,512,162,281,0.257367,0.519531,0.105469,2
calibration-3030,calibration,summarization,512,512,66,96,0.709234,0.863281,0.212891,2
calibration-3031,calibration,creative_writing,512,512,174,301,0.223969,0.449219,0.085938,2
calibration-3032,calibration,brainstorming,512,512,194,375,0.068762,0.5,0.048828,2
calibration-3033,calibration,information_extraction,512,512,149,298,0.231827,0.503906,0.039062,3
calibration-3034,calibration,open_qa,512,512,161,300,0.222004,0.476562,0.066406,2
calibration-3035,calibration,general_qa,512,512,172,287,0.300589,0.478516,0.101562,2
calibration-3036,calibration,general_qa,512,512,196,357,0.10609,0.445312,0.064453,2
calibration-3037,calibration,creative_writing,512,512,225,405,0.051081,0.40625,0.033203,2
calibration-3038,calibration,open_qa,512,512,188,383,0.062868,0.498047,0.072266,2
calibration-3039,calibration,classification,512,512,146,309,0.001965,0.666016,0.015625,2
calibration-3040,calibration,closed_qa,512,512,146,262,0.294695,0.480469,0.046875,2
calibration-3041,calibration,general_qa,512,512,126,204,0.410609,0.625,0.142578,2
calibration-3042,calibration,open_qa,512,512,159,331,0.165029,0.455078,0.087891,2
calibration-3043,calibration,closed_qa,512,512,175,323,0.151277,0.457031,0.007812,2
calibration-3044,calibration,open_qa,512,512,144,261,0.40668,0.414062,0.046875,2
calibration-3045,calibration,closed_qa,512,512,144,241,0.459725,0.679688,0.126953,2
calibration-3046,calibration,classification,512,512,77,138,0.56778,0.767578,0.015625,2
calibration-3047,calibration,summarization,512,512,92,179,0.48723,0.617188,0.039062,2
calibration-3048,calibration,brainstorming,512,512,109,161,0.59332,0.505859,0.083984,2
calibration-3049,calibration,open_qa,512,512,176,370,0.078585,0.449219,0.046875,2
calibration-3050,calibration,information_extraction,512,512,213,379,0.104126,0.419922,0.058594,2
calibration-3051,calibration,general_qa,512,512,215,400,0.058939,0.464844,0.070312,2
calibration-3052,calibration,open_qa,512,512,104,181,0.449902,0.691406,0.060547,2
calibration-3053,calibration,classification,512,512,169,317,0.133595,0.544922,0.123047,2
calibration-3054,calibration,closed_qa,512,512,110,192,0.475442,0.666016,0.140625,2
calibration-3055,calibration,classification,512,512,84,156,0.555992,0.632812,0.023438,2
calibration-3056,calibration,open_qa,512,512,155,316,0.196464,0.53125,0.058594,2
calibration-3057,calibration,summarization,512,512,74,114,0.70334,0.814453,0.220703,4
calibration-3058,calibration,information_extraction,512,512,192,386,0.053045,0.402344,0.017578,2
calibration-3059,calibration,classification,512,512,63,108,0.679764,0.722656,0.035156,2
calibration-3060,calibration,classification,512,512,167,319,0.159136,0.449219,0.080078,2
calibration-3061,calibration,creative_writing,512,512,92,149,0.626719,0.636719,0.052734,2
calibration-3062,calibration,closed_qa,512,512,143,254,0.35167,0.507812,0.046875,2
calibration-3063,calibration,summarization,512,512,110,177,0.573674,0.71875,0.195312,2
calibration-3064,calibration,general_qa,512,512,160,251,0.428291,0.400391,0.048828,2
calibration-3065,calibration,classification,512,512,180,335,0.159136,0.455078,0.050781,2
calibration-3066,calibration,open_qa,512,512,213,393,0.062868,0.4375,0.072266,2
calibration-3067,calibration,open_qa,512,512,125,222,0.398821,0.583984,0.056641,2
calibration-3068,calibration,open_qa,512,512,107,219,0.353635,0.685547,0.101562,2
calibration-3069,calibration,information_extraction,512,512,49,73,0.821218,0.921875,0.005859,3
calibration-3070,calibration,summarization,512,512,112,227,0.479371,0.480469,0.019531,7
calibration-3071,calibration,open_qa,512,512,36,86,0.683694,0.955078,0.144531,3
calibration-3072,calibration,open_qa,512,512,179,329,0.18664,0.462891,0.076172,2
calibration-3073,calibration,closed_qa,512,512,131,263,0.314342,0.544922,0.074219,2
calibration-3074,calibration,information_extraction,512,512,197,350,0.092338,0.478516,0.033203,3
calibration-3075,calibration,open_qa,512,512,239,417,0.009823,0.431641,0.078125,2
calibration-3076,calibration,information_extraction,512,512,114,205,0.404715,0.585938,0.0625,2
calibration-3077,calibration,open_qa,512,512,150,296,0.196464,0.560547,0.035156,2
calibration-3078,calibration,classification,512,512,172,299,0.19057,0.517578,0.068359,2
calibration-3079,calibration,general_qa,512,512,149,279,0.27112,0.552734,0.054688,2
calibration-3080,calibration,open_qa,512,512,168,303,0.251473,0.525391,0.056641,2
calibration-3081,calibration,brainstorming,512,512,41,63,0.831041,0.769531,0.128906,2
calibration-3082,calibration,classification,512,512,213,390,0.074656,0.419922,0.054688,2
calibration-3083,calibration,open_qa,512,512,62,115,0.646365,0.755859,0.056641,2
calibration-3084,calibration,information_extraction,512,512,121,185,0.571709,0.746094,0.398438,2
calibration-3085,calibration,general_qa,512,512,212,389,0.084479,0.419922,0.041016,2
calibration-3086,calibration,open_qa,512,512,114,213,0.434185,0.560547,0.015625,1
calibration-3087,calibration,open_qa,512,512,107,192,0.471513,0.652344,0.072266,3
calibration-3088,calibration,open_qa,512,512,202,343,0.145383,0.425781,0.0625,2
calibration-3089,calibration,classification,512,512,240,434,0.001965,0.423828,0.044922,2
calibration-3090,calibration,general_qa,512,512,170,344,0.131631,0.462891,0.039062,2
calibration-3091,calibration,general_qa,512,512,122,199,0.479371,0.585938,0.054688,2
calibration-3092,calibration,information_extraction,512,512,126,189,0.544204,0.685547,0.078125,2
calibration-3093,calibration,classification,512,512,73,139,0.561886,0.785156,0.042969,2
calibration-3094,calibration,brainstorming,512,512,180,328,0.202358,0.414062,0.019531,2
calibration-3095,calibration,open_qa,512,512,150,280,0.265226,0.511719,0.033203,3
calibration-3096,calibration,open_qa,512,512,128,266,0.212181,0.578125,0.023438,2
calibration-3097,calibration,information_extraction,512,512,128,261,0.259332,0.550781,0.103516,3
calibration-3098,calibration,open_qa,512,512,192,358,0.170923,0.447266,0.046875,2
calibration-3099,calibration,open_qa,512,512,113,187,0.473477,0.507812,0.138672,2
calibration-3100,calibration,classification,512,512,198,371,0.08055,0.470703,0.068359,2
calibration-3101,calibration,closed_qa,512,512,137,222,0.473477,0.455078,0.017578,2
calibration-3102,calibration,summarization,512,512,92,163,0.555992,0.736328,0.058594,2
calibration-3103,calibration,closed_qa,512,512,95,197,0.363458,0.666016,0.0,3
calibration-3104,calibration,brainstorming,512,512,138,305,0.174853,0.517578,0.023438,2
calibration-3105,calibration,closed_qa,512,512,145,271,0.318271,0.507812,0.027344,2
calibration-3106,calibration,brainstorming,512,512,179,360,0.094303,0.490234,0.03125,2
calibration-3107,calibration,information_extraction,512,512,122,268,0.223969,0.585938,0.056641,2
calibration-3108,calibration,open_qa,512,512,125,201,0.528487,0.542969,0.058594,2
calibration-3109,calibration,closed_qa,512,512,82,133,0.644401,0.658203,0.083984,2
calibration-3110,calibration,closed_qa,512,512,184,322,0.24165,0.429688,0.050781,2
calibration-3111,calibration,brainstorming,512,512,205,387,0.084479,0.474609,0.052734,2
calibration-3112,calibration,open_qa,512,512,142,249,0.337917,0.546875,0.105469,2
calibration-3113,calibration,general_qa,512,512,159,325,0.155206,0.498047,0.076172,2
calibration-3114,calibration,classification,512,512,200,368,0.08055,0.480469,0.033203,2
calibration-3115,calibration,open_qa,512,512,160,314,0.131631,0.583984,0.035156,2
calibration-3116,calibration,closed_qa,512,512,172,296,0.249509,0.482422,0.09375,2
calibration-3117,calibration,classification,512,512,85,118,0.750491,0.871094,0.007812,2
calibration-3118,calibration,general_qa,512,512,130,253,0.300589,0.525391,0.054688,2
calibration-3119,calibration,classification,512,512,68,101,0.699411,0.871094,0.0,1
calibration-3120,calibration,open_qa,512,512,199,375,0.070727,0.476562,0.03125,2
calibration-3121,calibration,general_qa,512,512,159,296,0.19057,0.558594,0.041016,2
calibration-3122,calibration,open_qa,512,512,47,76,0.785855,0.759766,0.125,2
calibration-3123,calibration,brainstorming,512,512,50,99,0.624754,0.792969,0.03125,3
calibration-3124,calibration,classification,512,512,175,333,0.172888,0.474609,0.080078,2
calibration-3125,calibration,brainstorming,512,512,131,250,0.286837,0.53125,0.091797,2
calibration-3126,calibration,information_extraction,512,512,197,352,0.108055,0.494141,0.083984,2
calibration-3127,calibration,creative_writing,512,512,182,386,0.056974,0.453125,0.048828,2
calibration-3128,calibration,open_qa,512,512,181,326,0.159136,0.445312,0.044922,2
calibration-3129,calibration,brainstorming,512,512,167,331,0.153242,0.542969,0.048828,2
calibration-3130,calibration,general_qa,512,512,202,390,0.047151,0.464844,0.039062,2
calibration-3131,calibration,creative_writing,512,512,190,351,0.133595,0.466797,0.052734,2
calibration-3132,calibration,open_qa,512,512,213,410,0.02947,0.451172,0.068359,2
calibration-3133,calibration,open_qa,512,512,195,378,0.064833,0.445312,0.039062,2
calibration-3134,calibration,information_extraction,512,512,173,317,0.206287,0.498047,0.035156,2
calibration-3135,calibration,brainstorming,512,512,142,266,0.290766,0.607422,0.064453,2
calibration-3136,calibration,closed_qa,512,512,123,229,0.381139,0.650391,0.115234,3
calibration-3137,calibration,classification,512,512,111,174,0.609037,0.53125,0.113281,2
calibration-3138,calibration,open_qa,512,512,211,379,0.078585,0.476562,0.039062,2
calibration-3139,calibration,general_qa,512,512,95,210,0.278978,0.662109,0.070312,2
calibration-3140,calibration,closed_qa,512,512,111,246,0.277014,0.638672,0.035156,2
calibration-3141,calibration,classification,512,512,149,310,0.153242,0.572266,0.03125,2
calibration-3142,calibration,open_qa,512,512,87,167,0.349705,0.712891,0.121094,2
calibration-3143,calibration,classification,512,512,63,114,0.656189,0.814453,0.066406,2
calibration-3144,calibration,open_qa,512,512,225,416,0.017682,0.433594,0.050781,2
calibration-3145,calibration,brainstorming,512,512,77,152,0.520629,0.708984,0.089844,2
calibration-3146,calibration,information_extraction,512,512,84,163,0.524558,0.5625,0.039062,2
calibration-3147,calibration,general_qa,512,512,232,412,0.033399,0.451172,0.007812,2
calibration-3148,calibration,information_extraction,512,512,209,379,0.10609,0.441406,0.029297,2
calibration-3149,calibration,information_extraction,512,512,63,104,0.724951,0.888672,0.160156,3
calibration-3150,calibration,brainstorming,512,512,27,40,0.858546,0.958984,0.216797,2
calibration-3151,calibration,brainstorming,512,512,103,160,0.624754,0.791016,0.4375,2
calibration-3152,calibration,classification,512,512,162,324,0.137525,0.515625,0.035156,2
calibration-3153,calibration,classification,512,512,121,223,0.312377,0.582031,0.089844,2
calibration-3154,calibration,creative_writing,512,512,208,370,0.074656,0.449219,0.044922,2
calibration-3155,calibration,brainstorming,512,512,148,251,0.43222,0.677734,0.035156,2
calibration-3156,calibration,general_qa,512,512,173,299,0.339882,0.609375,0.113281,2
calibration-3157,calibration,summarization,512,512,71,137,0.579568,0.71875,0.082031,2
calibration-3158,calibration,open_qa,512,512,27,35,0.911591,0.921875,0.0,1
calibration-3159,calibration,brainstorming,512,512,223,417,0.02947,0.429688,0.039062,2
calibration-3160,calibration,brainstorming,512,512,166,290,0.345776,0.634766,0.220703,2
calibration-3161,calibration,open_qa,512,512,187,371,0.084479,0.46875,0.027344,2
calibration-3162,calibration,brainstorming,512,512,184,339,0.127701,0.462891,0.083984,3
calibration-3163,calibration,classification,512,512,70,103,0.746562,0.828125,0.013672,1
calibration-3164,calibration,summarization,512,512,63,108,0.744597,0.90625,0.011719,3
calibration-3165,calibration,information_extraction,512,512,172,312,0.196464,0.445312,0.048828,2
calibration-3166,calibration,brainstorming,512,512,116,188,0.536346,0.712891,0.189453,2
calibration-3167,calibration,open_qa,512,512,161,309,0.204322,0.558594,0.033203,2
calibration-3168,calibration,classification,512,512,216,398,0.05501,0.466797,0.052734,2
calibration-3169,calibration,brainstorming,512,512,29,59,0.781925,0.972656,0.076172,2
calibration-3170,calibration,open_qa,512,512,231,413,0.02947,0.421875,0.054688,2
calibration-3171,calibration,open_qa,512,512,52,84,0.744597,0.792969,0.060547,3
calibration-3172,calibration,summarization,512,512,191,398,0.062868,0.451172,0.019531,2
calibration-3173,calibration,open_qa,512,512,160,309,0.247544,0.496094,0.0625,2
calibration-3174,calibration,open_qa,512,512,186,353,0.121807,0.490234,0.015625,2
calibration-3175,calibration,general_qa,512,512,202,387,0.047151,0.5,0.042969,2
calibration-3176,calibration,general_qa,512,512,146,251,0.375246,0.583984,0.082031,2
calibration-3177,calibration,brainstorming,512,512,167,329,0.178782,0.503906,0.042969,2
calibration-3178,calibration,general_qa,512,512,124,262,0.145383,0.626953,0.011719,2
calibration-3179,calibration,closed_qa,512,512,83,149,0.554028,0.671875,0.111328,2
calibration-3180,calibration,general_qa,512,512,208,375,0.10609,0.417969,0.035156,2
calibration-3181,calibration,summarization,512,512,160,306,0.249509,0.535156,0.056641,2
calibration-3182,calibration,classification,512,512,122,248,0.277014,0.605469,0.074219,2
calibration-3183,calibration,open_qa,512,512,143,252,0.398821,0.625,0.150391,2
calibration-3184,calibration,information_extraction,512,512,99,180,0.550098,0.744141,0.126953,2
calibration-3185,calibration,brainstorming,512,512,192,370,0.082515,0.445312,0.042969,2
calibration-3186,calibration,summarization,512,512,148,277,0.306483,0.605469,0.050781,2
calibration-3187,calibration,general_qa,512,512,212,409,0.02554,0.453125,0.03125,2
calibration-3188,calibration,information_extraction,512,512,93,173,0.477407,0.775391,0.03125,3
calibration-3189,calibration,brainstorming,512,512,150,304,0.184676,0.570312,0.058594,2
calibration-3190,calibration,creative_writing,512,512,219,409,0.045187,0.433594,0.050781,2
calibration-3191,calibration,summarization,512,512,123,293,0.163065,0.539062,0.03125,2
calibration-3192,calibration,general_qa,512,512,220,392,0.037328,0.447266,0.039062,2
calibration-3193,calibration,summarization,512,512,180,366,0.060904,0.476562,0.023438,2
calibration-3194,calibration,information_extraction,512,512,160,277,0.27112,0.537109,0.015625,3
calibration-3195,calibration,open_qa,512,512,178,332,0.178782,0.474609,0.0625,2
calibration-3196,calibration,general_qa,512,512,232,412,0.037328,0.453125,0.029297,2
calibration-3197,calibration,information_extraction,512,512,154,302,0.139489,0.515625,0.064453,2
calibration-3198,calibration,creative_writing,512,512,133,230,0.414538,0.523438,0.041016,2
calibration-3199,calibration,open_qa,512,512,196,392,0.051081,0.425781,0.070312,2
calibration-3200,calibration,brainstorming,512,512,169,311,0.210216,0.478516,0.013672,2
calibration-3201,calibration,open_qa,512,512,98,153,0.618861,0.664062,0.193359,2
calibration-3202,calibration,open_qa,512,512,126,223,0.32613,0.53125,0.109375,2
calibration-3203,calibration,classification,512,512,109,205,0.424361,0.566406,0.052734,2
calibration-3204,calibration,closed_qa,512,512,138,243,0.390963,0.478516,0.046875,2
calibration-3205,calibration,general_qa,512,512,209,390,0.072692,0.455078,0.095703,2
calibration-3206,calibration,closed_qa,512,512,65,84,0.801572,0.904297,0.324219,2
calibration-3207,calibration,classification,512,512,81,119,0.67387,0.689453,0.103516,2
calibration-3208,calibration,classification,512,512,151,311,0.178782,0.443359,0.015625,1
calibration-3209,calibration,general_qa,512,512,188,343,0.137525,0.466797,0.048828,2
calibration-3210,calibration,closed_qa,512,512,71,117,0.650295,0.847656,0.091797,2
calibration-3211,calibration,information_extraction,512,512,134,248,0.387033,0.509766,0.029297,2
calibration-3212,calibration,classification,512,512,110,171,0.618861,0.457031,0.060547,2
calibration-3213,calibration,brainstorming,512,512,208,388,0.058939,0.447266,0.037109,2
calibration-3214,calibration,general_qa,512,512,63,108,0.62279,0.824219,0.099609,184
calibration-3215,calibration,brainstorming,512,512,159,296,0.247544,0.494141,0.0625,2
calibration-3216,calibration,brainstorming,512,512,197,379,0.045187,0.486328,0.074219,2
calibration-3217,calibration,open_qa,512,512,171,345,0.100196,0.542969,0.058594,2
calibration-3218,calibration,open_qa,512,512,179,373,0.05501,0.474609,0.050781,2
calibration-3219,calibration,general_qa,512,512,155,310,0.170923,0.609375,0.044922,2
calibration-3220,calibration,closed_qa,512,512,140,257,0.32613,0.476562,0.068359,2
calibration-3221,calibration,open_qa,512,512,164,325,0.174853,0.492188,0.041016,2
calibration-3222,calibration,classification,512,512,173,335,0.151277,0.492188,0.054688,2
calibration-3223,calibration,brainstorming,512,512,207,341,0.182711,0.486328,0.068359,2
calibration-3224,calibration,closed_qa,512,512,135,223,0.475442,0.644531,0.074219,2
calibration-3225,calibration,open_qa,512,512,136,257,0.253438,0.513672,0.042969,3
calibration-3226,calibration,brainstorming,512,512,105,184,0.544204,0.724609,0.09375,2
calibration-3227,calibration,brainstorming,512,512,121,193,0.500982,0.623047,0.029297,3
calibration-3228,calibration,brainstorming,512,512,139,291,0.117878,0.640625,0.119141,2
calibration-3229,calibration,open_qa,512,512,168,327,0.143418,0.488281,0.037109,2
calibration-3230,calibration,open_qa,512,512,84,141,0.614931,0.597656,0.070312,2
calibration-3231,calibration,brainstorming,512,512,157,323,0.139489,0.492188,0.050781,2
calibration-3232,calibration,general_qa,512,512,150,297,0.178782,0.5,0.082031,2
calibration-3233,calibration,information_extraction,512,512,101,208,0.369352,0.646484,0.046875,2
calibration-3234,calibration,closed_qa,512,512,71,112,0.689587,0.734375,0.099609,2
calibration-3235,calibration,classification,512,512,65,128,0.518664,0.800781,0.085938,1
calibration-3236,calibration,classification,512,512,95,155,0.612967,0.539062,0.044922,2
calibration-3237,calibration,open_qa,512,512,169,270,0.349705,0.523438,0.134766,2
calibration-3238,calibration,information_extraction,512,512,178,339,0.094303,0.53125,0.023438,2
calibration-3239,calibration,closed_qa,512,512,189,357,0.123772,0.490234,0.033203,3
calibration-3240,calibration,general_qa,512,512,121,236,0.363458,0.572266,0.082031,2
calibration-3241,calibration,information_extraction,512,512,140,272,0.349705,0.486328,0.025391,2
calibration-3242,calibration,closed_qa,512,512,89,149,0.573674,0.634766,0.070312,3
calibration-3243,calibration,closed_qa,512,512,254,415,0.035363,0.367188,0.033203,2
calibration-3244,calibration,information_extraction,512,512,151,277,0.310413,0.443359,0.042969,2
calibration-3245,calibration,brainstorming,512,512,138,271,0.188605,0.628906,0.064453,2
calibration-3246,calibration,classification,512,512,116,200,0.510806,0.628906,0.029297,2
calibration-3247,calibration,brainstorming,512,512,102,142,0.638507,0.822266,0.205078,2
calibration-3248,calibration,open_qa,512,512,149,268,0.32613,0.453125,0.083984,2
calibration-3249,calibration,closed_qa,512,512,99,170,0.524558,0.570312,0.085938,2
calibration-3250,calibration,general_qa,512,512,183,352,0.127701,0.455078,0.068359,2
calibration-3251,calibration,open_qa,512,512,182,359,0.108055,0.433594,0.087891,2
calibration-3252,calibration,open_qa,512,512,141,227,0.430255,0.576172,0.107422,2
calibration-3253,calibration,closed_qa,512,512,177,349,0.074656,0.5,0.027344,2
calibration-3254,calibration,open_qa,512,512,224,430,0.037328,0.429688,0.052734,2
calibration-3255,calibration,general_qa,512,512,203,393,0.027505,0.431641,0.058594,3
calibration-3256,calibration,general_qa,512,512,98,225,0.255403,0.619141,0.0625,2
calibration-3257,calibration,brainstorming,512,512,220,417,0.051081,0.402344,0.035156,2
calibration-3258,calibration,general_qa,512,512,50,96,0.652259,0.880859,0.064453,1
calibration-3259,calibration,open_qa,512,512,150,292,0.210216,0.550781,0.03125,2
calibration-3260,calibration,closed_qa,512,512,166,309,0.214145,0.453125,0.03125,2
calibration-3261,calibration,information_extraction,512,512,150,327,0.125737,0.542969,0.015625,2
calibration-3262,calibration,brainstorming,512,512,171,259,0.361493,0.548828,0.091797,2
calibration-3263,calibration,general_qa,512,512,174,344,0.153242,0.458984,0.054688,2
calibration-3264,calibration,general_qa,512,512,150,295,0.163065,0.537109,0.037109,2
calibration-3265,calibration,brainstorming,512,512,169,294,0.227898,0.521484,0.058594,2
calibration-3266,calibration,summarization,512,512,184,347,0.104126,0.433594,0.015625,2
calibration-3267,calibration,brainstorming,512,512,133,225,0.453831,0.542969,0.083984,2
calibration-3268,calibration,closed_qa,512,512,77,128,0.612967,0.714844,0.039062,2
calibration-3269,calibration,information_extraction,512,512,141,295,0.127701,0.537109,0.009766,2
calibration-3270,calibration,information_extraction,512,512,68,113,0.709234,0.615234,0.0625,2
calibration-3271,calibration,open_qa,512,512,168,317,0.237721,0.546875,0.078125,2
calibration-3272,calibration,information_extraction,512,512,126,241,0.345776,0.607422,0.058594,2
calibration-3273,calibration,brainstorming,512,512,183,364,0.076621,0.492188,0.015625,2
calibration-3274,calibration,summarization,512,512,121,213,0.469548,0.660156,0.009766,2
calibration-3275,calibration,closed_qa,512,512,198,387,0.039293,0.455078,0.050781,2
calibration-3276,calibration,general_qa,512,512,183,367,0.049116,0.460938,0.044922,2
calibration-3277,calibration,summarization,512,512,183,372,0.047151,0.482422,0.03125,2
calibration-3278,calibration,classification,512,512,186,358,0.088409,0.5,0.080078,3
calibration-3279,calibration,open_qa,512,512,119,239,0.314342,0.566406,0.017578,1
calibration-3280,calibration,general_qa,512,512,153,254,0.420432,0.628906,0.152344,2
calibration-3281,calibration,open_qa,512,512,187,359,0.088409,0.460938,0.033203,2
calibration-3282,calibration,open_qa,512,512,190,374,0.064833,0.433594,0.023438,2
calibration-3283,calibration,brainstorming,512,512,208,395,0.076621,0.435547,0.070312,2
calibration-3284,calibration,classification,512,512,177,368,0.068762,0.480469,0.068359,2
calibration-3285,calibration,open_qa,512,512,157,308,0.147348,0.509766,0.056641,2
calibration-3286,calibration,classification,512,512,151,287,0.280943,0.556641,0.099609,2
calibration-3287,calibration,brainstorming,512,512,193,313,0.273084,0.453125,0.060547,2
calibration-3288,calibration,summarization,512,512,193,359,0.076621,0.472656,0.050781,2
calibration-3289,calibration,summarization,512,512,177,326,0.223969,0.404297,0.035156,2
calibration-3290,calibration,closed_qa,512,512,196,353,0.133595,0.445312,0.007812,3
calibration-3291,calibration,information_extraction,512,512,163,295,0.304519,0.498047,0.023438,2
calibration-3292,calibration,closed_qa,512,512,92,170,0.53831,0.630859,0.041016,2
calibration-3293,calibration,classification,512,512,111,226,0.359528,0.699219,0.0625,4
calibration-3294,calibration,brainstorming,512,512,195,371,0.094303,0.466797,0.052734,2
calibration-3295,calibration,general_qa,512,512,222,396,0.068762,0.392578,0.044922,2
calibration-3296,calibration,closed_qa,512,512,129,243,0.328094,0.488281,0.050781,2
calibration-3297,calibration,information_extraction,512,512,144,294,0.184676,0.515625,0.054688,2
calibration-3298,calibration,closed_qa,512,512,170,325,0.155206,0.5,0.042969,2
calibration-3299,calibration,open_qa,512,512,182,360,0.094303,0.490234,0.054688,3
calibration-3300,calibration,creative_writing,512,512,260,442,0.02947,0.380859,0.056641,2
calibration-3301,calibration,open_qa,512,512,129,298,0.157171,0.611328,0.054688,2
calibration-3302,calibration,creative_writing,512,512,169,345,0.08055,0.527344,0.072266,2
calibration-3303,calibration,creative_writing,512,512,172,329,0.157171,0.490234,0.023438,2
calibration-3304,calibration,general_qa,512,512,212,420,0.02554,0.455078,0.044922,2
calibration-3305,calibration,open_qa,512,512,189,355,0.139489,0.453125,0.09375,2
calibration-3306,calibration,classification,512,512,62,114,0.638507,0.847656,0.175781,2
calibration-3307,calibration,open_qa,512,512,141,275,0.298625,0.542969,0.058594,2
calibration-3308,calibration,creative_writing,512,512,83,189,0.251473,0.697266,0.091797,2
calibration-3309,calibration,information_extraction,512,512,47,73,0.787819,0.892578,0.1875,2
calibration-3310,calibration,general_qa,512,512,213,397,0.051081,0.443359,0.050781,2
calibration-3311,calibration,brainstorming,512,512,219,423,0.031434,0.433594,0.050781,2
calibration-3312,calibration,brainstorming,512,512,214,398,0.053045,0.46875,0.033203,2
calibration-3313,calibration,classification,512,512,122,248,0.335953,0.544922,0.039062,2
calibration-3314,calibration,open_qa,512,512,88,137,0.644401,0.548828,0.050781,2
calibration-3315,calibration,classification,512,512,194,382,0.102161,0.396484,0.041016,2
calibration-3316,calibration,summarization,512,512,194,393,0.056974,0.496094,0.035156,2
calibration-3317,calibration,general_qa,512,512,209,373,0.115914,0.417969,0.054688,2
calibration-3318,calibration,open_qa,512,512,64,134,0.526523,0.824219,0.123047,2
calibration-3319,calibration,classification,512,512,152,303,0.237721,0.527344,0.058594,2
calibration-3320,calibration,general_qa,512,512,154,267,0.300589,0.478516,0.046875,2
calibration-3321,calibration,closed_qa,512,512,78,123,0.681729,0.824219,0.160156,2
calibration-3322,calibration,classification,512,512,115,223,0.347741,0.548828,0.058594,2
calibration-3323,calibration,brainstorming,512,512,246,418,0.027505,0.408203,0.035156,2
calibration-3324,calibration,creative_writing,512,512,185,345,0.137525,0.457031,0.09375,2
calibration-3325,calibration,general_qa,512,512,193,372,0.11002,0.449219,0.060547,2
calibration-3326,calibration,brainstorming,512,512,163,307,0.235756,0.527344,0.050781,2
calibration-3327,calibration,open_qa,512,512,56,121,0.554028,0.806641,0.107422,3
calibration-3328,calibration,general_qa,512,512,140,272,0.263261,0.505859,0.074219,2
calibration-3329,calibration,closed_qa,512,512,137,290,0.204322,0.597656,0.042969,2
calibration-3330,calibration,closed_qa,512,512,128,196,0.508841,0.619141,0.103516,2
calibration-3331,calibration,open_qa,512,512,38,50,0.878193,0.722656,0.107422,2
calibration-3332,calibration,general_qa,512,512,88,170,0.53831,0.679688,0.050781,2
calibration-3333,calibration,general_qa,512,512,215,407,0.037328,0.466797,0.039062,2
calibration-3334,calibration,classification,512,512,202,391,0.056974,0.460938,0.042969,2
calibration-3335,calibration,closed_qa,512,512,74,125,0.699411,0.611328,0.064453,3
calibration-3336,calibration,open_qa,512,512,191,355,0.115914,0.431641,0.033203,2
calibration-3337,calibration,open_qa,512,512,168,323,0.18664,0.455078,0.054688,2
calibration-3338,calibration,open_qa,512,512,87,149,0.575639,0.654297,0.050781,2
calibration-3339,calibration,general_qa,512,512,103,184,0.499018,0.693359,0.082031,2
calibration-3340,calibration,open_qa,512,512,128,290,0.145383,0.583984,0.066406,2
calibration-3341,calibration,information_extraction,512,512,139,294,0.280943,0.535156,0.035156,3
calibration-3342,calibration,general_qa,512,512,59,102,0.687623,0.832031,0.064453,1
calibration-3343,calibration,general_qa,512,512,92,136,0.664047,0.669922,0.095703,2
calibration-3344,calibration,information_extraction,512,512,125,243,0.290766,0.554688,0.027344,2
calibration-3345,calibration,classification,512,512,181,340,0.149312,0.458984,0.0625,2
calibration-3346,calibration,creative_writing,512,512,220,425,0.033399,0.451172,0.035156,2
calibration-3347,calibration,open_qa,512,512,135,256,0.302554,0.53125,0.037109,2
calibration-3348,calibration,information_extraction,512,512,197,366,0.088409,0.419922,0.019531,2
calibration-3349,calibration,creative_writing,512,512,225,387,0.084479,0.445312,0.027344,2
calibration-3350,calibration,classification,512,512,95,132,0.500982,0.628906,0.0,1
calibration-3351,calibration,brainstorming,512,512,191,340,0.157171,0.503906,0.099609,2
calibration-3352,calibration,open_qa,512,512,107,237,0.265226,0.582031,0.023438,2
calibration-3353,calibration,open_qa,512,512,135,233,0.277014,0.494141,0.087891,1
calibration-3354,calibration,general_qa,512,512,194,391,0.072692,0.441406,0.035156,2
calibration-3355,calibration,closed_qa,512,512,120,222,0.404715,0.712891,0.033203,2
calibration-3356,calibration,brainstorming,512,512,84,172,0.481336,0.683594,0.072266,2
calibration-3357,calibration,open_qa,512,512,200,351,0.117878,0.445312,0.046875,2
calibration-3358,calibration,open_qa,512,512,201,391,0.066798,0.466797,0.060547,2
calibration-3359,calibration,closed_qa,512,512,185,366,0.086444,0.464844,0.050781,2
calibration-3360,calibration,summarization,512,512,161,283,0.27112,0.464844,0.03125,2
calibration-3361,calibration,summarization,512,512,138,260,0.265226,0.580078,0.023438,3
calibration-3362,calibration,closed_qa,512,512,120,220,0.434185,0.619141,0.089844,2
calibration-3363,calibration,summarization,512,512,72,117,0.579568,0.822266,0.148438,2
calibration-3364,calibration,general_qa,512,512,153,298,0.218075,0.498047,0.097656,2
calibration-3365,calibration,closed_qa,512,512,230,405,0.08055,0.341797,0.019531,2
calibration-3366,calibration,brainstorming,512,512,65,120,0.642436,0.759766,0.074219,2
calibration-3367,calibration,open_qa,512,512,78,149,0.536346,0.6875,0.136719,2
calibration-3368,calibration,closed_qa,512,512,113,235,0.37721,0.501953,0.03125,2
calibration-3369,calibration,information_extraction,512,512,65,103,0.726916,0.708984,0.082031,2
calibration-3370,calibration,classification,512,512,152,302,0.182711,0.554688,0.027344,1
calibration-3371,calibration,open_qa,512,512,144,231,0.469548,0.619141,0.074219,2
calibration-3372,calibration,summarization,512,512,108,217,0.324165,0.578125,0.039062,2
calibration-3373,calibration,closed_qa,512,512,165,336,0.115914,0.525391,0.023438,2
calibration-3374,calibration,information_extraction,512,512,139,252,0.359528,0.458984,0.035156,2
calibration-3375,calibration,open_qa,512,512,218,400,0.060904,0.455078,0.080078,2
calibration-3376,calibration,brainstorming,512,512,212,385,0.047151,0.492188,0.035156,2
calibration-3377,calibration,brainstorming,512,512,181,345,0.139489,0.507812,0.035156,2
calibration-3378,calibration,open_qa,512,512,194,312,0.231827,0.46875,0.060547,1
calibration-3379,calibration,summarization,512,512,43,93,0.734774,0.867188,0.023438,2
calibration-3380,calibration,general_qa,512,512,129,250,0.265226,0.605469,0.019531,2
calibration-3381,calibration,open_qa,512,512,182,320,0.196464,0.494141,0.074219,2
calibration-3382,calibration,information_extraction,512,512,194,372,0.086444,0.443359,0.041016,2
calibration-3383,calibration,brainstorming,512,512,152,232,0.46169,0.628906,0.072266,2
calibration-3384,calibration,closed_qa,512,512,113,185,0.51277,0.589844,0.046875,2
calibration-3385,calibration,classification,512,512,71,124,0.656189,0.820312,0.113281,2
calibration-3386,calibration,creative_writing,512,512,237,405,0.078585,0.4375,0.064453,2
calibration-3387,calibration,classification,512,512,107,210,0.341847,0.642578,0.023438,1
calibration-3388,calibration,classification,512,512,46,97,0.717092,0.892578,0.072266,1
calibration-3389,calibration,classification,512,512,129,235,0.335953,0.558594,0.091797,2
calibration-3390,calibration,closed_qa,512,512,101,183,0.481336,0.619141,0.048828,2
calibration-3391,calibration,classification,512,512,180,302,0.294695,0.482422,0.066406,2
calibration-3392,calibration,classification,512,512,37,62,0.825147,0.957031,0.138672,2
calibration-3393,calibration,classification,512,512,194,371,0.102161,0.419922,0.046875,2
calibration-3394,calibration,brainstorming,512,512,174,300,0.251473,0.476562,0.074219,2
calibration-3395,calibration,information_extraction,512,512,121,242,0.363458,0.539062,0.041016,2
calibration-3396,calibration,open_qa,512,512,184,350,0.127701,0.441406,0.070312,2
calibration-3397,calibration,summarization,512,512,144,254,0.388998,0.492188,0.041016,2
calibration-3398,calibration,open_qa,512,512,140,263,0.251473,0.566406,0.03125,2
calibration-3399,calibration,open_qa,512,512,68,124,0.626719,0.839844,0.109375,2
calibration-3400,calibration,summarization,512,512,137,225,0.444008,0.509766,0.046875,2
calibration-3401,calibration,general_qa,512,512,204,391,0.049116,0.46875,0.052734,2
calibration-3402,calibration,closed_qa,512,512,125,237,0.373281,0.546875,0.046875,2
calibration-3403,calibration,open_qa,512,512,181,336,0.166994,0.474609,0.03125,2
calibration-3404,calibration,open_qa,512,512,123,256,0.273084,0.554688,0.046875,2
calibration-3405,calibration,open_qa,512,512,121,231,0.371316,0.53125,0.039062,3
calibration-3406,calibration,creative_writing,512,512,144,298,0.172888,0.558594,0.03125,2
calibration-3407,calibration,general_qa,512,512,195,364,0.053045,0.5,0.044922,2
calibration-3408,calibration,brainstorming,512,512,165,327,0.170923,0.458984,0.029297,2
calibration-3409,calibration,general_qa,512,512,198,396,0.039293,0.439453,0.029297,2
calibration-3410,calibration,information_extraction,512,512,74,117,0.628684,0.847656,0.091797,2
calibration-3411,calibration,classification,512,512,122,248,0.300589,0.552734,0.058594,2
calibration-3412,calibration,closed_qa,512,512,225,374,0.117878,0.462891,0.048828,2
calibration-3413,calibration,general_qa,512,512,76,124,0.681729,0.595703,0.072266,2
calibration-3414,calibration,summarization,512,512,188,347,0.151277,0.476562,0.041016,2
calibration-3415,calibration,general_qa,512,512,162,283,0.239686,0.484375,0.054688,3
calibration-3416,calibration,classification,512,512,36,50,0.884086,0.96875,0.003906,2
calibration-3417,calibration,open_qa,512,512,220,387,0.086444,0.410156,0.064453,2
calibration-3418,calibration,general_qa,512,512,66,109,0.656189,0.900391,0.216797,3
calibration-3419,calibration,general_qa,512,512,209,384,0.064833,0.447266,0.033203,2
calibration-3420,calibration,general_qa,512,512,127,252,0.253438,0.589844,0.023438,2
calibration-3421,calibration,summarization,512,512,112,208,0.436149,0.623047,0.09375,2
calibration-3422,calibration,creative_writing,512,512,201,396,0.049116,0.458984,0.056641,2
calibration-3423,calibration,closed_qa,512,512,100,161,0.563851,0.759766,0.007812,2
calibration-3424,calibration,open_qa,512,512,63,105,0.705305,0.734375,0.085938,2
calibration-3425,calibration,open_qa,512,512,167,325,0.113949,0.521484,0.039062,2
calibration-3426,calibration,brainstorming,512,512,163,316,0.145383,0.490234,0.041016,2
calibration-3427,calibration,open_qa,512,512,237,414,0.041257,0.421875,0.035156,2
calibration-3428,calibration,general_qa,512,512,190,376,0.082515,0.460938,0.074219,2
calibration-3429,calibration,classification,512,512,217,414,0.013752,0.445312,0.025391,2
calibration-3430,calibration,brainstorming,512,512,158,308,0.192534,0.535156,0.048828,2
calibration-3431,calibration,closed_qa,512,512,181,329,0.19057,0.470703,0.082031,3
calibration-3432,calibration,summarization,512,512,69,147,0.516699,0.794922,0.054688,2
calibration-3433,calibration,closed_qa,512,512,213,389,0.051081,0.441406,0.058594,2
calibration-3434,calibration,summarization,512,512,205,388,0.092338,0.484375,0.023438,2
calibration-3435,calibration,open_qa,512,512,152,261,0.335953,0.482422,0.056641,2
calibration-3436,calibration,brainstorming,512,512,136,235,0.375246,0.527344,0.042969,2
calibration-3437,calibration,information_extraction,512,512,129,269,0.237721,0.558594,0.013672,2
calibration-3438,calibration,open_qa,512,512,33,46,0.86444,0.962891,0.0,1
calibration-3439,calibration,open_qa,512,512,158,326,0.137525,0.492188,0.048828,2
calibration-3440,calibration,open_qa,512,512,182,336,0.11002,0.462891,0.03125,2
calibration-3441,calibration,closed_qa,512,512,190,334,0.153242,0.455078,0.035156,3
calibration-3442,calibration,general_qa,512,512,125,248,0.288802,0.576172,0.033203,2
calibration-3443,calibration,information_extraction,512,512,143,262,0.306483,0.548828,0.039062,2
calibration-3444,calibration,information_extraction,512,512,132,288,0.180747,0.613281,0.027344,2
calibration-3445,calibration,general_qa,512,512,200,367,0.133595,0.453125,0.046875,2
calibration-3446,calibration,classification,512,512,172,327,0.174853,0.449219,0.054688,2
calibration-3447,calibration,brainstorming,512,512,68,145,0.53831,0.730469,0.023438,3
calibration-3448,calibration,general_qa,512,512,180,360,0.113949,0.458984,0.076172,2
calibration-3449,calibration,creative_writing,512,512,174,291,0.345776,0.443359,0.050781,2
calibration-3450,calibration,brainstorming,512,512,192,332,0.180747,0.425781,0.052734,2
calibration-3451,calibration,open_qa,512,512,103,176,0.508841,0.599609,0.072266,2
calibration-3452,calibration,open_qa,512,512,186,351,0.102161,0.525391,0.025391,2
calibration-3453,calibration,open_qa,512,512,144,242,0.304519,0.552734,0.109375,2
calibration-3454,calibration,open_qa,512,512,205,367,0.133595,0.441406,0.039062,2
calibration-3455,calibration,classification,512,512,226,431,0.011788,0.480469,0.037109,2
calibration-3456,calibration,classification,512,512,167,342,0.102161,0.441406,0.048828,2
calibration-3457,calibration,creative_writing,512,512,160,284,0.284872,0.470703,0.082031,2
calibration-3458,calibration,open_qa,512,512,79,137,0.626719,0.839844,0.185547,2
calibration-3459,calibration,creative_writing,512,512,155,340,0.084479,0.542969,0.019531,2
calibration-3460,calibration,brainstorming,512,512,213,378,0.11002,0.423828,0.064453,2
calibration-3461,calibration,open_qa,512,512,94,151,0.656189,0.542969,0.068359,2
calibration-3462,calibration,open_qa,512,512,135,264,0.288802,0.591797,0.109375,2
calibration-3463,calibration,open_qa,512,512,91,196,0.306483,0.744141,0.109375,2
calibration-3464,calibration,information_extraction,512,512,142,293,0.229862,0.572266,0.029297,2
calibration-3465,calibration,closed_qa,512,512,170,296,0.237721,0.537109,0.039062,2
calibration-3466,calibration,open_qa,512,512,168,340,0.108055,0.503906,0.056641,2
calibration-3467,calibration,information_extraction,512,512,208,397,0.021611,0.462891,0.035156,2
calibration-3468,calibration,classification,512,512,185,379,0.047151,0.451172,0.03125,2
calibration-3469,calibration,classification,512,512,115,217,0.430255,0.646484,0.050781,2
calibration-3470,calibration,information_extraction,512,512,99,157,0.561886,0.628906,0.074219,2
calibration-3471,calibration,open_qa,512,512,176,341,0.119843,0.488281,0.0625,2
calibration-3472,calibration,closed_qa,512,512,188,346,0.111984,0.427734,0.019531,3
calibration-3473,calibration,general_qa,512,512,154,299,0.172888,0.472656,0.035156,2
calibration-3474,calibration,closed_qa,512,512,176,289,0.257367,0.416016,0.009766,2
calibration-3475,calibration,open_qa,512,512,165,292,0.267191,0.464844,0.078125,2
calibration-3476,calibration,closed_qa,512,512,141,240,0.463654,0.509766,0.054688,2
calibration-3477,calibration,summarization,512,512,179,357,0.10609,0.460938,0.058594,2
calibration-3478,calibration,brainstorming,512,512,207,369,0.088409,0.445312,0.0625,2
calibration-3479,calibration,brainstorming,512,512,202,397,0.047151,0.462891,0.03125,2
calibration-3480,calibration,summarization,512,512,195,342,0.137525,0.492188,0.046875,2
calibration-3481,calibration,information_extraction,512,512,137,276,0.243615,0.583984,0.046875,2
calibration-3482,calibration,closed_qa,512,512,171,342,0.11002,0.480469,0.025391,3
calibration-3483,calibration,open_qa,512,512,107,268,0.172888,0.59375,0.046875,2
calibration-3484,calibration,closed_qa,512,512,173,333,0.127701,0.517578,0.048828,3
calibration-3485,calibration,open_qa,512,512,115,208,0.455796,0.576172,0.128906,2
calibration-3486,calibration,summarization,512,512,199,362,0.115914,0.416016,0.054688,2
calibration-3487,calibration,brainstorming,512,512,221,388,0.090373,0.441406,0.050781,2
calibration-3488,calibration,general_qa,512,512,203,374,0.078585,0.478516,0.0625,2
calibration-3489,calibration,closed_qa,512,512,130,271,0.21611,0.564453,0.0625,2
calibration-3490,calibration,general_qa,512,512,194,325,0.212181,0.472656,0.089844,2
calibration-3491,calibration,summarization,512,512,174,321,0.214145,0.486328,0.0625,2
calibration-3492,calibration,brainstorming,512,512,195,360,0.088409,0.486328,0.076172,2
calibration-3493,calibration,open_qa,512,512,150,308,0.139489,0.560547,0.042969,3
calibration-3494,calibration,information_extraction,512,512,138,278,0.263261,0.537109,0.091797,2
calibration-3495,calibration,open_qa,512,512,232,418,0.053045,0.441406,0.035156,2
calibration-3496,calibration,open_qa,512,512,122,243,0.324165,0.580078,0.033203,2
calibration-3497,calibration,brainstorming,512,512,220,405,0.084479,0.410156,0.041016,2
calibration-3498,calibration,information_extraction,512,512,139,272,0.257367,0.525391,0.078125,2
calibration-3499,calibration,brainstorming,512,512,144,285,0.259332,0.585938,0.029297,2
calibration-3500,calibration,open_qa,512,512,179,340,0.155206,0.513672,0.039062,2
calibration-3501,calibration,classification,512,512,195,363,0.117878,0.421875,0.072266,2
calibration-3502,calibration,open_qa,512,512,143,266,0.286837,0.550781,0.080078,2
calibration-3503,calibration,brainstorming,512,512,52,62,0.854617,0.9375,0.226562,1
calibration-3504,calibration,general_qa,512,512,155,285,0.277014,0.554688,0.042969,2
calibration-3505,calibration,classification,512,512,204,411,0.02947,0.462891,0.027344,2
calibration-3506,calibration,classification,512,512,68,98,0.717092,0.882812,0.0,1
calibration-3507,calibration,open_qa,512,512,166,331,0.153242,0.466797,0.041016,2
calibration-3508,calibration,classification,512,512,40,80,0.748527,0.884766,0.160156,2
calibration-3509,calibration,summarization,512,512,138,263,0.318271,0.515625,0.050781,3
calibration-3510,calibration,general_qa,512,512,31,51,0.856582,0.878906,0.085938,2
calibration-3511,calibration,classification,512,512,39,102,0.607073,0.945312,0.046875,2
calibration-3512,calibration,information_extraction,512,512,151,246,0.388998,0.470703,0.03125,2
calibration-3513,calibration,open_qa,512,512,200,386,0.047151,0.464844,0.041016,2
calibration-3514,calibration,open_qa,512,512,129,239,0.282908,0.603516,0.166016,2
calibration-3515,calibration,closed_qa,512,512,165,316,0.214145,0.466797,0.052734,2
calibration-3516,calibration,general_qa,512,512,200,401,0.049116,0.451172,0.058594,2
calibration-3517,calibration,open_qa,512,512,115,221,0.35167,0.697266,0.076172,2
calibration-3518,calibration,general_qa,512,512,213,372,0.084479,0.425781,0.048828,2
calibration-3519,calibration,open_qa,512,512,183,308,0.310413,0.4375,0.074219,2
calibration-3520,calibration,classification,512,512,137,261,0.288802,0.554688,0.03125,2
calibration-3521,calibration,classification,512,512,155,270,0.333988,0.455078,0.076172,2
calibration-3522,calibration,brainstorming,512,512,197,367,0.098232,0.496094,0.072266,2
calibration-3523,calibration,classification,512,512,73,150,0.544204,0.738281,0.099609,2
calibration-3524,calibration,open_qa,512,512,161,286,0.255403,0.558594,0.140625,2
calibration-3525,calibration,open_qa,512,512,206,362,0.10609,0.449219,0.044922,2
calibration-3526,calibration,open_qa,512,512,211,394,0.062868,0.447266,0.070312,2
calibration-3527,calibration,brainstorming,512,512,179,319,0.210216,0.541016,0.03125,2
calibration-3528,calibration,classification,512,512,46,78,0.776031,0.925781,0.185547,2
calibration-3529,calibration,open_qa,512,512,98,196,0.438114,0.710938,0.054688,2
calibration-3530,calibration,general_qa,512,512,169,325,0.176817,0.464844,0.048828,2
calibration-3531,calibration,open_qa,512,512,195,363,0.096267,0.457031,0.027344,2
calibration-3532,calibration,open_qa,512,512,147,281,0.204322,0.484375,0.076172,1
calibration-3533,calibration,brainstorming,512,512,152,274,0.345776,0.486328,0.126953,2
calibration-3534,calibration,classification,512,512,118,211,0.371316,0.566406,0.085938,2
calibration-3535,calibration,general_qa,512,512,155,343,0.100196,0.494141,0.03125,2
calibration-3536,calibration,open_qa,512,512,151,290,0.249509,0.466797,0.035156,2
calibration-3537,calibration,summarization,512,512,131,204,0.510806,0.492188,0.076172,2
calibration-3538,calibration,classification,512,512,157,300,0.267191,0.416016,0.046875,2
calibration-3539,calibration,information_extraction,512,512,87,155,0.53831,0.667969,0.082031,3
calibration-3540,calibration,classification,512,512,95,147,0.6778,0.644531,0.080078,2
calibration-3541,calibration,general_qa,512,512,121,235,0.335953,0.578125,0.0625,2
calibration-3542,calibration,summarization,512,512,188,382,0.037328,0.466797,0.019531,2
calibration-3543,calibration,classification,512,512,154,281,0.302554,0.535156,0.0625,2
calibration-3544,calibration,brainstorming,512,512,58,124,0.526523,0.890625,0.033203,2
calibration-3545,calibration,general_qa,512,512,187,326,0.222004,0.445312,0.03125,2
calibration-3546,calibration,open_qa,512,512,141,245,0.294695,0.570312,0.136719,2
calibration-3547,calibration,information_extraction,512,512,115,217,0.414538,0.652344,0.074219,3
calibration-3548,calibration,information_extraction,512,512,205,375,0.058939,0.425781,0.035156,2
calibration-3549,calibration,classification,512,512,98,183,0.48723,0.617188,0.058594,2
calibration-3550,calibration,information_extraction,512,512,123,251,0.288802,0.570312,0.021484,2
calibration-3551,calibration,open_qa,512,512,170,305,0.267191,0.476562,0.035156,2
calibration-3552,calibration,open_qa,512,512,200,385,0.086444,0.429688,0.058594,2
calibration-3553,calibration,open_qa,512,512,198,360,0.10609,0.435547,0.044922,3
calibration-3554,calibration,open_qa,512,512,191,389,0.064833,0.464844,0.052734,2
calibration-3555,calibration,creative_writing,512,512,86,165,0.557957,0.734375,0.042969,1
calibration-3556,calibration,open_qa,512,512,77,115,0.746562,0.566406,0.050781,2
calibration-3557,calibration,classification,512,512,136,271,0.231827,0.576172,0.027344,2
calibration-3558,calibration,summarization,512,512,143,296,0.220039,0.568359,0.048828,2
calibration-3559,calibration,open_qa,512,512,187,339,0.137525,0.457031,0.027344,2
calibration-3560,calibration,open_qa,512,512,135,232,0.434185,0.589844,0.03125,2
calibration-3561,calibration,creative_writing,512,512,179,351,0.1611,0.53125,0.080078,2
calibration-3562,calibration,classification,512,512,26,41,0.866405,0.988281,0.023438,2
calibration-3563,calibration,classification,512,512,228,421,0.019646,0.402344,0.039062,2
calibration-3564,calibration,open_qa,512,512,224,414,0.041257,0.451172,0.039062,2
calibration-3565,calibration,general_qa,512,512,183,336,0.188605,0.449219,0.046875,2
calibration-3566,calibration,creative_writing,512,512,128,257,0.284872,0.607422,0.054688,2
calibration-3567,calibration,brainstorming,512,512,170,288,0.284872,0.464844,0.082031,2
calibration-3568,calibration,creative_writing,512,512,195,404,0.072692,0.482422,0.050781,2
calibration-3569,calibration,summarization,512,512,127,248,0.355599,0.515625,0.068359,2
calibration-3570,calibration,information_extraction,512,512,106,201,0.436149,0.517578,0.068359,2
calibration-3571,calibration,general_qa,512,512,135,217,0.485265,0.552734,0.109375,2
calibration-3572,calibration,summarization,512,512,142,292,0.202358,0.537109,0.037109,2
calibration-3573,calibration,brainstorming,512,512,225,412,0.047151,0.40625,0.03125,2
calibration-3574,calibration,classification,512,512,172,322,0.182711,0.451172,0.023438,2
calibration-3575,calibration,general_qa,512,512,184,385,0.072692,0.470703,0.044922,2
calibration-3576,calibration,open_qa,512,512,86,178,0.459725,0.697266,0.03125,2
calibration-3577,calibration,general_qa,512,512,222,408,0.064833,0.431641,0.041016,2
calibration-3578,calibration,open_qa,512,512,106,178,0.510806,0.677734,0.109375,3
calibration-3579,calibration,closed_qa,512,512,183,373,0.058939,0.480469,0.027344,2
calibration-3580,calibration,general_qa,512,512,87,211,0.32613,0.683594,0.046875,2
calibration-3581,calibration,information_extraction,512,512,159,298,0.24165,0.589844,0.044922,2
calibration-3582,calibration,brainstorming,512,512,155,300,0.233792,0.488281,0.060547,2
calibration-3583,calibration,open_qa,512,512,113,234,0.306483,0.634766,0.052734,2
calibration-3584,calibration,summarization,512,512,155,253,0.341847,0.494141,0.085938,2
calibration-3585,calibration,general_qa,512,512,196,399,0.043222,0.441406,0.027344,2
calibration-3586,calibration,open_qa,512,512,108,177,0.420432,0.667969,0.121094,2
calibration-3587,calibration,information_extraction,512,512,180,305,0.212181,0.455078,0.033203,2
calibration-3588,calibration,brainstorming,512,512,160,257,0.300589,0.634766,0.158203,2
calibration-3589,calibration,open_qa,512,512,128,189,0.493124,0.664062,0.039062,8
calibration-3590,calibration,brainstorming,512,512,123,204,0.475442,0.476562,0.070312,2
calibration-3591,calibration,closed_qa,512,512,214,387,0.056974,0.431641,0.035156,2
calibration-3592,calibration,open_qa,512,512,34,58,0.817289,0.921875,0.058594,2
calibration-3593,calibration,brainstorming,512,512,221,406,0.02947,0.451172,0.039062,2
calibration-3594,calibration,creative_writing,512,512,208,398,0.05501,0.443359,0.056641,2
calibration-3595,calibration,open_qa,512,512,200,390,0.05501,0.451172,0.052734,2
calibration-3596,calibration,open_qa,512,512,223,402,0.021611,0.421875,0.056641,2
calibration-3597,calibration,open_qa,512,512,186,319,0.251473,0.494141,0.050781,2
calibration-3598,calibration,general_qa,512,512,182,355,0.104126,0.5,0.041016,2
calibration-3599,calibration,creative_writing,512,512,142,288,0.208251,0.511719,0.03125,2
calibration-3600,calibration,classification,512,512,149,247,0.388998,0.611328,0.146484,2
calibration-3601,calibration,classification,512,512,205,378,0.053045,0.433594,0.033203,2
calibration-3602,calibration,open_qa,512,512,176,335,0.121807,0.505859,0.058594,2
calibration-3603,calibration,general_qa,512,512,234,422,0.023576,0.412109,0.015625,2
calibration-3604,calibration,general_qa,512,512,102,161,0.581532,0.761719,0.113281,2
calibration-3605,calibration,closed_qa,512,512,129,233,0.394892,0.519531,0.103516,2
calibration-3606,calibration,open_qa,512,512,22,38,0.876228,0.996094,0.179688,2
calibration-3607,calibration,general_qa,512,512,175,355,0.094303,0.521484,0.029297,2
calibration-3608,calibration,open_qa,512,512,95,203,0.410609,0.650391,0.074219,2
calibration-3609,calibration,information_extraction,512,512,136,293,0.180747,0.650391,0.035156,2
calibration-3610,calibration,classification,512,512,183,356,0.060904,0.525391,0.023438,2
calibration-3611,calibration,general_qa,512,512,129,228,0.434185,0.533203,0.09375,2
calibration-3612,calibration,brainstorming,512,512,180,329,0.214145,0.458984,0.044922,2
calibration-3613,calibration,classification,512,512,175,323,0.188605,0.46875,0.027344,3
calibration-3614,calibration,closed_qa,512,512,96,180,0.459725,0.769531,0.095703,2
calibration-3615,calibration,open_qa,512,512,171,307,0.208251,0.578125,0.15625,2
calibration-3616,calibration,classification,512,512,148,265,0.247544,0.613281,0.111328,2
calibration-3617,calibration,general_qa,512,512,134,289,0.159136,0.576172,0.080078,2
calibration-3618,calibration,information_extraction,512,512,190,322,0.192534,0.464844,0.070312,2
calibration-3619,calibration,summarization,512,512,126,227,0.420432,0.556641,0.044922,3
calibration-3620,calibration,creative_writing,512,512,175,338,0.11002,0.542969,0.027344,2
calibration-3621,calibration,classification,512,512,57,110,0.591356,0.921875,0.0,4
calibration-3622,calibration,open_qa,512,512,194,370,0.082515,0.464844,0.078125,2
calibration-3623,calibration,creative_writing,512,512,159,335,0.131631,0.501953,0.027344,2
calibration-3624,calibration,closed_qa,512,512,102,181,0.444008,0.714844,0.162109,2
calibration-3625,calibration,open_qa,512,512,73,132,0.642436,0.853516,0.125,3
calibration-3626,calibration,general_qa,512,512,213,399,0.053045,0.445312,0.035156,2
calibration-3627,calibration,open_qa,512,512,203,401,0.051081,0.439453,0.039062,2
calibration-3628,calibration,classification,512,512,153,315,0.145383,0.525391,0.039062,2
calibration-3629,calibration,information_extraction,512,512,42,100,0.620825,0.955078,0.097656,2
calibration-3630,calibration,information_extraction,512,512,142,248,0.3222,0.558594,0.03125,2
calibration-3631,calibration,summarization,512,512,72,105,0.742633,0.884766,0.107422,2
calibration-3632,calibration,general_qa,512,512,205,360,0.119843,0.453125,0.050781,2
calibration-3633,calibration,open_qa,512,512,124,249,0.27112,0.660156,0.03125,5
calibration-3634,calibration,general_qa,512,512,187,360,0.11002,0.472656,0.048828,2
calibration-3635,calibration,summarization,512,512,147,291,0.206287,0.548828,0.027344,3
calibration-3636,calibration,classification,512,512,174,319,0.170923,0.494141,0.027344,2
calibration-3637,calibration,creative_writing,512,512,192,350,0.137525,0.496094,0.060547,2
calibration-3638,calibration,closed_qa,512,512,155,310,0.19057,0.4375,0.060547,2
calibration-3639,calibration,open_qa,512,512,183,338,0.139489,0.527344,0.029297,2
calibration-3640,calibration,open_qa,512,512,62,104,0.642436,0.888672,0.126953,2
calibration-3641,calibration,summarization,512,512,73,132,0.555992,0.753906,0.111328,2
calibration-3642,calibration,information_extraction,512,512,151,286,0.237721,0.509766,0.03125,3
calibration-3643,calibration,general_qa,512,512,56,98,0.701375,0.808594,0.119141,2
calibration-3644,calibration,general_qa,512,512,168,267,0.365422,0.466797,0.091797,4
calibration-3645,calibration,open_qa,512,512,162,329,0.123772,0.513672,0.048828,2
calibration-3646,calibration,closed_qa,512,512,95,173,0.571709,0.759766,0.033203,2
calibration-3647,calibration,brainstorming,512,512,92,150,0.62279,0.708984,0.105469,2
calibration-3648,calibration,closed_qa,512,512,138,270,0.273084,0.572266,0.015625,1
calibration-3649,calibration,closed_qa,512,512,210,384,0.053045,0.46875,0.03125,2
calibration-3650,calibration,closed_qa,512,512,141,282,0.229862,0.492188,0.017578,2
calibration-3651,calibration,brainstorming,512,512,195,385,0.070727,0.484375,0.027344,2
calibration-3652,calibration,open_qa,512,512,37,50,0.876228,0.966797,0.128906,2
calibration-3653,calibration,open_qa,512,512,180,370,0.10609,0.470703,0.050781,2
calibration-3654,calibration,open_qa,512,512,231,407,0.05501,0.4375,0.066406,2
calibration-3655,calibration,open_qa,512,512,141,272,0.247544,0.570312,0.058594,2
calibration-3656,calibration,information_extraction,512,512,179,315,0.176817,0.505859,0.011719,2
calibration-3657,calibration,closed_qa,512,512,80,136,0.644401,0.759766,0.15625,2
calibration-3658,calibration,classification,512,512,166,312,0.233792,0.496094,0.03125,2
calibration-3659,calibration,creative_writing,512,512,202,390,0.045187,0.492188,0.041016,2
calibration-3660,calibration,brainstorming,512,512,195,359,0.102161,0.431641,0.046875,2
calibration-3661,calibration,creative_writing,512,512,224,423,0.027505,0.451172,0.037109,2
calibration-3662,calibration,open_qa,512,512,104,200,0.422397,0.599609,0.152344,2
calibration-3663,calibration,open_qa,512,512,147,243,0.449902,0.470703,0.042969,2
calibration-3664,calibration,brainstorming,512,512,162,292,0.206287,0.525391,0.050781,2
calibration-3665,calibration,general_qa,512,512,14,19,0.943026,1.0,0.123047,2
calibration-3666,calibration,open_qa,512,512,165,323,0.153242,0.474609,0.048828,2
calibration-3667,calibration,classification,512,512,150,280,0.288802,0.496094,0.035156,2
calibration-3668,calibration,information_extraction,512,512,62,114,0.687623,0.673828,0.007812,2
calibration-3669,calibration,information_extraction,512,512,119,200,0.483301,0.521484,0.101562,2
calibration-3670,calibration,classification,512,512,101,181,0.502947,0.683594,0.041016,2
calibration-3671,calibration,classification,512,512,143,259,0.347741,0.523438,0.074219,2
calibration-3672,calibration,open_qa,512,512,161,314,0.155206,0.501953,0.076172,2
calibration-3673,calibration,general_qa,512,512,192,367,0.074656,0.496094,0.054688,2
calibration-3674,calibration,open_qa,512,512,210,384,0.051081,0.427734,0.03125,2
calibration-3675,calibration,closed_qa,512,512,117,265,0.229862,0.607422,0.050781,3
calibration-3676,calibration,closed_qa,512,512,186,353,0.072692,0.53125,0.060547,2
calibration-3677,calibration,general_qa,512,512,57,105,0.632613,0.761719,0.070312,2
calibration-3678,calibration,classification,512,512,137,218,0.445972,0.503906,0.072266,2
calibration-3679,calibration,open_qa,512,512,28,77,0.654224,0.921875,0.046875,3
calibration-3680,calibration,creative_writing,512,512,222,422,0.033399,0.443359,0.050781,2
calibration-3681,calibration,brainstorming,512,512,143,281,0.225933,0.574219,0.072266,2
calibration-3682,calibration,open_qa,512,512,164,291,0.318271,0.482422,0.042969,2
calibration-3683,calibration,information_extraction,512,512,147,260,0.349705,0.548828,0.101562,2
calibration-3684,calibration,creative_writing,512,512,119,243,0.332024,0.599609,0.033203,9
calibration-3685,calibration,information_extraction,512,512,213,348,0.235756,0.4375,0.048828,2
calibration-3686,calibration,classification,512,512,65,116,0.6778,0.822266,0.064453,3
calibration-3687,calibration,classification,512,512,85,133,0.675835,0.552734,0.095703,2
calibration-3688,calibration,summarization,512,512,165,286,0.269155,0.505859,0.027344,3
calibration-3689,calibration,general_qa,512,512,185,354,0.117878,0.472656,0.054688,2
calibration-3690,calibration,general_qa,512,512,183,356,0.104126,0.464844,0.042969,2
calibration-3691,calibration,brainstorming,512,512,70,172,0.424361,0.753906,0.037109,2
calibration-3692,calibration,summarization,512,512,71,117,0.681729,0.822266,0.091797,2
calibration-3693,calibration,classification,512,512,62,151,0.404715,0.791016,0.142578,2
calibration-3694,calibration,information_extraction,512,512,167,304,0.208251,0.541016,0.050781,2
calibration-3695,calibration,open_qa,512,512,141,273,0.218075,0.525391,0.044922,2
calibration-3696,calibration,general_qa,512,512,120,193,0.508841,0.621094,0.134766,2
calibration-3697,calibration,open_qa,512,512,167,330,0.131631,0.519531,0.070312,2
calibration-3698,calibration,general_qa,512,512,87,129,0.715128,0.695312,0.103516,2
calibration-3699,calibration,classification,512,512,246,429,0.009823,0.404297,0.042969,2
calibration-3700,calibration,brainstorming,512,512,110,176,0.561886,0.703125,0.078125,2
calibration-3701,calibration,information_extraction,512,512,172,309,0.202358,0.507812,0.044922,2
calibration-3702,calibration,classification,512,512,95,157,0.571709,0.748047,0.074219,2
calibration-3703,calibration,summarization,512,512,178,334,0.121807,0.441406,0.044922,2
calibration-3704,calibration,open_qa,512,512,182,346,0.13556,0.494141,0.076172,2
calibration-3705,calibration,classification,512,512,143,266,0.233792,0.630859,0.039062,3
calibration-3706,calibration,general_qa,512,512,191,374,0.090373,0.462891,0.046875,2
calibration-3707,calibration,closed_qa,512,512,123,233,0.343811,0.609375,0.082031,2
calibration-3708,calibration,general_qa,512,512,203,385,0.056974,0.480469,0.039062,2
calibration-3709,calibration,brainstorming,512,512,100,158,0.614931,0.523438,0.003906,1
calibration-3710,calibration,open_qa,512,512,71,123,0.695481,0.632812,0.048828,2
calibration-3711,calibration,open_qa,512,512,222,421,0.013752,0.412109,0.041016,2
calibration-3712,calibration,open_qa,512,512,140,261,0.373281,0.615234,0.037109,2
calibration-3713,calibration,summarization,512,512,131,268,0.220039,0.599609,0.025391,2
calibration-3714,calibration,general_qa,512,512,174,347,0.102161,0.482422,0.048828,2
calibration-3715,calibration,information_extraction,512,512,133,270,0.24558,0.617188,0.052734,2
calibration-3716,calibration,open_qa,512,512,199,359,0.141454,0.451172,0.058594,2
calibration-3717,calibration,creative_writing,512,512,184,354,0.068762,0.535156,0.03125,2
calibration-3718,calibration,closed_qa,512,512,75,132,0.618861,0.576172,0.097656,2
calibration-3719,calibration,open_qa,512,512,170,333,0.133595,0.529297,0.021484,2
calibration-3720,calibration,classification,512,512,39,84,0.559921,0.939453,0.001953,3
calibration-3721,calibration,brainstorming,512,512,176,305,0.255403,0.457031,0.058594,2
calibration-3722,calibration,brainstorming,512,512,172,310,0.233792,0.484375,0.070312,3
calibration-3723,calibration,general_qa,512,512,229,437,0.015717,0.435547,0.027344,2
calibration-3724,calibration,open_qa,512,512,184,310,0.267191,0.400391,0.03125,2
calibration-3725,calibration,classification,512,512,142,305,0.129666,0.507812,0.0625,2
calibration-3726,calibration,open_qa,512,512,189,354,0.100196,0.46875,0.058594,2
calibration-3727,calibration,general_qa,512,512,217,398,0.041257,0.458984,0.058594,2
calibration-3728,calibration,information_extraction,512,512,159,324,0.100196,0.5625,0.023438,2
calibration-3729,calibration,summarization,512,512,170,336,0.149312,0.517578,0.042969,2
calibration-3730,calibration,open_qa,512,512,83,177,0.394892,0.667969,0.021484,2
calibration-3731,calibration,summarization,512,512,81,153,0.552063,0.738281,0.087891,2
calibration-3732,calibration,general_qa,512,512,135,214,0.530452,0.423828,0.050781,2
calibration-3733,calibration,information_extraction,512,512,128,225,0.455796,0.501953,0.056641,2
calibration-3734,calibration,brainstorming,512,512,171,330,0.204322,0.501953,0.115234,2
calibration-3735,calibration,open_qa,512,512,226,427,0.023576,0.429688,0.023438,2
calibration-3736,calibration,brainstorming,512,512,214,365,0.192534,0.408203,0.050781,2
calibration-3737,calibration,creative_writing,512,512,198,395,0.033399,0.492188,0.041016,2
calibration-3738,calibration,closed_qa,512,512,72,109,0.744597,0.589844,0.078125,2
calibration-3739,calibration,creative_writing,512,512,207,396,0.035363,0.515625,0.042969,2
calibration-3740,calibration,information_extraction,512,512,190,384,0.051081,0.447266,0.019531,3
calibration-3741,calibration,general_qa,512,512,121,240,0.365422,0.599609,0.082031,2
calibration-3742,calibration,summarization,512,512,179,384,0.045187,0.46875,0.041016,2
calibration-3743,calibration,creative_writing,512,512,172,316,0.170923,0.480469,0.025391,3
calibration-3744,calibration,summarization,512,512,73,103,0.766208,0.875,0.113281,2
calibration-3745,calibration,information_extraction,512,512,178,341,0.141454,0.486328,0.019531,2
calibration-3746,calibration,creative_writing,512,512,191,381,0.070727,0.423828,0.050781,2
calibration-3747,calibration,open_qa,512,512,154,256,0.396857,0.466797,0.052734,2
calibration-3748,calibration,summarization,512,512,40,85,0.693517,0.873047,0.056641,2
calibration-3749,calibration,closed_qa,512,512,105,184,0.514735,0.630859,0.052734,2
calibration-3750,calibration,creative_writing,512,512,153,231,0.491159,0.642578,0.195312,2
calibration-3751,calibration,open_qa,512,512,82,127,0.6778,0.541016,0.056641,2
calibration-3752,calibration,closed_qa,512,512,82,137,0.630648,0.802734,0.039062,2
calibration-3753,calibration,open_qa,512,512,160,290,0.214145,0.455078,0.033203,2
calibration-3754,calibration,summarization,512,512,124,231,0.359528,0.587891,0.072266,2
calibration-3755,calibration,closed_qa,512,512,159,319,0.143418,0.541016,0.015625,2
calibration-3756,calibration,general_qa,512,512,154,287,0.269155,0.517578,0.076172,2
calibration-3757,calibration,information_extraction,512,512,176,320,0.21611,0.505859,0.107422,2
calibration-3758,calibration,information_extraction,512,512,169,305,0.261297,0.480469,0.011719,2
calibration-3759,calibration,open_qa,512,512,176,314,0.249509,0.439453,0.041016,2
calibration-3760,calibration,brainstorming,512,512,201,398,0.045187,0.457031,0.044922,2
calibration-3761,calibration,open_qa,512,512,90,154,0.56778,0.636719,0.078125,2
calibration-3762,calibration,summarization,512,512,110,187,0.552063,0.751953,0.101562,2
calibration-3763,calibration,classification,512,512,90,154,0.585462,0.759766,0.027344,1
calibration-3764,calibration,general_qa,512,512,166,344,0.094303,0.494141,0.042969,2
calibration-3765,calibration,information_extraction,512,512,114,168,0.601179,0.683594,0.111328,2
calibration-3766,calibration,classification,512,512,97,159,0.506876,0.699219,0.046875,2
calibration-3767,calibration,brainstorming,512,512,199,383,0.094303,0.427734,0.082031,2
calibration-3768,calibration,open_qa,512,512,160,330,0.088409,0.513672,0.003906,2
calibration-3769,calibration,classification,512,512,112,205,0.504912,0.503906,0.027344,1
calibration-3770,calibration,summarization,512,512,113,203,0.508841,0.529297,0.109375,2
calibration-3771,calibration,general_qa,512,512,165,338,0.111984,0.519531,0.027344,3
calibration-3772,calibration,information_extraction,512,512,131,263,0.206287,0.615234,0.019531,2
calibration-3773,calibration,classification,512,512,133,237,0.436149,0.595703,0.0625,2
calibration-3774,calibration,classification,512,512,96,176,0.518664,0.628906,0.082031,2
calibration-3775,calibration,classification,512,512,196,350,0.100196,0.453125,0.0625,2
calibration-3776,calibration,classification,512,512,108,199,0.355599,0.707031,0.041016,2
calibration-3777,calibration,general_qa,512,512,156,315,0.119843,0.59375,0.019531,2
calibration-3778,calibration,closed_qa,512,512,137,237,0.394892,0.552734,0.115234,2
calibration-3779,calibration,summarization,512,512,179,309,0.265226,0.501953,0.039062,3
calibration-3780,calibration,open_qa,512,512,151,292,0.239686,0.537109,0.027344,2
calibration-3781,calibration,open_qa,512,512,126,266,0.210216,0.605469,0.037109,2
calibration-3782,calibration,summarization,512,512,142,268,0.298625,0.515625,0.019531,2
calibration-3783,calibration,classification,512,512,156,266,0.345776,0.488281,0.068359,2
calibration-3784,calibration,general_qa,512,512,123,230,0.357564,0.587891,0.019531,2
calibration-3785,calibration,closed_qa,512,512,150,263,0.333988,0.425781,0.050781,2
calibration-3786,calibration,general_qa,512,512,191,361,0.139489,0.40625,0.021484,2
calibration-3787,calibration,classification,512,512,175,354,0.098232,0.449219,0.039062,2
calibration-3788,calibration,closed_qa,512,512,93,163,0.571709,0.513672,0.029297,2
calibration-3789,calibration,open_qa,512,512,177,328,0.165029,0.529297,0.03125,2
calibration-3790,calibration,summarization,512,512,223,374,0.082515,0.427734,0.023438,2
calibration-3791,calibration,general_qa,512,512,183,343,0.157171,0.501953,0.046875,2
calibration-3792,calibration,information_extraction,512,512,86,133,0.681729,0.552734,0.054688,2
calibration-3793,calibration,information_extraction,512,512,50,80,0.805501,0.869141,0.191406,2
calibration-3794,calibration,open_qa,512,512,114,248,0.253438,0.603516,0.054688,3
calibration-3795,calibration,classification,512,512,111,191,0.571709,0.636719,0.03125,1
calibration-3796,calibration,open_qa,512,512,203,378,0.117878,0.425781,0.046875,2
calibration-3797,calibration,closed_qa,512,512,76,126,0.683694,0.675781,0.107422,2
calibration-3798,calibration,classification,512,512,157,306,0.176817,0.525391,0.078125,2
calibration-3799,calibration,open_qa,512,512,177,320,0.227898,0.488281,0.048828,2
calibration-3800,calibration,closed_qa,512,512,222,401,0.056974,0.408203,0.046875,2
calibration-3801,calibration,closed_qa,512,512,184,326,0.182711,0.474609,0.0625,2
calibration-3802,calibration,classification,512,512,97,188,0.442043,0.683594,0.193359,2
calibration-3803,calibration,closed_qa,512,512,177,316,0.257367,0.449219,0.042969,2
calibration-3804,calibration,general_qa,512,512,76,167,0.394892,0.808594,0.025391,2
calibration-3805,calibration,open_qa,512,512,147,280,0.218075,0.525391,0.041016,2
calibration-3806,calibration,general_qa,512,512,216,417,0.043222,0.427734,0.044922,2
calibration-3807,calibration,open_qa,512,512,100,177,0.589391,0.605469,0.001953,1
calibration-3808,calibration,summarization,512,512,124,204,0.491159,0.611328,0.113281,2
calibration-3809,calibration,summarization,512,512,132,226,0.430255,0.519531,0.058594,2
calibration-3810,calibration,information_extraction,512,512,172,355,0.117878,0.529297,0.021484,2
calibration-3811,calibration,general_qa,512,512,158,318,0.125737,0.541016,0.03125,2
calibration-3812,calibration,classification,512,512,142,256,0.294695,0.433594,0.066406,2
calibration-3813,calibration,general_qa,512,512,207,381,0.131631,0.457031,0.054688,2
calibration-3814,calibration,open_qa,512,512,248,418,0.031434,0.410156,0.027344,2
calibration-3815,calibration,brainstorming,512,512,172,360,0.05501,0.464844,0.029297,2
calibration-3816,calibration,information_extraction,512,512,109,213,0.420432,0.617188,0.105469,3
calibration-3817,calibration,closed_qa,512,512,119,246,0.318271,0.544922,0.042969,2
calibration-3818,calibration,general_qa,512,512,147,264,0.355599,0.544922,0.109375,2
calibration-3819,calibration,open_qa,512,512,43,66,0.719057,0.779297,0.027344,1
calibration-3820,calibration,open_qa,512,512,137,243,0.349705,0.470703,0.054688,2
calibration-3821,calibration,general_qa,512,512,150,297,0.202358,0.498047,0.019531,2
calibration-3822,calibration,brainstorming,512,512,80,139,0.607073,0.740234,0.066406,2
calibration-3823,calibration,general_qa,512,512,145,285,0.233792,0.535156,0.130859,2
calibration-3824,calibration,general_qa,512,512,105,159,0.62279,0.525391,0.09375,2
calibration-3825,calibration,brainstorming,512,512,170,312,0.247544,0.541016,0.033203,2
calibration-3826,calibration,open_qa,512,512,238,421,0.02947,0.416016,0.044922,2
calibration-3827,calibration,open_qa,512,512,121,219,0.349705,0.556641,0.101562,2
calibration-3828,calibration,open_qa,512,512,79,143,0.546169,0.599609,0.087891,2
calibration-3829,calibration,open_qa,512,512,199,397,0.056974,0.431641,0.015625,2
calibration-3830,calibration,classification,512,512,116,189,0.398821,0.613281,0.138672,2
calibration-3831,calibration,classification,512,512,110,207,0.412574,0.671875,0.078125,2
calibration-3832,calibration,open_qa,512,512,198,394,0.072692,0.509766,0.027344,2
calibration-3833,calibration,open_qa,512,512,215,399,0.092338,0.419922,0.050781,2
calibration-3834,calibration,closed_qa,512,512,118,210,0.40668,0.619141,0.072266,2
calibration-3835,calibration,closed_qa,512,512,116,238,0.388998,0.607422,0.037109,3
calibration-3836,calibration,open_qa,512,512,128,270,0.249509,0.554688,0.056641,2
calibration-3837,calibration,closed_qa,512,512,108,209,0.418468,0.585938,0.066406,2
calibration-3838,calibration,information_extraction,512,512,113,188,0.471513,0.669922,0.099609,2
calibration-3839,calibration,general_qa,512,512,178,332,0.188605,0.496094,0.056641,2
calibration-3840,calibration,general_qa,512,512,228,421,0.035363,0.421875,0.056641,2
calibration-3841,calibration,information_extraction,512,512,140,280,0.202358,0.535156,0.054688,2
calibration-3842,calibration,information_extraction,512,512,143,275,0.235756,0.578125,0.054688,2
calibration-3843,calibration,general_qa,512,512,65,103,0.707269,0.853516,0.119141,2
calibration-3844,calibration,open_qa,512,512,162,339,0.076621,0.542969,0.050781,1
calibration-3845,calibration,closed_qa,512,512,154,285,0.277014,0.519531,0.046875,2
calibration-3846,calibration,general_qa,512,512,225,395,0.031434,0.423828,0.039062,2
calibration-3847,calibration,information_extraction,512,512,154,287,0.255403,0.537109,0.054688,2
calibration-3848,calibration,open_qa,512,512,34,50,0.870334,0.955078,0.199219,2
calibration-3849,calibration,open_qa,512,512,135,294,0.176817,0.583984,0.052734,2
calibration-3850,calibration,open_qa,512,512,176,356,0.056974,0.486328,0.054688,2
calibration-3851,calibration,closed_qa,512,512,124,232,0.422397,0.517578,0.050781,3
calibration-3852,calibration,creative_writing,512,512,170,321,0.198428,0.503906,0.085938,2
calibration-3853,calibration,closed_qa,512,512,113,203,0.463654,0.621094,0.070312,2
calibration-3854,calibration,creative_writing,512,512,222,415,0.033399,0.505859,0.035156,2
calibration-3855,calibration,brainstorming,512,512,189,368,0.092338,0.492188,0.066406,2
calibration-3856,calibration,general_qa,512,512,217,388,0.051081,0.433594,0.054688,2
calibration-3857,calibration,information_extraction,512,512,155,284,0.220039,0.496094,0.027344,2
calibration-3858,calibration,brainstorming,512,512,95,129,0.719057,0.71875,0.185547,2
calibration-3859,calibration,general_qa,512,512,119,266,0.143418,0.574219,0.03125,2
calibration-3860,calibration,general_qa,512,512,200,351,0.155206,0.449219,0.044922,2
calibration-3861,calibration,brainstorming,512,512,130,277,0.208251,0.59375,0.0625,2
calibration-3862,calibration,brainstorming,512,512,130,250,0.288802,0.599609,0.023438,2
calibration-3863,calibration,closed_qa,512,512,193,371,0.072692,0.498047,0.03125,2
calibration-3864,calibration,summarization,512,512,183,356,0.066798,0.453125,0.019531,2
calibration-3865,calibration,open_qa,512,512,32,50,0.880157,0.976562,0.146484,2
calibration-3866,calibration,general_qa,512,512,172,305,0.288802,0.419922,0.066406,2
calibration-3867,calibration,information_extraction,512,512,148,319,0.153242,0.548828,0.0,3
calibration-3868,calibration,closed_qa,512,512,115,212,0.424361,0.582031,0.019531,2
calibration-3869,calibration,information_extraction,512,512,186,355,0.131631,0.433594,0.03125,2
calibration-3870,calibration,open_qa,512,512,72,117,0.656189,0.712891,0.162109,2
calibration-3871,calibration,information_extraction,512,512,85,167,0.504912,0.738281,0.107422,2
calibration-3872,calibration,open_qa,512,512,189,333,0.1611,0.515625,0.046875,2
calibration-3873,calibration,open_qa,512,512,36,67,0.787819,0.892578,0.125,2
calibration-3874,calibration,general_qa,512,512,199,334,0.206287,0.4375,0.023438,2
calibration-3875,calibration,general_qa,512,512,131,259,0.277014,0.539062,0.027344,2
calibration-3876,calibration,information_extraction,512,512,147,274,0.316306,0.517578,0.035156,2
calibration-3877,calibration,general_qa,512,512,120,191,0.528487,0.65625,0.207031,2
calibration-3878,calibration,information_extraction,512,512,156,314,0.166994,0.53125,0.007812,2
calibration-3879,calibration,closed_qa,512,512,188,364,0.096267,0.5,0.019531,3
calibration-3880,calibration,summarization,512,512,104,223,0.308448,0.689453,0.019531,2
calibration-3881,calibration,open_qa,512,512,240,441,0.009823,0.427734,0.035156,2
calibration-3882,calibration,open_qa,512,512,143,258,0.312377,0.572266,0.0625,2
calibration-3883,calibration,general_qa,512,512,107,165,0.583497,0.697266,0.173828,2
calibration-3884,calibration,creative_writing,512,512,131,244,0.35167,0.625,0.070312,3
calibration-3885,calibration,closed_qa,512,512,66,169,0.434185,0.736328,0.050781,3
calibration-3886,calibration,closed_qa,512,512,65,115,0.721022,0.841797,0.160156,2
calibration-3887,calibration,closed_qa,512,512,136,263,0.273084,0.541016,0.072266,2
calibration-3888,calibration,classification,512,512,81,138,0.579568,0.830078,0.195312,2
calibration-3889,calibration,closed_qa,512,512,185,356,0.076621,0.519531,0.023438,3
calibration-3890,calibration,summarization,512,512,87,181,0.424361,0.660156,0.136719,2
calibration-3891,calibration,open_qa,512,512,143,252,0.363458,0.671875,0.048828,2
calibration-3892,calibration,closed_qa,512,512,66,113,0.658153,0.755859,0.091797,2
calibration-3893,calibration,open_qa,512,512,223,428,0.017682,0.4375,0.042969,2
calibration-3894,calibration,open_qa,512,512,179,362,0.074656,0.476562,0.0625,2
calibration-3895,calibration,information_extraction,512,512,203,382,0.053045,0.443359,0.019531,2
calibration-3896,calibration,summarization,512,512,61,102,0.715128,0.642578,0.054688,2
calibration-3897,calibration,open_qa,512,512,111,204,0.420432,0.677734,0.027344,2
calibration-3898,calibration,closed_qa,512,512,193,367,0.11002,0.431641,0.037109,2
calibration-3899,calibration,general_qa,512,512,86,145,0.577603,0.720703,0.123047,2
calibration-3900,calibration,summarization,512,512,169,324,0.149312,0.498047,0.025391,3
calibration-3901,calibration,creative_writing,512,512,235,429,0.017682,0.425781,0.044922,2
calibration-3902,calibration,general_qa,512,512,155,277,0.318271,0.486328,0.050781,2
calibration-3903,calibration,summarization,512,512,180,308,0.265226,0.443359,0.025391,2
calibration-3904,calibration,summarization,512,512,183,356,0.066798,0.533203,0.015625,2
calibration-3905,calibration,general_qa,512,512,182,368,0.076621,0.458984,0.070312,2
calibration-3906,calibration,brainstorming,512,512,178,339,0.098232,0.568359,0.050781,2
calibration-3907,calibration,open_qa,512,512,119,198,0.54224,0.765625,0.111328,2
calibration-3908,calibration,open_qa,512,512,51,100,0.599214,0.904297,0.207031,2
calibration-3909,calibration,open_qa,512,512,199,380,0.094303,0.408203,0.052734,2
calibration-3910,calibration,brainstorming,512,512,199,369,0.10609,0.484375,0.070312,2
calibration-3911,calibration,closed_qa,512,512,160,283,0.300589,0.462891,0.041016,2
calibration-3912,calibration,closed_qa,512,512,91,157,0.516699,0.677734,0.056641,2
calibration-3913,calibration,open_qa,512,512,46,62,0.852652,0.789062,0.070312,2
calibration-3914,calibration,general_qa,512,512,133,283,0.206287,0.548828,0.027344,1
calibration-3915,calibration,open_qa,512,512,176,319,0.192534,0.498047,0.025391,2
calibration-3916,calibration,general_qa,512,512,209,388,0.053045,0.414062,0.03125,2
calibration-3917,calibration,closed_qa,512,512,171,313,0.214145,0.513672,0.029297,2
calibration-3918,calibration,general_qa,512,512,207,361,0.11002,0.482422,0.019531,2
calibration-3919,calibration,open_qa,512,512,210,386,0.078585,0.416016,0.041016,3
calibration-3920,calibration,classification,512,512,12,22,0.899804,1.0,0.0,2
calibration-3921,calibration,general_qa,512,512,162,272,0.361493,0.523438,0.076172,2
calibration-3922,calibration,general_qa,512,512,187,332,0.188605,0.447266,0.097656,2
calibration-3923,calibration,closed_qa,512,512,218,380,0.090373,0.431641,0.037109,2
calibration-3924,calibration,general_qa,512,512,182,352,0.115914,0.484375,0.039062,2
calibration-3925,calibration,open_qa,512,512,161,298,0.24165,0.568359,0.089844,2
calibration-3926,calibration,open_qa,512,512,86,121,0.719057,0.630859,0.042969,2
calibration-3927,calibration,open_qa,512,512,151,309,0.176817,0.480469,0.035156,3
calibration-3928,calibration,general_qa,512,512,166,301,0.204322,0.550781,0.027344,2
calibration-3929,calibration,open_qa,512,512,156,304,0.170923,0.546875,0.027344,2
calibration-3930,calibration,open_qa,512,512,95,163,0.479371,0.705078,0.138672,2
calibration-3931,calibration,closed_qa,512,512,159,289,0.324165,0.462891,0.021484,2
calibration-3932,calibration,open_qa,512,512,24,29,0.939096,0.951172,0.085938,2
calibration-3933,calibration,open_qa,512,512,188,388,0.053045,0.470703,0.050781,2
calibration-3934,calibration,general_qa,512,512,138,253,0.373281,0.589844,0.091797,2
calibration-3935,calibration,general_qa,512,512,111,222,0.32613,0.628906,0.085938,2
calibration-3936,calibration,open_qa,512,512,159,302,0.19057,0.505859,0.027344,3
calibration-3937,calibration,open_qa,512,512,193,368,0.084479,0.492188,0.060547,2
calibration-3938,calibration,open_qa,512,512,101,202,0.410609,0.726562,0.078125,2
calibration-3939,calibration,summarization,512,512,91,154,0.528487,0.710938,0.027344,2
calibration-3940,calibration,classification,512,512,188,363,0.074656,0.480469,0.023438,3
calibration-3941,calibration,open_qa,512,512,167,284,0.347741,0.615234,0.046875,2
calibration-3942,calibration,open_qa,512,512,210,375,0.090373,0.441406,0.035156,2
calibration-3943,calibration,classification,512,512,152,287,0.227898,0.554688,0.035156,2
calibration-3944,calibration,information_extraction,512,512,200,384,0.074656,0.462891,0.046875,2
calibration-3945,calibration,brainstorming,512,512,210,414,0.056974,0.419922,0.078125,2
calibration-3946,calibration,classification,512,512,184,366,0.10609,0.455078,0.058594,2
calibration-3947,calibration,open_qa,512,512,166,316,0.188605,0.509766,0.058594,2
calibration-3948,calibration,classification,512,512,64,94,0.717092,0.875,0.054688,1
calibration-3949,calibration,classification,512,512,147,276,0.206287,0.601562,0.103516,2
calibration-3950,calibration,classification,512,512,105,175,0.504912,0.644531,0.0,2
calibration-3951,calibration,closed_qa,512,512,158,357,0.064833,0.527344,0.027344,2
calibration-3952,calibration,brainstorming,512,512,167,316,0.206287,0.421875,0.056641,2
calibration-3953,calibration,brainstorming,512,512,131,227,0.410609,0.496094,0.039062,2
calibration-3954,calibration,summarization,512,512,116,195,0.485265,0.517578,0.035156,2
calibration-3955,calibration,general_qa,512,512,159,294,0.32613,0.609375,0.101562,2
calibration-3956,calibration,information_extraction,512,512,50,77,0.803536,0.939453,0.09375,2
calibration-3957,calibration,creative_writing,512,512,206,380,0.076621,0.449219,0.013672,3
calibration-3958,calibration,open_qa,512,512,204,339,0.222004,0.427734,0.054688,2
calibration-3959,calibration,summarization,512,512,171,332,0.13556,0.505859,0.044922,2
calibration-3960,calibration,general_qa,512,512,171,361,0.053045,0.5,0.023438,2
calibration-3961,calibration,summarization,512,512,178,357,0.131631,0.488281,0.042969,2
calibration-3962,calibration,general_qa,512,512,172,320,0.149312,0.509766,0.048828,2
calibration-3963,calibration,brainstorming,512,512,216,397,0.074656,0.464844,0.074219,2
calibration-3964,calibration,closed_qa,512,512,151,270,0.324165,0.560547,0.039062,2
calibration-3965,calibration,open_qa,512,512,125,229,0.371316,0.615234,0.060547,2
calibration-3966,calibration,creative_writing,512,512,124,196,0.510806,0.708984,0.132812,2
calibration-3967,calibration,general_qa,512,512,230,411,0.033399,0.429688,0.03125,2
calibration-3968,calibration,general_qa,512,512,198,374,0.090373,0.441406,0.035156,2
calibration-3969,calibration,classification,512,512,37,47,0.905697,0.966797,0.001953,1
calibration-3970,calibration,closed_qa,512,512,98,174,0.473477,0.628906,0.123047,2
calibration-3971,calibration,open_qa,512,512,114,197,0.532417,0.554688,0.074219,2
calibration-3972,calibration,brainstorming,512,512,182,339,0.155206,0.492188,0.097656,2
calibration-3973,calibration,general_qa,512,512,85,182,0.438114,0.710938,0.027344,2
calibration-3974,calibration,open_qa,512,512,212,392,0.070727,0.425781,0.035156,2
calibration-3975,calibration,open_qa,512,512,159,308,0.18664,0.496094,0.025391,2
calibration-3976,calibration,open_qa,512,512,145,253,0.359528,0.560547,0.019531,2
calibration-3977,calibration,classification,512,512,70,116,0.662083,0.857422,0.113281,2
calibration-3978,calibration,information_extraction,512,512,63,107,0.713163,0.740234,0.054688,2
calibration-3979,calibration,information_extraction,512,512,63,100,0.744597,0.628906,0.035156,2
calibration-3980,calibration,summarization,512,512,69,120,0.697446,0.607422,0.117188,2
calibration-3981,calibration,general_qa,512,512,208,399,0.056974,0.431641,0.050781,2
calibration-3982,calibration,open_qa,512,512,174,338,0.086444,0.480469,0.033203,1
calibration-3983,calibration,classification,512,512,30,51,0.815324,0.960938,0.0,1
calibration-3984,calibration,closed_qa,512,512,171,348,0.102161,0.457031,0.066406,2
calibration-3985,calibration,general_qa,512,512,205,406,0.039293,0.457031,0.035156,2
calibration-3986,calibration,information_extraction,512,512,172,313,0.21611,0.556641,0.039062,2
calibration-3987,calibration,open_qa,512,512,161,290,0.278978,0.478516,0.052734,2
calibration-3988,calibration,open_qa,512,512,219,392,0.058939,0.417969,0.025391,2
calibration-3989,calibration,closed_qa,512,512,142,246,0.35167,0.511719,0.052734,2
calibration-3990,calibration,open_qa,512,512,103,153,0.612967,0.804688,0.166016,2
calibration-3991,calibration,classification,512,512,151,281,0.330059,0.482422,0.044922,2
calibration-3992,calibration,general_qa,512,512,187,356,0.086444,0.486328,0.027344,2
calibration-3993,calibration,open_qa,512,512,210,391,0.019646,0.449219,0.050781,2
calibration-3994,calibration,open_qa,512,512,102,198,0.418468,0.630859,0.054688,7
calibration-3995,calibration,closed_qa,512,512,177,336,0.145383,0.472656,0.056641,2
calibration-3996,calibration,creative_writing,512,512,175,377,0.064833,0.453125,0.060547,2
calibration-3997,calibration,open_qa,512,512,89,154,0.587426,0.724609,0.029297,2
calibration-3998,calibration,classification,512,512,184,365,0.111984,0.458984,0.097656,2
calibration-3999,calibration,closed_qa,512,512,163,297,0.231827,0.476562,0.029297,2
calibration-4000,calibration,open_qa,512,512,210,386,0.074656,0.423828,0.056641,2
calibration-4001,calibration,general_qa,512,512,202,374,0.098232,0.435547,0.042969,2
calibration-4002,calibration,open_qa,512,512,205,414,0.02947,0.505859,0.044922,2
calibration-4003,calibration,general_qa,512,512,162,301,0.165029,0.554688,0.058594,2
calibration-4004,calibration,open_qa,512,512,131,227,0.390963,0.625,0.123047,2
calibration-4005,calibration,classification,512,512,158,305,0.210216,0.53125,0.064453,2
calibration-4006,calibration,closed_qa,512,512,51,93,0.736739,0.832031,0.083984,2
calibration-4007,calibration,summarization,512,512,158,329,0.113949,0.560547,0.027344,2
calibration-4008,calibration,closed_qa,512,512,162,292,0.24165,0.488281,0.083984,2
calibration-4009,calibration,open_qa,512,512,164,321,0.202358,0.470703,0.056641,2
calibration-4010,calibration,general_qa,512,512,184,346,0.125737,0.466797,0.013672,2
calibration-4011,calibration,general_qa,512,512,108,182,0.583497,0.787109,0.400391,13
calibration-4012,calibration,brainstorming,512,512,194,387,0.047151,0.458984,0.056641,2
calibration-4013,calibration,closed_qa,512,512,150,279,0.267191,0.441406,0.052734,2
calibration-4014,calibration,summarization,512,512,182,361,0.086444,0.474609,0.019531,2
calibration-4015,calibration,closed_qa,512,512,111,192,0.495088,0.599609,0.076172,2
calibration-4016,calibration,open_qa,512,512,116,222,0.359528,0.617188,0.072266,5
calibration-4017,calibration,open_qa,512,512,142,232,0.37721,0.529297,0.115234,2
calibration-4018,calibration,classification,512,512,210,386,0.064833,0.431641,0.083984,2
calibration-4019,calibration,information_extraction,512,512,115,198,0.485265,0.591797,0.035156,6
calibration-4020,calibration,open_qa,512,512,15,19,0.948919,1.0,0.070312,1
calibration-4021,calibration,closed_qa,512,512,190,336,0.165029,0.431641,0.060547,2
calibration-4022,calibration,brainstorming,512,512,144,281,0.227898,0.576172,0.105469,2
calibration-4023,calibration,classification,512,512,15,19,0.962672,1.0,0.15625,2
calibration-4024,calibration,classification,512,512,88,185,0.392927,0.779297,0.072266,2
calibration-4025,calibration,brainstorming,512,512,41,74,0.801572,0.839844,0.060547,2
calibration-4026,calibration,open_qa,512,512,106,181,0.565815,0.521484,0.115234,2
calibration-4027,calibration,general_qa,512,512,225,411,0.035363,0.433594,0.052734,2
calibration-4028,calibration,closed_qa,512,512,188,357,0.070727,0.513672,0.050781,2
calibration-4029,calibration,brainstorming,512,512,216,396,0.062868,0.451172,0.066406,2
calibration-4030,calibration,open_qa,512,512,178,349,0.143418,0.451172,0.083984,2
calibration-4031,calibration,open_qa,512,512,154,310,0.196464,0.472656,0.023438,2
calibration-4032,calibration,open_qa,512,512,93,185,0.438114,0.728516,0.085938,2
calibration-4033,calibration,open_qa,512,512,118,223,0.345776,0.529297,0.082031,3
calibration-4034,calibration,general_qa,512,512,187,367,0.08055,0.496094,0.09375,3
calibration-4035,calibration,brainstorming,512,512,138,214,0.506876,0.529297,0.126953,2
calibration-4036,calibration,open_qa,512,512,248,437,0.023576,0.425781,0.039062,2
calibration-4037,calibration,closed_qa,512,512,109,215,0.371316,0.609375,0.035156,2
calibration-4038,calibration,brainstorming,512,512,169,293,0.275049,0.455078,0.078125,2
calibration-4039,calibration,classification,512,512,132,206,0.447937,0.568359,0.056641,2
calibration-4040,calibration,closed_qa,512,512,204,354,0.178782,0.423828,0.027344,3
calibration-4041,calibration,information_extraction,512,512,178,352,0.096267,0.480469,0.041016,2
calibration-4042,calibration,classification,512,512,69,123,0.579568,0.859375,0.003906,1
calibration-4043,calibration,general_qa,512,512,74,141,0.577603,0.832031,0.011719,2
calibration-4044,calibration,open_qa,512,512,217,402,0.045187,0.464844,0.046875,2
calibration-4045,calibration,open_qa,512,512,93,160,0.526523,0.679688,0.097656,2
calibration-4046,calibration,information_extraction,512,512,164,317,0.174853,0.496094,0.050781,2
calibration-4047,calibration,classification,512,512,77,131,0.550098,0.855469,0.056641,2
calibration-4048,calibration,closed_qa,512,512,223,414,0.023576,0.427734,0.025391,2
calibration-4049,calibration,classification,512,512,147,234,0.434185,0.488281,0.042969,3
calibration-4050,calibration,classification,512,512,96,163,0.573674,0.589844,0.087891,3
calibration-4051,calibration,summarization,512,512,160,330,0.113949,0.548828,0.041016,2
calibration-4052,calibration,closed_qa,512,512,199,372,0.084479,0.390625,0.056641,3
calibration-4053,calibration,general_qa,512,512,33,116,0.471513,0.953125,0.132812,3
calibration-4054,calibration,general_qa,512,512,109,218,0.412574,0.644531,0.074219,2
calibration-4055,calibration,classification,512,512,68,165,0.447937,0.773438,0.042969,2
calibration-4056,calibration,general_qa,512,512,191,382,0.074656,0.458984,0.042969,2
calibration-4057,calibration,open_qa,512,512,210,379,0.090373,0.439453,0.070312,2
calibration-4058,calibration,closed_qa,512,512,167,305,0.170923,0.472656,0.052734,2
calibration-4059,calibration,general_qa,512,512,185,355,0.074656,0.509766,0.0625,2
calibration-4060,calibration,information_extraction,512,512,121,225,0.428291,0.527344,0.013672,3
calibration-4061,calibration,creative_writing,512,512,194,390,0.037328,0.492188,0.037109,2
calibration-4062,calibration,general_qa,512,512,187,387,0.058939,0.484375,0.03125,2
calibration-4063,calibration,closed_qa,512,512,175,333,0.115914,0.542969,0.050781,2
calibration-4064,calibration,brainstorming,512,512,171,319,0.214145,0.447266,0.072266,2
calibration-4065,calibration,information_extraction,512,512,159,308,0.174853,0.480469,0.070312,2
calibration-4066,calibration,open_qa,512,512,84,146,0.601179,0.775391,0.150391,2
calibration-4067,calibration,general_qa,512,512,152,302,0.225933,0.568359,0.089844,2
calibration-4068,calibration,classification,512,512,156,301,0.180747,0.519531,0.017578,2
calibration-4069,calibration,summarization,512,512,213,376,0.104126,0.46875,0.058594,2
calibration-4070,calibration,information_extraction,512,512,141,269,0.300589,0.53125,0.027344,2
calibration-4071,calibration,closed_qa,512,512,186,351,0.096267,0.498047,0.080078,2
calibration-4072,calibration,closed_qa,512,512,93,175,0.459725,0.677734,0.066406,3
calibration-4073,calibration,summarization,512,512,140,271,0.251473,0.464844,0.033203,2
calibration-4074,calibration,brainstorming,512,512,211,358,0.159136,0.458984,0.087891,2
calibration-4075,calibration,open_qa,512,512,195,332,0.143418,0.5,0.039062,2
calibration-4076,calibration,brainstorming,512,512,191,358,0.155206,0.451172,0.037109,2
calibration-4077,calibration,summarization,512,512,99,169,0.585462,0.527344,0.003906,2
calibration-4078,calibration,summarization,512,512,107,174,0.518664,0.623047,0.054688,2
calibration-4079,calibration,brainstorming,512,512,210,375,0.10609,0.40625,0.056641,2
calibration-4080,calibration,information_extraction,512,512,165,331,0.143418,0.535156,0.029297,2
calibration-4081,calibration,creative_writing,512,512,145,258,0.375246,0.464844,0.027344,2
calibration-4082,calibration,brainstorming,512,512,202,386,0.072692,0.455078,0.072266,2
calibration-4083,calibration,information_extraction,512,512,163,301,0.229862,0.486328,0.089844,2
calibration-4084,calibration,open_qa,512,512,119,242,0.355599,0.646484,0.074219,2
calibration-4085,calibration,open_qa,512,512,217,405,0.041257,0.443359,0.039062,2
calibration-4086,calibration,open_qa,512,512,205,359,0.111984,0.410156,0.085938,2
calibration-4087,calibration,open_qa,512,512,167,343,0.098232,0.552734,0.03125,2
calibration-4088,calibration,brainstorming,512,512,212,399,0.02947,0.486328,0.041016,2
calibration-4089,calibration,classification,512,512,130,246,0.282908,0.572266,0.121094,2
calibration-4090,calibration,closed_qa,512,512,118,185,0.489194,0.611328,0.042969,2
calibration-4091,calibration,open_qa,512,512,173,344,0.074656,0.533203,0.019531,2
calibration-4092,calibration,information_extraction,512,512,155,320,0.137525,0.539062,0.019531,3
calibration-4093,calibration,closed_qa,512,512,176,334,0.131631,0.503906,0.111328,2
calibration-4094,calibration,open_qa,512,512,129,250,0.261297,0.642578,0.035156,2
calibration-4095,calibration,open_qa,512,512,190,371,0.102161,0.470703,0.041016,2
calibration-4096,calibration,open_qa,512,512,145,310,0.115914,0.558594,0.058594,2
calibration-4097,calibration,summarization,512,512,156,282,0.298625,0.457031,0.044922,2
calibration-4098,calibration,information_extraction,512,512,188,359,0.090373,0.474609,0.058594,2
calibration-4099,calibration,brainstorming,512,512,118,221,0.430255,0.572266,0.042969,2
calibration-4100,calibration,closed_qa,512,512,151,283,0.284872,0.515625,0.035156,2
calibration-4101,calibration,open_qa,512,512,148,296,0.255403,0.511719,0.027344,2
calibration-4102,calibration,classification,512,512,173,347,0.149312,0.521484,0.072266,2
calibration-4103,calibration,brainstorming,512,512,182,354,0.100196,0.472656,0.03125,3
calibration-4104,calibration,classification,512,512,159,306,0.18664,0.501953,0.033203,2
calibration-4105,calibration,closed_qa,512,512,165,333,0.159136,0.480469,0.035156,2
calibration-4106,calibration,brainstorming,512,512,190,309,0.237721,0.453125,0.089844,2
calibration-4107,calibration,closed_qa,512,512,221,401,0.043222,0.423828,0.060547,2
calibration-4108,calibration,general_qa,512,512,67,91,0.805501,0.908203,0.023438,2
calibration-4109,calibration,summarization,512,512,134,198,0.559921,0.478516,0.0625,2
calibration-4110,calibration,information_extraction,512,512,191,382,0.082515,0.478516,0.015625,2
calibration-4111,calibration,open_qa,512,512,210,387,0.060904,0.460938,0.027344,2
calibration-4112,calibration,classification,512,512,131,215,0.447937,0.542969,0.054688,2
calibration-4113,calibration,classification,512,512,87,189,0.434185,0.628906,0.048828,2
calibration-4114,calibration,open_qa,512,512,70,110,0.701375,0.798828,0.158203,2
calibration-4115,calibration,open_qa,512,512,85,179,0.408644,0.814453,0.101562,3
calibration-4116,calibration,summarization,512,512,79,118,0.705305,0.826172,0.154297,2
calibration-4117,calibration,general_qa,512,512,180,367,0.070727,0.474609,0.03125,2
calibration-4118,calibration,information_extraction,512,512,89,159,0.53831,0.640625,0.085938,2
calibration-4119,calibration,open_qa,512,512,181,351,0.066798,0.501953,0.046875,3
calibration-4120,calibration,information_extraction,512,512,209,376,0.072692,0.453125,0.009766,2
calibration-4121,calibration,classification,512,512,71,117,0.658153,0.728516,0.095703,2
calibration-4122,calibration,open_qa,512,512,89,237,0.184676,0.638672,0.054688,2
calibration-4123,calibration,information_extraction,512,512,141,276,0.188605,0.589844,0.050781,2
calibration-4124,calibration,open_qa,512,512,244,427,0.037328,0.429688,0.039062,2
calibration-4125,calibration,information_extraction,512,512,122,224,0.438114,0.505859,0.023438,2
calibration-4126,calibration,general_qa,512,512,114,184,0.514735,0.642578,0.064453,3
calibration-4127,calibration,general_qa,512,512,211,403,0.041257,0.4375,0.076172,2
calibration-4128,calibration,classification,512,512,203,394,0.062868,0.470703,0.03125,2
calibration-4129,calibration,open_qa,512,512,176,333,0.125737,0.472656,0.042969,3
calibration-4130,calibration,classification,512,512,112,191,0.485265,0.626953,0.09375,2
calibration-4131,calibration,classification,512,512,191,385,0.094303,0.472656,0.027344,2
calibration-4132,calibration,open_qa,512,512,183,337,0.141454,0.550781,0.054688,2
calibration-4133,calibration,information_extraction,512,512,164,324,0.139489,0.494141,0.03125,2
calibration-4134,calibration,classification,512,512,104,205,0.414538,0.570312,0.074219,2
calibration-4135,calibration,closed_qa,512,512,195,329,0.1611,0.478516,0.080078,2
calibration-4136,calibration,summarization,512,512,178,332,0.172888,0.427734,0.015625,2
calibration-4137,calibration,summarization,512,512,90,145,0.618861,0.498047,0.068359,2
calibration-4138,calibration,open_qa,512,512,131,261,0.32613,0.533203,0.048828,2
calibration-4139,calibration,open_qa,512,512,48,89,0.699411,0.671875,0.050781,1
calibration-4140,calibration,open_qa,512,512,83,156,0.493124,0.683594,0.128906,3
calibration-4141,calibration,classification,512,512,114,194,0.465619,0.53125,0.103516,2
calibration-4142,calibration,creative_writing,512,512,145,312,0.166994,0.515625,0.027344,2
calibration-4143,calibration,open_qa,512,512,175,356,0.066798,0.492188,0.035156,2
calibration-4144,calibration,general_qa,512,512,142,277,0.204322,0.589844,0.035156,2
calibration-4145,calibration,open_qa,512,512,179,342,0.168959,0.515625,0.042969,2
calibration-4146,calibration,classification,512,512,95,181,0.495088,0.632812,0.103516,2
calibration-4147,calibration,open_qa,512,512,90,175,0.506876,0.638672,0.0625,2
calibration-4148,calibration,brainstorming,512,512,107,166,0.601179,0.722656,0.183594,2
calibration-4149,calibration,information_extraction,512,512,190,359,0.084479,0.529297,0.056641,2
calibration-4150,calibration,classification,512,512,208,367,0.143418,0.427734,0.039062,2
calibration-4151,calibration,brainstorming,512,512,218,417,0.02554,0.46875,0.037109,3
calibration-4152,calibration,brainstorming,512,512,24,29,0.931238,0.992188,0.09375,1
calibration-4153,calibration,closed_qa,512,512,108,186,0.499018,0.695312,0.113281,2
calibration-4154,calibration,classification,512,512,87,151,0.526523,0.617188,0.179688,2
calibration-4155,calibration,classification,512,512,144,296,0.180747,0.535156,0.050781,2
calibration-4156,calibration,classification,512,512,33,42,0.891945,0.837891,0.080078,1
calibration-4157,calibration,classification,512,512,99,203,0.318271,0.648438,0.019531,1
calibration-4158,calibration,closed_qa,512,512,96,178,0.467583,0.730469,0.066406,2
calibration-4159,calibration,summarization,512,512,47,120,0.544204,0.871094,0.023438,2
calibration-4160,calibration,open_qa,512,512,191,357,0.092338,0.464844,0.068359,2
calibration-4161,calibration,summarization,512,512,133,304,0.151277,0.546875,0.03125,2
calibration-4162,calibration,classification,512,512,68,181,0.447937,0.703125,0.027344,3
calibration-4163,calibration,classification,512,512,189,331,0.214145,0.476562,0.007812,1
calibration-4164,calibration,open_qa,512,512,208,391,0.062868,0.443359,0.039062,2
calibration-4165,calibration,general_qa,512,512,216,401,0.015717,0.462891,0.050781,2
calibration-4166,calibration,general_qa,512,512,62,102,0.776031,0.716797,0.058594,2
calibration-4167,calibration,general_qa,512,512,154,316,0.180747,0.529297,0.029297,1
calibration-4168,calibration,open_qa,512,512,121,228,0.365422,0.591797,0.044922,2
calibration-4169,calibration,general_qa,512,512,178,330,0.170923,0.441406,0.064453,2
calibration-4170,calibration,closed_qa,512,512,183,361,0.064833,0.515625,0.035156,2
calibration-4171,calibration,classification,512,512,113,164,0.638507,0.623047,0.101562,2
calibration-4172,calibration,general_qa,512,512,155,317,0.143418,0.46875,0.056641,2
calibration-4173,calibration,general_qa,512,512,188,377,0.062868,0.509766,0.009766,2
calibration-4174,calibration,open_qa,512,512,30,41,0.882122,0.808594,0.052734,1
calibration-4175,calibration,open_qa,512,512,169,352,0.108055,0.460938,0.019531,2
calibration-4176,calibration,closed_qa,512,512,178,325,0.149312,0.525391,0.023438,2
calibration-4177,calibration,open_qa,512,512,135,247,0.375246,0.464844,0.078125,2
calibration-4178,calibration,brainstorming,512,512,106,212,0.318271,0.642578,0.082031,2
calibration-4179,calibration,open_qa,512,512,164,338,0.084479,0.525391,0.046875,2
calibration-4180,calibration,open_qa,512,512,124,248,0.302554,0.541016,0.060547,2
calibration-4181,calibration,open_qa,512,512,166,327,0.182711,0.527344,0.082031,2
calibration-4182,calibration,brainstorming,512,512,204,378,0.088409,0.458984,0.044922,2
calibration-4183,calibration,summarization,512,512,202,354,0.157171,0.40625,0.044922,2
calibration-4184,calibration,general_qa,512,512,167,349,0.098232,0.560547,0.039062,2
calibration-4185,calibration,brainstorming,512,512,222,379,0.119843,0.388672,0.044922,2
calibration-4186,calibration,creative_writing,512,512,179,363,0.088409,0.443359,0.070312,2
calibration-4187,calibration,brainstorming,512,512,192,379,0.094303,0.464844,0.052734,2
calibration-4188,calibration,general_qa,512,512,80,168,0.495088,0.693359,0.132812,2
calibration-4189,calibration,information_extraction,512,512,179,356,0.088409,0.488281,0.023438,2
calibration-4190,calibration,closed_qa,512,512,92,172,0.548134,0.472656,0.074219,2
calibration-4191,calibration,general_qa,512,512,235,422,0.045187,0.40625,0.033203,2
calibration-4192,calibration,classification,512,512,126,252,0.3222,0.541016,0.005859,2
calibration-4193,calibration,brainstorming,512,512,129,233,0.333988,0.503906,0.035156,2
calibration-4194,calibration,open_qa,512,512,135,259,0.1611,0.650391,0.128906,2
calibration-4195,calibration,open_qa,512,512,159,292,0.182711,0.519531,0.068359,2
calibration-4196,calibration,classification,512,512,145,233,0.469548,0.453125,0.0625,2
calibration-4197,calibration,classification,512,512,136,268,0.227898,0.5625,0.105469,2
calibration-4198,calibration,classification,512,512,103,195,0.444008,0.501953,0.041016,2
calibration-4199,calibration,open_qa,512,512,223,402,0.051081,0.4375,0.0625,2
calibration-4200,calibration,summarization,512,512,128,251,0.292731,0.587891,0.054688,2
calibration-4201,calibration,brainstorming,512,512,172,312,0.170923,0.519531,0.103516,2
calibration-4202,calibration,general_qa,512,512,132,291,0.247544,0.517578,0.052734,2
calibration-4203,calibration,general_qa,512,512,61,120,0.664047,0.835938,0.019531,2
calibration-4204,calibration,information_extraction,512,512,156,327,0.121807,0.542969,0.013672,1
calibration-4205,calibration,open_qa,512,512,53,79,0.81336,0.800781,0.091797,3
calibration-4206,calibration,open_qa,512,512,207,392,0.066798,0.486328,0.0625,2
calibration-4207,calibration,classification,512,512,156,303,0.184676,0.541016,0.023438,3
calibration-4208,calibration,open_qa,512,512,203,375,0.082515,0.464844,0.074219,2
calibration-4209,calibration,general_qa,512,512,170,300,0.263261,0.482422,0.048828,2
calibration-4210,calibration,classification,512,512,90,186,0.426326,0.759766,0.021484,3
calibration-4211,calibration,closed_qa,512,512,140,225,0.481336,0.419922,0.052734,2
calibration-4212,calibration,open_qa,512,512,205,393,0.037328,0.5,0.035156,2
calibration-4213,calibration,classification,512,512,117,214,0.40668,0.693359,0.095703,2
calibration-4214,calibration,closed_qa,512,512,60,93,0.760314,0.640625,0.072266,2
calibration-4215,calibration,open_qa,512,512,8,17,0.943026,1.0,0.005859,196
calibration-4216,calibration,summarization,512,512,163,287,0.280943,0.470703,0.035156,2
calibration-4217,calibration,classification,512,512,48,85,0.685658,0.927734,0.160156,23
calibration-4218,calibration,classification,512,512,183,353,0.137525,0.492188,0.078125,2
calibration-4219,calibration,classification,512,512,141,266,0.3222,0.578125,0.089844,3
calibration-4220,calibration,summarization,512,512,201,358,0.10609,0.439453,0.068359,2
calibration-4221,calibration,open_qa,512,512,113,196,0.475442,0.621094,0.138672,2
calibration-4222,calibration,open_qa,512,512,188,358,0.10609,0.425781,0.027344,2
calibration-4223,calibration,general_qa,512,512,129,214,0.465619,0.691406,0.130859,2
calibration-4224,calibration,creative_writing,512,512,178,328,0.194499,0.455078,0.042969,2
calibration-4225,calibration,summarization,512,512,216,394,0.084479,0.431641,0.041016,2
calibration-4226,calibration,open_qa,512,512,256,424,0.033399,0.445312,0.042969,2
calibration-4227,calibration,open_qa,512,512,56,99,0.715128,0.882812,0.228516,2
calibration-4228,calibration,open_qa,512,512,93,177,0.479371,0.658203,0.033203,2
calibration-4229,calibration,creative_writing,512,512,112,212,0.412574,0.552734,0.078125,2
calibration-4230,calibration,brainstorming,512,512,169,322,0.153242,0.478516,0.105469,2
calibration-4231,calibration,brainstorming,512,512,149,259,0.339882,0.464844,0.0625,2
calibration-4232,calibration,brainstorming,512,512,180,362,0.039293,0.509766,0.033203,2
calibration-4233,calibration,open_qa,512,512,40,64,0.823183,0.947266,0.121094,2
calibration-4234,calibration,summarization,512,512,59,101,0.709234,0.902344,0.212891,2
calibration-4235,calibration,classification,512,512,89,171,0.459725,0.712891,0.171875,2
calibration-4236,calibration,open_qa,512,512,126,236,0.436149,0.542969,0.083984,2
calibration-4237,calibration,classification,512,512,179,314,0.214145,0.515625,0.082031,2
calibration-4238,calibration,open_qa,512,512,230,418,0.035363,0.455078,0.035156,2
calibration-4239,calibration,classification,512,512,179,361,0.094303,0.486328,0.035156,2
calibration-4240,calibration,summarization,512,512,166,318,0.253438,0.457031,0.033203,2
calibration-4241,calibration,summarization,512,512,93,140,0.667976,0.53125,0.039062,2
calibration-4242,calibration,open_qa,512,512,189,381,0.047151,0.486328,0.03125,2
calibration-4243,calibration,information_extraction,512,512,142,254,0.314342,0.492188,0.072266,2
calibration-4244,calibration,information_extraction,512,512,117,246,0.312377,0.605469,0.019531,2
calibration-4245,calibration,classification,512,512,198,361,0.131631,0.486328,0.058594,2
calibration-4246,calibration,brainstorming,512,512,178,364,0.088409,0.476562,0.078125,2
calibration-4247,calibration,open_qa,512,512,139,210,0.451866,0.632812,0.089844,2
calibration-4248,calibration,closed_qa,512,512,206,366,0.143418,0.408203,0.033203,2
calibration-4249,calibration,information_extraction,512,512,201,351,0.172888,0.453125,0.087891,2
calibration-4250,calibration,closed_qa,512,512,117,201,0.45776,0.720703,0.164062,2
calibration-4251,calibration,general_qa,512,512,198,368,0.086444,0.472656,0.042969,2
calibration-4252,calibration,brainstorming,512,512,169,316,0.168959,0.474609,0.054688,2
calibration-4253,calibration,general_qa,512,512,194,378,0.047151,0.494141,0.029297,1
calibration-4254,calibration,closed_qa,512,512,143,308,0.165029,0.558594,0.03125,2
calibration-4255,calibration,general_qa,512,512,218,396,0.041257,0.445312,0.046875,2
calibration-4256,calibration,general_qa,512,512,139,285,0.206287,0.5625,0.025391,2
calibration-4257,calibration,closed_qa,512,512,130,216,0.418468,0.556641,0.083984,2
calibration-4258,calibration,general_qa,512,512,133,306,0.123772,0.509766,0.019531,2
calibration-4259,calibration,general_qa,512,512,215,425,0.02554,0.466797,0.052734,2
calibration-4260,calibration,creative_writing,512,512,176,324,0.204322,0.460938,0.087891,2
calibration-4261,calibration,creative_writing,512,512,208,406,0.02554,0.476562,0.03125,2
calibration-4262,calibration,closed_qa,512,512,201,365,0.117878,0.447266,0.019531,2
calibration-4263,calibration,classification,512,512,199,386,0.084479,0.441406,0.044922,2
calibration-4264,calibration,general_qa,512,512,171,329,0.159136,0.523438,0.042969,2
calibration-4265,calibration,closed_qa,512,512,104,201,0.420432,0.625,0.080078,2
calibration-4266,calibration,information_extraction,512,512,146,280,0.249509,0.576172,0.064453,2
calibration-4267,calibration,classification,512,512,82,179,0.473477,0.591797,0.025391,2
calibration-4268,calibration,information_extraction,512,512,76,148,0.554028,0.636719,0.070312,2
calibration-4269,calibration,information_extraction,512,512,107,228,0.318271,0.576172,0.064453,2
calibration-4270,calibration,open_qa,512,512,156,259,0.294695,0.611328,0.101562,2
calibration-4271,calibration,closed_qa,512,512,101,180,0.510806,0.574219,0.095703,2
calibration-4272,calibration,classification,512,512,103,193,0.500982,0.603516,0.060547,2
calibration-4273,calibration,brainstorming,512,512,170,351,0.090373,0.46875,0.041016,2
calibration-4274,calibration,classification,512,512,109,241,0.273084,0.640625,0.046875,2
calibration-4275,calibration,brainstorming,512,512,80,128,0.636542,0.794922,0.041016,3
calibration-4276,calibration,classification,512,512,41,78,0.724951,0.943359,0.041016,2
calibration-4277,calibration,brainstorming,512,512,210,375,0.094303,0.449219,0.066406,2
calibration-4278,calibration,brainstorming,512,512,200,373,0.094303,0.410156,0.064453,2
calibration-4279,calibration,classification,512,512,86,166,0.506876,0.628906,0.029297,2
calibration-4280,calibration,brainstorming,512,512,150,261,0.312377,0.582031,0.039062,3
calibration-4281,calibration,closed_qa,512,512,62,97,0.756385,0.693359,0.039062,2
calibration-4282,calibration,brainstorming,512,512,180,274,0.312377,0.583984,0.111328,2
calibration-4283,calibration,open_qa,512,512,82,139,0.620825,0.722656,0.169922,2
calibration-4284,calibration,classification,512,512,185,379,0.043222,0.501953,0.042969,2
calibration-4285,calibration,information_extraction,512,512,136,230,0.404715,0.578125,0.066406,2
calibration-4286,calibration,brainstorming,512,512,197,356,0.092338,0.482422,0.052734,2
calibration-4287,calibration,open_qa,512,512,67,130,0.520629,0.753906,0.123047,2
calibration-4288,calibration,closed_qa,512,512,144,269,0.290766,0.517578,0.044922,2
calibration-4289,calibration,open_qa,512,512,189,358,0.168959,0.4375,0.056641,2
calibration-4290,calibration,classification,512,512,52,137,0.45776,0.919922,0.009766,6
calibration-4291,calibration,closed_qa,512,512,62,96,0.724951,0.908203,0.007812,2
calibration-4292,calibration,brainstorming,512,512,219,386,0.060904,0.451172,0.037109,1
calibration-4293,calibration,open_qa,512,512,185,358,0.072692,0.521484,0.03125,2
calibration-4294,calibration,brainstorming,512,512,112,222,0.390963,0.533203,0.0625,2
calibration-4295,calibration,classification,512,512,138,252,0.387033,0.529297,0.035156,2
calibration-4296,calibration,open_qa,512,512,152,302,0.18664,0.59375,0.023438,2
calibration-4297,calibration,general_qa,512,512,161,334,0.133595,0.505859,0.033203,3
calibration-4298,calibration,summarization,512,512,30,43,0.891945,0.980469,0.097656,2
calibration-4299,calibration,open_qa,512,512,182,377,0.039293,0.498047,0.015625,2
calibration-4300,calibration,closed_qa,512,512,196,359,0.092338,0.447266,0.056641,2
calibration-4301,calibration,open_qa,512,512,185,359,0.090373,0.496094,0.044922,2
calibration-4302,calibration,creative_writing,512,512,206,396,0.053045,0.431641,0.035156,2
calibration-4303,calibration,general_qa,512,512,166,286,0.365422,0.615234,0.117188,2
calibration-4304,calibration,brainstorming,512,512,124,201,0.522593,0.498047,0.099609,3
calibration-4305,calibration,open_qa,512,512,67,126,0.644401,0.707031,0.064453,2
calibration-4306,calibration,closed_qa,512,512,171,337,0.096267,0.505859,0.039062,2
calibration-4307,calibration,closed_qa,512,512,201,354,0.13556,0.412109,0.042969,2
calibration-4308,calibration,closed_qa,512,512,169,363,0.10609,0.507812,0.041016,2
calibration-4309,calibration,classification,512,512,171,346,0.102161,0.519531,0.054688,2
calibration-4310,calibration,open_qa,512,512,147,300,0.208251,0.568359,0.027344,3
calibration-4311,calibration,open_qa,512,512,92,189,0.436149,0.621094,0.080078,2
calibration-4312,calibration,summarization,512,512,171,333,0.117878,0.533203,0.03125,2
calibration-4313,calibration,classification,512,512,194,377,0.096267,0.40625,0.025391,2
calibration-4314,calibration,classification,512,512,91,198,0.410609,0.677734,0.027344,2
calibration-4315,calibration,open_qa,512,512,41,71,0.797642,0.9375,0.111328,2
calibration-4316,calibration,brainstorming,512,512,187,344,0.165029,0.445312,0.101562,2
calibration-4317,calibration,open_qa,512,512,172,312,0.259332,0.445312,0.039062,2
calibration-4318,calibration,closed_qa,512,512,100,155,0.644401,0.796875,0.173828,2
calibration-4319,calibration,classification,512,512,145,247,0.390963,0.65625,0.078125,2
calibration-4320,calibration,open_qa,512,512,204,406,0.043222,0.416016,0.027344,2
calibration-4321,calibration,brainstorming,512,512,111,176,0.589391,0.617188,0.138672,2
calibration-4322,calibration,open_qa,512,512,140,242,0.387033,0.517578,0.029297,2
calibration-4323,calibration,open_qa,512,512,189,348,0.119843,0.490234,0.042969,2
calibration-4324,calibration,closed_qa,512,512,139,252,0.388998,0.523438,0.044922,2
calibration-4325,calibration,general_qa,512,512,83,161,0.575639,0.791016,0.083984,2
calibration-4326,calibration,classification,512,512,48,81,0.748527,0.943359,0.064453,2
calibration-4327,calibration,closed_qa,512,512,159,308,0.18664,0.503906,0.029297,2
calibration-4328,calibration,general_qa,512,512,183,357,0.137525,0.447266,0.035156,2
calibration-4329,calibration,creative_writing,512,512,194,347,0.133595,0.484375,0.041016,2
calibration-4330,calibration,classification,512,512,141,288,0.210216,0.533203,0.0625,2
calibration-4331,calibration,classification,512,512,216,397,0.072692,0.417969,0.066406,2
calibration-4332,calibration,information_extraction,512,512,184,349,0.113949,0.462891,0.029297,3
calibration-4333,calibration,creative_writing,512,512,78,153,0.524558,0.640625,0.056641,2
calibration-4334,calibration,summarization,512,512,103,177,0.465619,0.589844,0.160156,2
calibration-4335,calibration,classification,512,512,136,283,0.21611,0.650391,0.033203,3
calibration-4336,calibration,classification,512,512,189,380,0.060904,0.484375,0.029297,2
calibration-4337,calibration,classification,512,512,229,398,0.11002,0.390625,0.03125,2
calibration-4338,calibration,open_qa,512,512,57,102,0.666012,0.884766,0.066406,1
calibration-4339,calibration,classification,512,512,90,173,0.502947,0.642578,0.050781,2
calibration-4340,calibration,closed_qa,512,512,155,267,0.333988,0.529297,0.066406,2
calibration-4341,calibration,summarization,512,512,160,321,0.19057,0.533203,0.050781,2
calibration-4342,calibration,classification,512,512,59,116,0.614931,0.792969,0.076172,2
calibration-4343,calibration,creative_writing,512,512,145,276,0.341847,0.615234,0.169922,2
calibration-4344,calibration,open_qa,512,512,101,228,0.29666,0.597656,0.011719,2
calibration-4345,calibration,open_qa,512,512,116,213,0.471513,0.496094,0.041016,2
calibration-4346,calibration,summarization,512,512,198,374,0.076621,0.5,0.035156,3
calibration-4347,calibration,classification,512,512,150,280,0.275049,0.525391,0.117188,2
calibration-4348,calibration,summarization,512,512,93,163,0.59725,0.544922,0.03125,2
calibration-4349,calibration,open_qa,512,512,41,54,0.888016,0.958984,0.267578,2
calibration-4350,calibration,general_qa,512,512,133,253,0.345776,0.591797,0.044922,2
calibration-4351,calibration,closed_qa,512,512,122,212,0.495088,0.535156,0.021484,3
calibration-4352,calibration,brainstorming,512,512,232,397,0.049116,0.435547,0.064453,2
calibration-4353,calibration,open_qa,512,512,222,407,0.05501,0.425781,0.050781,2
calibration-4354,calibration,closed_qa,512,512,155,314,0.163065,0.501953,0.019531,2
calibration-4355,calibration,general_qa,512,512,189,344,0.119843,0.478516,0.0625,2
calibration-4356,calibration,brainstorming,512,512,138,238,0.369352,0.544922,0.089844,2
calibration-4357,calibration,information_extraction,512,512,135,266,0.302554,0.503906,0.015625,2
calibration-4358,calibration,open_qa,512,512,72,128,0.601179,0.677734,0.103516,2
calibration-4359,calibration,brainstorming,512,512,150,296,0.202358,0.53125,0.089844,2
calibration-4360,calibration,information_extraction,512,512,183,382,0.062868,0.494141,0.021484,3
calibration-4361,calibration,classification,512,512,82,134,0.583497,0.791016,0.166016,2
calibration-4362,calibration,open_qa,512,512,146,301,0.200393,0.580078,0.039062,2
calibration-4363,calibration,open_qa,512,512,189,370,0.096267,0.445312,0.060547,2
calibration-4364,calibration,open_qa,512,512,192,360,0.123772,0.451172,0.0625,2
calibration-4365,calibration,open_qa,512,512,40,63,0.770138,0.923828,0.175781,2
calibration-4366,calibration,general_qa,512,512,160,302,0.306483,0.414062,0.041016,2
calibration-4367,calibration,general_qa,512,512,168,293,0.294695,0.642578,0.251953,2
calibration-4368,calibration,open_qa,512,512,133,231,0.400786,0.601562,0.080078,3
calibration-4369,calibration,open_qa,512,512,198,401,0.062868,0.410156,0.042969,2
calibration-4370,calibration,brainstorming,512,512,173,331,0.168959,0.431641,0.039062,2
calibration-4371,calibration,classification,512,512,153,278,0.263261,0.550781,0.0625,2
calibration-4372,calibration,brainstorming,512,512,126,256,0.306483,0.527344,0.029297,2
calibration-4373,calibration,information_extraction,512,512,152,305,0.143418,0.517578,0.039062,2
calibration-4374,calibration,information_extraction,512,512,92,141,0.628684,0.683594,0.072266,2
calibration-4375,calibration,brainstorming,512,512,149,294,0.263261,0.476562,0.046875,2
calibration-4376,calibration,creative_writing,512,512,211,385,0.092338,0.449219,0.039062,2
calibration-4377,calibration,information_extraction,512,512,134,231,0.387033,0.535156,0.080078,2
calibration-4378,calibration,classification,512,512,119,204,0.459725,0.679688,0.177734,2
calibration-4379,calibration,brainstorming,512,512,197,364,0.084479,0.4375,0.076172,2
calibration-4380,calibration,classification,512,512,157,277,0.353635,0.443359,0.050781,2
calibration-4381,calibration,general_qa,512,512,176,379,0.056974,0.458984,0.007812,1
calibration-4382,calibration,information_extraction,512,512,151,293,0.227898,0.503906,0.048828,2
calibration-4383,calibration,summarization,512,512,62,142,0.499018,0.697266,0.029297,3
calibration-4384,calibration,closed_qa,512,512,83,144,0.62279,0.835938,0.025391,2
calibration-4385,calibration,general_qa,512,512,167,348,0.082515,0.53125,0.027344,2
calibration-4386,calibration,classification,512,512,169,316,0.204322,0.525391,0.056641,2
calibration-4387,calibration,classification,512,512,182,351,0.123772,0.505859,0.027344,2
calibration-4388,calibration,general_qa,512,512,92,151,0.658153,0.755859,0.097656,2
calibration-4389,calibration,general_qa,512,512,215,398,0.047151,0.435547,0.037109,2
calibration-4390,calibration,open_qa,512,512,192,358,0.104126,0.476562,0.070312,2
calibration-4391,calibration,closed_qa,512,512,159,277,0.308448,0.5,0.029297,2
calibration-4392,calibration,information_extraction,512,512,126,211,0.483301,0.498047,0.039062,3
calibration-4393,calibration,summarization,512,512,196,368,0.092338,0.449219,0.017578,2
calibration-4394,calibration,summarization,512,512,94,180,0.491159,0.759766,0.064453,2
calibration-4395,calibration,brainstorming,512,512,230,398,0.082515,0.419922,0.054688,2
calibration-4396,calibration,creative_writing,512,512,162,315,0.163065,0.484375,0.041016,2
calibration-4397,calibration,open_qa,512,512,186,348,0.10609,0.503906,0.033203,2
calibration-4398,calibration,general_qa,512,512,178,357,0.11002,0.494141,0.091797,2
calibration-4399,calibration,general_qa,512,512,103,191,0.451866,0.646484,0.068359,1
calibration-4400,calibration,open_qa,512,512,207,373,0.108055,0.488281,0.046875,2
calibration-4401,calibration,information_extraction,512,512,181,325,0.131631,0.509766,0.011719,1
calibration-4402,calibration,brainstorming,512,512,208,394,0.037328,0.419922,0.035156,2
calibration-4403,calibration,closed_qa,512,512,86,153,0.605108,0.777344,0.050781,2
calibration-4404,calibration,open_qa,512,512,168,303,0.27112,0.423828,0.0625,2
calibration-4405,calibration,open_qa,512,512,174,344,0.086444,0.523438,0.019531,2
calibration-4406,calibration,classification,512,512,88,211,0.206287,0.691406,0.148438,2
calibration-4407,calibration,brainstorming,512,512,240,410,0.027505,0.449219,0.050781,2
calibration-4408,calibration,open_qa,512,512,122,249,0.290766,0.654297,0.035156,2
calibration-4409,calibration,general_qa,512,512,207,369,0.102161,0.46875,0.037109,2
calibration-4410,calibration,classification,512,512,93,183,0.477407,0.746094,0.035156,1
calibration-4411,calibration,brainstorming,512,512,126,225,0.424361,0.529297,0.078125,2
calibration-4412,calibration,open_qa,512,512,178,338,0.143418,0.486328,0.058594,2
calibration-4413,calibration,brainstorming,512,512,221,399,0.058939,0.447266,0.033203,3
calibration-4414,calibration,closed_qa,512,512,63,160,0.390963,0.787109,0.126953,3
calibration-4415,calibration,open_qa,512,512,159,308,0.225933,0.494141,0.060547,3
calibration-4416,calibration,creative_writing,512,512,133,233,0.388998,0.523438,0.070312,2
calibration-4417,calibration,open_qa,512,512,163,289,0.231827,0.507812,0.042969,3
calibration-4418,calibration,information_extraction,512,512,180,309,0.222004,0.474609,0.027344,2
calibration-4419,calibration,open_qa,512,512,60,101,0.740668,0.835938,0.210938,2
calibration-4420,calibration,open_qa,512,512,182,343,0.113949,0.460938,0.046875,2
calibration-4421,calibration,general_qa,512,512,205,397,0.039293,0.451172,0.027344,2
calibration-4422,calibration,brainstorming,512,512,166,290,0.255403,0.5,0.052734,2
calibration-4423,calibration,open_qa,512,512,120,232,0.355599,0.652344,0.037109,2
calibration-4424,calibration,closed_qa,512,512,190,361,0.094303,0.427734,0.033203,2
calibration-4425,calibration,open_qa,512,512,205,382,0.056974,0.425781,0.035156,2
calibration-4426,calibration,summarization,512,512,191,370,0.129666,0.486328,0.019531,2
calibration-4427,calibration,summarization,512,512,95,145,0.612967,0.658203,0.097656,2
calibration-4428,calibration,open_qa,512,512,161,313,0.237721,0.470703,0.052734,2
calibration-4429,calibration,general_qa,512,512,226,374,0.115914,0.478516,0.046875,2
calibration-4430,calibration,open_qa,512,512,208,432,0.033399,0.466797,0.054688,2
calibration-4431,calibration,summarization,512,512,125,233,0.420432,0.490234,0.078125,2
calibration-4432,calibration,summarization,512,512,142,248,0.387033,0.566406,0.101562,2
calibration-4433,calibration,creative_writing,512,512,206,336,0.229862,0.425781,0.046875,2
calibration-4434,calibration,classification,512,512,165,294,0.247544,0.541016,0.109375,2
calibration-4435,calibration,open_qa,512,512,190,324,0.182711,0.441406,0.058594,2
calibration-4436,calibration,open_qa,512,512,179,333,0.143418,0.462891,0.041016,2
calibration-4437,calibration,general_qa,512,512,218,392,0.104126,0.425781,0.046875,2
calibration-4438,calibration,creative_writing,512,512,198,366,0.100196,0.480469,0.087891,2
calibration-4439,calibration,creative_writing,512,512,183,349,0.100196,0.527344,0.039062,2
calibration-4440,calibration,open_qa,512,512,199,378,0.072692,0.451172,0.074219,2
calibration-4441,calibration,closed_qa,512,512,159,271,0.337917,0.509766,0.107422,2
calibration-4442,calibration,general_qa,512,512,81,140,0.620825,0.640625,0.109375,2
calibration-4443,calibration,open_qa,512,512,98,190,0.412574,0.585938,0.029297,2
calibration-4444,calibration,creative_writing,512,512,160,341,0.10609,0.482422,0.023438,2
calibration-4445,calibration,open_qa,512,512,118,193,0.555992,0.740234,0.099609,2
calibration-4446,calibration,open_qa,512,512,129,260,0.257367,0.5625,0.044922,2
calibration-4447,calibration,classification,512,512,112,191,0.489194,0.576172,0.039062,2
calibration-4448,calibration,general_qa,512,512,180,363,0.100196,0.470703,0.072266,2
calibration-4449,calibration,creative_writing,512,512,217,404,0.05501,0.458984,0.070312,2
calibration-4450,calibration,open_qa,512,512,38,48,0.895874,0.964844,0.302734,1
calibration-4451,calibration,information_extraction,512,512,33,42,0.901768,0.974609,0.007812,2
calibration-4452,calibration,general_qa,512,512,117,208,0.493124,0.466797,0.005859,2
calibration-4453,calibration,information_extraction,512,512,112,237,0.35167,0.65625,0.017578,1
calibration-4454,calibration,closed_qa,512,512,131,227,0.45776,0.478516,0.027344,2
calibration-4455,calibration,summarization,512,512,208,394,0.068762,0.480469,0.033203,2
calibration-4456,calibration,general_qa,512,512,183,387,0.027505,0.509766,0.044922,2
calibration-4457,calibration,brainstorming,512,512,173,363,0.078585,0.462891,0.068359,2
calibration-4458,calibration,open_qa,512,512,154,292,0.225933,0.529297,0.035156,1
calibration-4459,calibration,open_qa,512,512,120,241,0.310413,0.580078,0.027344,2
calibration-4460,calibration,general_qa,512,512,185,366,0.115914,0.507812,0.048828,2
calibration-4461,calibration,general_qa,512,512,131,267,0.21611,0.558594,0.103516,2
calibration-4462,calibration,open_qa,512,512,223,413,0.047151,0.421875,0.041016,2
calibration-4463,calibration,open_qa,512,512,141,234,0.40275,0.529297,0.039062,3
calibration-4464,calibration,brainstorming,512,512,197,361,0.088409,0.521484,0.085938,2
calibration-4465,calibration,open_qa,512,512,160,332,0.13556,0.507812,0.058594,2
calibration-4466,calibration,general_qa,512,512,66,138,0.577603,0.759766,0.066406,2
calibration-4467,calibration,open_qa,512,512,175,366,0.072692,0.484375,0.044922,2
calibration-4468,calibration,open_qa,512,512,83,125,0.642436,0.78125,0.095703,2
calibration-4469,calibration,general_qa,512,512,167,298,0.306483,0.447266,0.080078,2
calibration-4470,calibration,brainstorming,512,512,189,375,0.041257,0.449219,0.042969,2
calibration-4471,calibration,closed_qa,512,512,138,297,0.155206,0.546875,0.033203,2
calibration-4472,calibration,open_qa,512,512,199,391,0.051081,0.425781,0.025391,2
calibration-4473,calibration,open_qa,512,512,196,394,0.049116,0.5,0.050781,2
calibration-4474,calibration,classification,512,512,124,216,0.449902,0.578125,0.142578,2
calibration-4475,calibration,open_qa,512,512,119,215,0.40668,0.615234,0.041016,2
calibration-4476,calibration,closed_qa,512,512,190,351,0.096267,0.490234,0.099609,2
calibration-4477,calibration,classification,512,512,173,318,0.194499,0.439453,0.023438,2
calibration-4478,calibration,general_qa,512,512,69,99,0.772102,0.898438,0.273438,1
calibration-4479,calibration,open_qa,512,512,157,286,0.308448,0.472656,0.0625,2
calibration-4480,calibration,open_qa,512,512,153,303,0.233792,0.511719,0.037109,2
calibration-4481,calibration,closed_qa,512,512,182,360,0.068762,0.519531,0.009766,2
calibration-4482,calibration,open_qa,512,512,70,126,0.595285,0.691406,0.050781,2
calibration-4483,calibration,classification,512,512,56,83,0.736739,0.914062,0.0,1
calibration-4484,calibration,open_qa,512,512,107,192,0.508841,0.625,0.074219,2
calibration-4485,calibration,classification,512,512,153,261,0.365422,0.484375,0.066406,2
calibration-4486,calibration,creative_writing,512,512,196,374,0.070727,0.46875,0.058594,2
calibration-4487,calibration,classification,512,512,69,133,0.573674,0.855469,0.042969,2
calibration-4488,calibration,brainstorming,512,512,51,117,0.605108,0.917969,0.142578,3
calibration-4489,calibration,information_extraction,512,512,105,174,0.563851,0.59375,0.095703,3
calibration-4490,calibration,closed_qa,512,512,124,247,0.355599,0.505859,0.019531,3
calibration-4491,calibration,summarization,512,512,116,209,0.373281,0.71875,0.066406,2
calibration-4492,calibration,classification,512,512,142,306,0.157171,0.564453,0.015625,2
calibration-4493,calibration,open_qa,512,512,201,357,0.18664,0.517578,0.089844,2
calibration-4494,calibration,closed_qa,512,512,161,319,0.165029,0.494141,0.042969,2
calibration-4495,calibration,closed_qa,512,512,119,238,0.349705,0.527344,0.027344,2
calibration-4496,calibration,classification,512,512,180,333,0.202358,0.486328,0.033203,2
calibration-4497,calibration,closed_qa,512,512,154,301,0.225933,0.447266,0.048828,2
calibration-4498,calibration,open_qa,512,512,157,296,0.165029,0.523438,0.097656,4
calibration-4499,calibration,classification,512,512,170,313,0.206287,0.523438,0.015625,3
calibration-4500,calibration,summarization,512,512,181,358,0.11002,0.460938,0.033203,2
calibration-4501,calibration,information_extraction,512,512,160,309,0.165029,0.529297,0.019531,2
calibration-4502,calibration,brainstorming,512,512,164,323,0.188605,0.501953,0.072266,2
calibration-4503,calibration,information_extraction,512,512,171,281,0.324165,0.472656,0.044922,2
calibration-4504,calibration,open_qa,512,512,177,368,0.076621,0.486328,0.060547,2
calibration-4505,calibration,brainstorming,512,512,121,195,0.516699,0.693359,0.113281,2
calibration-4506,calibration,information_extraction,512,512,201,365,0.123772,0.427734,0.042969,2
calibration-4507,calibration,brainstorming,512,512,185,307,0.259332,0.414062,0.070312,2
calibration-4508,calibration,summarization,512,512,80,136,0.609037,0.701172,0.0625,2
calibration-4509,calibration,information_extraction,512,512,177,321,0.188605,0.439453,0.050781,2
calibration-4510,calibration,open_qa,512,512,88,191,0.294695,0.732422,0.101562,2
calibration-4511,calibration,classification,512,512,108,244,0.19057,0.662109,0.033203,3
calibration-4512,calibration,open_qa,512,512,205,351,0.070727,0.521484,0.019531,2
calibration-4513,calibration,open_qa,512,512,49,76,0.791749,0.822266,0.056641,1
calibration-4514,calibration,open_qa,512,512,185,327,0.119843,0.513672,0.044922,2
calibration-4515,calibration,closed_qa,512,512,120,232,0.379175,0.576172,0.023438,3
calibration-4516,calibration,open_qa,512,512,191,331,0.214145,0.478516,0.042969,2
calibration-4517,calibration,open_qa,512,512,66,120,0.605108,0.867188,0.091797,2
calibration-4518,calibration,open_qa,512,512,71,132,0.548134,0.767578,0.074219,2
calibration-4519,calibration,open_qa,512,512,203,361,0.115914,0.458984,0.046875,2
calibration-4520,calibration,open_qa,512,512,190,365,0.051081,0.548828,0.027344,2
calibration-4521,calibration,brainstorming,512,512,229,425,0.027505,0.396484,0.048828,2
calibration-4522,calibration,open_qa,512,512,79,185,0.363458,0.654297,0.027344,2
calibration-4523,calibration,open_qa,512,512,214,402,0.035363,0.466797,0.035156,2
calibration-4524,calibration,brainstorming,512,512,208,395,0.053045,0.455078,0.060547,2
calibration-4525,calibration,open_qa,512,512,193,379,0.062868,0.466797,0.033203,2
calibration-4526,calibration,information_extraction,512,512,121,242,0.294695,0.552734,0.037109,2
calibration-4527,calibration,open_qa,512,512,204,393,0.05501,0.451172,0.039062,2
calibration-4528,calibration,classification,512,512,178,304,0.280943,0.519531,0.058594,3
calibration-4529,calibration,summarization,512,512,91,183,0.436149,0.806641,0.089844,3
calibration-4530,calibration,open_qa,512,512,135,259,0.24558,0.576172,0.035156,2
calibration-4531,calibration,information_extraction,512,512,185,336,0.111984,0.470703,0.070312,2
calibration-4532,calibration,brainstorming,512,512,168,317,0.157171,0.482422,0.021484,2
calibration-4533,calibration,brainstorming,512,512,131,250,0.320236,0.595703,0.103516,2
calibration-4534,calibration,brainstorming,512,512,218,416,0.023576,0.431641,0.035156,2
calibration-4535,calibration,creative_writing,512,512,209,404,0.015717,0.474609,0.042969,2
calibration-4536,calibration,general_qa,512,512,213,416,0.017682,0.433594,0.058594,2
calibration-4537,calibration,classification,512,512,163,315,0.198428,0.523438,0.089844,2
calibration-4538,calibration,general_qa,512,512,161,292,0.247544,0.484375,0.029297,2
calibration-4539,calibration,classification,512,512,98,171,0.502947,0.658203,0.099609,2
calibration-4540,calibration,creative_writing,512,512,92,151,0.614931,0.539062,0.107422,2
calibration-4541,calibration,creative_writing,512,512,143,242,0.412574,0.578125,0.042969,2
calibration-4542,calibration,classification,512,512,96,179,0.434185,0.621094,0.134766,2
calibration-4543,calibration,brainstorming,512,512,177,302,0.282908,0.490234,0.0625,2
calibration-4544,calibration,information_extraction,512,512,154,317,0.170923,0.517578,0.042969,2
calibration-4545,calibration,information_extraction,512,512,164,313,0.166994,0.486328,0.074219,2
calibration-4546,calibration,closed_qa,512,512,102,243,0.133595,0.728516,0.083984,2
calibration-4547,calibration,closed_qa,512,512,125,225,0.369352,0.539062,0.066406,3
calibration-4548,calibration,general_qa,512,512,223,388,0.121807,0.455078,0.048828,2
calibration-4549,calibration,creative_writing,512,512,235,412,0.070727,0.416016,0.046875,2
calibration-4550,calibration,open_qa,512,512,162,297,0.251473,0.429688,0.060547,2
calibration-4551,calibration,classification,512,512,35,69,0.711198,0.945312,0.199219,2
calibration-4552,calibration,general_qa,512,512,196,377,0.094303,0.490234,0.03125,2
calibration-4553,calibration,information_extraction,512,512,150,271,0.304519,0.505859,0.048828,2
calibration-4554,calibration,summarization,512,512,134,282,0.165029,0.564453,0.095703,2
calibration-4555,calibration,open_qa,512,512,161,326,0.170923,0.5,0.005859,3
calibration-4556,calibration,brainstorming,512,512,187,373,0.056974,0.492188,0.03125,2
calibration-4557,calibration,open_qa,512,512,84,127,0.701375,0.826172,0.125,2
calibration-4558,calibration,summarization,512,512,142,287,0.231827,0.570312,0.060547,3
calibration-4559,calibration,information_extraction,512,512,163,276,0.3222,0.609375,0.060547,3
calibration-4560,calibration,open_qa,512,512,207,368,0.086444,0.447266,0.060547,2
calibration-4561,calibration,information_extraction,512,512,127,273,0.204322,0.580078,0.011719,2
calibration-4562,calibration,general_qa,512,512,123,190,0.561886,0.425781,0.058594,2
calibration-4563,calibration,summarization,512,512,132,255,0.278978,0.574219,0.068359,2
calibration-4564,calibration,open_qa,512,512,150,263,0.300589,0.550781,0.058594,2
calibration-4565,calibration,open_qa,512,512,146,293,0.198428,0.523438,0.015625,3
calibration-4566,calibration,open_qa,512,512,98,175,0.497053,0.685547,0.089844,2
calibration-4567,calibration,open_qa,512,512,201,349,0.163065,0.425781,0.0625,2
calibration-4568,calibration,classification,512,512,78,114,0.683694,0.789062,0.033203,2
calibration-4569,calibration,summarization,512,512,161,292,0.251473,0.509766,0.041016,2
calibration-4570,calibration,classification,512,512,188,368,0.078585,0.513672,0.068359,2
calibration-4571,calibration,open_qa,512,512,198,395,0.02947,0.439453,0.03125,1
calibration-4572,calibration,brainstorming,512,512,120,252,0.188605,0.652344,0.109375,2
calibration-4573,calibration,brainstorming,512,512,128,270,0.222004,0.587891,0.03125,2
calibration-4574,calibration,brainstorming,512,512,199,387,0.094303,0.4375,0.0625,2
calibration-4575,calibration,brainstorming,512,512,124,248,0.349705,0.558594,0.058594,2
calibration-4576,calibration,general_qa,512,512,211,390,0.051081,0.429688,0.035156,2
calibration-4577,calibration,general_qa,512,512,198,369,0.092338,0.455078,0.046875,2
calibration-4578,calibration,open_qa,512,512,166,297,0.280943,0.466797,0.080078,2
calibration-4579,calibration,open_qa,512,512,137,254,0.385069,0.630859,0.111328,2
calibration-4580,calibration,general_qa,512,512,113,250,0.328094,0.544922,0.035156,2
calibration-4581,calibration,brainstorming,512,512,180,343,0.094303,0.521484,0.046875,2
calibration-4582,calibration,general_qa,512,512,204,407,0.047151,0.449219,0.066406,2
calibration-4583,calibration,brainstorming,512,512,223,410,0.031434,0.449219,0.035156,3
calibration-4584,calibration,open_qa,512,512,82,178,0.477407,0.833984,0.03125,2
calibration-4585,calibration,open_qa,512,512,136,236,0.359528,0.677734,0.132812,2
calibration-4586,calibration,general_qa,512,512,122,234,0.394892,0.564453,0.109375,2
calibration-4587,calibration,creative_writing,512,512,189,395,0.035363,0.439453,0.027344,2
calibration-4588,calibration,general_qa,512,512,183,307,0.275049,0.541016,0.064453,2
calibration-4589,calibration,open_qa,512,512,214,404,0.043222,0.476562,0.048828,2
calibration-4590,calibration,general_qa,512,512,109,241,0.304519,0.611328,0.056641,2
calibration-4591,calibration,summarization,512,512,191,356,0.098232,0.5,0.025391,3
calibration-4592,calibration,closed_qa,512,512,172,319,0.170923,0.599609,0.076172,2
calibration-4593,calibration,classification,512,512,64,104,0.687623,0.884766,0.015625,2
calibration-4594,calibration,open_qa,512,512,196,362,0.115914,0.455078,0.03125,2
calibration-4595,calibration,general_qa,512,512,209,397,0.047151,0.431641,0.042969,2
calibration-4596,calibration,classification,512,512,230,401,0.060904,0.373047,0.044922,2
calibration-4597,calibration,classification,512,512,161,315,0.182711,0.515625,0.033203,2
calibration-4598,calibration,open_qa,512,512,217,405,0.035363,0.455078,0.044922,2
calibration-4599,calibration,brainstorming,512,512,95,164,0.502947,0.583984,0.142578,2
calibration-4600,calibration,general_qa,512,512,207,394,0.076621,0.419922,0.037109,2
calibration-4601,calibration,classification,512,512,195,344,0.18664,0.447266,0.056641,2
calibration-4602,calibration,open_qa,512,512,61,89,0.781925,0.632812,0.082031,2
calibration-4603,calibration,brainstorming,512,512,229,397,0.051081,0.425781,0.054688,2
calibration-4604,calibration,brainstorming,512,512,205,388,0.076621,0.435547,0.076172,2
calibration-4605,calibration,classification,512,512,203,388,0.058939,0.431641,0.037109,2
calibration-4606,calibration,open_qa,512,512,173,357,0.115914,0.525391,0.025391,2
calibration-4607,calibration,summarization,512,512,112,199,0.514735,0.548828,0.126953,2
calibration-4608,calibration,open_qa,512,512,184,330,0.18664,0.443359,0.033203,2
calibration-4609,calibration,creative_writing,512,512,195,344,0.13556,0.402344,0.068359,2
calibration-4610,calibration,closed_qa,512,512,103,194,0.495088,0.677734,0.039062,2
calibration-4611,calibration,summarization,512,512,106,185,0.502947,0.578125,0.023438,3
calibration-4612,calibration,brainstorming,512,512,135,205,0.500982,0.582031,0.101562,1
calibration-4613,calibration,brainstorming,512,512,143,248,0.444008,0.6875,0.023438,2
calibration-4614,calibration,classification,512,512,201,356,0.168959,0.474609,0.050781,2
calibration-4615,calibration,open_qa,512,512,102,167,0.561886,0.560547,0.083984,2
calibration-4616,calibration,classification,512,512,203,410,0.023576,0.464844,0.044922,2
calibration-4617,calibration,general_qa,512,512,123,240,0.318271,0.585938,0.017578,2
calibration-4618,calibration,creative_writing,512,512,22,31,0.907662,0.996094,0.058594,2
calibration-4619,calibration,general_qa,512,512,45,73,0.80943,0.9375,0.09375,2
calibration-4620,calibration,open_qa,512,512,104,157,0.62279,0.589844,0.080078,2
calibration-4621,calibration,closed_qa,512,512,188,349,0.123772,0.5,0.03125,3
calibration-4622,calibration,classification,512,512,26,63,0.807466,0.984375,0.113281,2
calibration-4623,calibration,brainstorming,512,512,95,205,0.328094,0.71875,0.044922,2
calibration-4624,calibration,classification,512,512,142,291,0.212181,0.570312,0.023438,2
calibration-4625,calibration,general_qa,512,512,92,182,0.483301,0.642578,0.128906,2
calibration-4626,calibration,open_qa,512,512,182,340,0.157171,0.451172,0.0625,2
calibration-4627,calibration,information_extraction,512,512,121,215,0.387033,0.625,0.056641,2
calibration-4628,calibration,closed_qa,512,512,172,350,0.088409,0.464844,0.015625,2
calibration-4629,calibration,summarization,512,512,171,351,0.084479,0.529297,0.03125,2
calibration-4630,calibration,summarization,512,512,129,254,0.300589,0.488281,0.037109,3
calibration-4631,calibration,classification,512,512,129,219,0.418468,0.59375,0.083984,2
calibration-4632,calibration,open_qa,512,512,178,341,0.119843,0.501953,0.037109,2
calibration-4633,calibration,summarization,512,512,167,311,0.13556,0.535156,0.03125,3
calibration-4634,calibration,general_qa,512,512,175,335,0.108055,0.529297,0.019531,3
calibration-4635,calibration,brainstorming,512,512,215,408,0.041257,0.425781,0.076172,2
calibration-4636,calibration,open_qa,512,512,87,119,0.722986,0.638672,0.087891,2
calibration-4637,calibration,general_qa,512,512,191,375,0.058939,0.490234,0.035156,2
calibration-4638,calibration,closed_qa,512,512,197,363,0.117878,0.460938,0.011719,2
calibration-4639,calibration,classification,512,512,97,179,0.436149,0.628906,0.087891,2
calibration-4640,calibration,open_qa,512,512,100,207,0.398821,0.65625,0.060547,2
calibration-4641,calibration,open_qa,512,512,7,9,0.97053,1.0,0.054688,1
calibration-4642,calibration,general_qa,512,512,63,117,0.626719,0.748047,0.054688,2
calibration-4643,calibration,open_qa,512,512,180,337,0.123772,0.451172,0.023438,2
calibration-4644,calibration,general_qa,512,512,10,21,0.941061,1.0,0.0,1
calibration-4645,calibration,information_extraction,512,512,110,198,0.453831,0.53125,0.050781,2
calibration-4646,calibration,creative_writing,512,512,217,407,0.017682,0.482422,0.035156,2
calibration-4647,calibration,open_qa,512,512,105,231,0.288802,0.691406,0.070312,1
calibration-4648,calibration,open_qa,512,512,175,355,0.060904,0.535156,0.042969,2
calibration-4649,calibration,summarization,512,512,181,312,0.267191,0.443359,0.03125,2
calibration-4650,calibration,summarization,512,512,89,178,0.473477,0.652344,0.101562,2
calibration-4651,calibration,open_qa,512,512,184,349,0.123772,0.457031,0.041016,2
calibration-4652,calibration,open_qa,512,512,174,338,0.121807,0.537109,0.023438,2
calibration-4653,calibration,closed_qa,512,512,167,317,0.204322,0.515625,0.070312,2
calibration-4654,calibration,closed_qa,512,512,72,114,0.715128,0.585938,0.089844,2
calibration-4655,calibration,open_qa,512,512,193,358,0.096267,0.486328,0.042969,2
calibration-4656,calibration,open_qa,512,512,132,245,0.330059,0.570312,0.025391,2
calibration-4657,calibration,brainstorming,512,512,183,304,0.27112,0.484375,0.050781,2
calibration-4658,calibration,classification,512,512,82,120,0.681729,0.556641,0.089844,2
calibration-4659,calibration,classification,512,512,137,237,0.288802,0.535156,0.056641,2
calibration-4660,calibration,classification,512,512,74,122,0.616896,0.660156,0.117188,2
calibration-4661,calibration,classification,512,512,205,374,0.088409,0.488281,0.048828,2
calibration-4662,calibration,closed_qa,512,512,158,259,0.304519,0.496094,0.048828,2
calibration-4663,calibration,information_extraction,512,512,89,150,0.630648,0.71875,0.054688,2
calibration-4664,calibration,open_qa,512,512,152,283,0.235756,0.564453,0.029297,1
calibration-4665,calibration,information_extraction,512,512,199,343,0.141454,0.408203,0.029297,2
calibration-4666,calibration,open_qa,512,512,179,354,0.155206,0.480469,0.076172,2
calibration-4667,calibration,general_qa,512,512,175,365,0.058939,0.5,0.039062,2
calibration-4668,calibration,information_extraction,512,512,208,384,0.119843,0.447266,0.085938,2
calibration-4669,calibration,brainstorming,512,512,182,348,0.131631,0.431641,0.0625,2
calibration-4670,calibration,open_qa,512,512,147,292,0.19057,0.484375,0.064453,2
calibration-4671,calibration,summarization,512,512,170,345,0.090373,0.527344,0.03125,2
calibration-4672,calibration,summarization,512,512,115,262,0.222004,0.583984,0.050781,2
calibration-4673,calibration,open_qa,512,512,69,110,0.738703,0.652344,0.068359,2
calibration-4674,calibration,open_qa,512,512,144,286,0.168959,0.601562,0.023438,2
calibration-4675,calibration,information_extraction,512,512,184,356,0.11002,0.478516,0.027344,3
calibration-4676,calibration,open_qa,512,512,133,257,0.318271,0.523438,0.09375,3
calibration-4677,calibration,summarization,512,512,150,298,0.198428,0.539062,0.017578,2
calibration-4678,calibration,information_extraction,512,512,98,181,0.516699,0.648438,0.085938,2
calibration-4679,calibration,summarization,512,512,150,280,0.247544,0.511719,0.050781,2
calibration-4680,calibration,brainstorming,512,512,168,305,0.202358,0.533203,0.060547,2
calibration-4681,calibration,open_qa,512,512,215,394,0.053045,0.445312,0.027344,2
calibration-4682,calibration,open_qa,512,512,164,284,0.320236,0.441406,0.085938,2
calibration-4683,calibration,open_qa,512,512,105,188,0.491159,0.75,0.027344,2
calibration-4684,calibration,brainstorming,512,512,134,223,0.455796,0.501953,0.054688,3
calibration-4685,calibration,closed_qa,512,512,170,323,0.153242,0.542969,0.015625,3
calibration-4686,calibration,general_qa,512,512,193,358,0.068762,0.509766,0.052734,3
calibration-4687,calibration,general_qa,512,512,184,372,0.078585,0.474609,0.033203,2
calibration-4688,calibration,open_qa,512,512,95,184,0.414538,0.732422,0.033203,2
calibration-4689,calibration,open_qa,512,512,221,411,0.02947,0.439453,0.027344,2
calibration-4690,calibration,creative_writing,512,512,231,413,0.015717,0.472656,0.027344,2
calibration-4691,calibration,general_qa,512,512,191,348,0.137525,0.439453,0.037109,2
calibration-4692,calibration,classification,512,512,117,226,0.349705,0.607422,0.054688,2
calibration-4693,calibration,open_qa,512,512,98,226,0.335953,0.59375,0.052734,1
calibration-4694,calibration,information_extraction,512,512,166,306,0.188605,0.496094,0.042969,2
calibration-4695,calibration,open_qa,512,512,154,309,0.180747,0.496094,0.037109,2
calibration-4696,calibration,classification,512,512,196,377,0.08055,0.462891,0.023438,2
calibration-4697,calibration,open_qa,512,512,128,242,0.369352,0.605469,0.035156,2
calibration-4698,calibration,closed_qa,512,512,106,226,0.330059,0.59375,0.066406,2
calibration-4699,calibration,open_qa,512,512,66,119,0.614931,0.761719,0.025391,2
calibration-4700,calibration,closed_qa,512,512,153,297,0.200393,0.494141,0.027344,2
calibration-4701,calibration,creative_writing,512,512,194,374,0.074656,0.470703,0.048828,2
calibration-4702,calibration,brainstorming,512,512,167,330,0.100196,0.515625,0.039062,2
calibration-4703,calibration,general_qa,512,512,168,345,0.08055,0.503906,0.042969,2
calibration-4704,calibration,general_qa,512,512,184,362,0.090373,0.480469,0.042969,2
calibration-4705,calibration,general_qa,512,512,190,338,0.214145,0.449219,0.021484,2
calibration-4706,calibration,open_qa,512,512,86,196,0.343811,0.654297,0.050781,2
calibration-4707,calibration,general_qa,512,512,147,245,0.398821,0.601562,0.111328,2
calibration-4708,calibration,closed_qa,512,512,71,123,0.650295,0.675781,0.095703,2
calibration-4709,calibration,brainstorming,512,512,170,312,0.184676,0.488281,0.083984,2
calibration-4710,calibration,creative_writing,512,512,224,394,0.090373,0.431641,0.056641,2
calibration-4711,calibration,open_qa,512,512,134,256,0.320236,0.519531,0.054688,2
calibration-4712,calibration,information_extraction,512,512,144,267,0.292731,0.480469,0.044922,2
calibration-4713,calibration,closed_qa,512,512,174,329,0.149312,0.466797,0.076172,2
calibration-4714,calibration,brainstorming,512,512,138,220,0.483301,0.517578,0.054688,2
calibration-4715,calibration,open_qa,512,512,123,237,0.357564,0.537109,0.048828,3
calibration-4716,calibration,closed_qa,512,512,217,418,0.039293,0.417969,0.009766,3
calibration-4717,calibration,open_qa,512,512,92,143,0.630648,0.697266,0.085938,2
calibration-4718,calibration,creative_writing,512,512,187,385,0.045187,0.5,0.03125,2
calibration-4719,calibration,creative_writing,512,512,136,202,0.51277,0.589844,0.121094,2
calibration-4720,calibration,information_extraction,512,512,183,311,0.227898,0.488281,0.050781,2
calibration-4721,calibration,general_qa,512,512,152,277,0.275049,0.5625,0.046875,2
calibration-4722,calibration,open_qa,512,512,219,372,0.08055,0.388672,0.037109,2
calibration-4723,calibration,open_qa,512,512,95,160,0.557957,0.626953,0.052734,2
calibration-4724,calibration,closed_qa,512,512,179,330,0.178782,0.482422,0.046875,2
calibration-4725,calibration,open_qa,512,512,226,414,0.027505,0.4375,0.039062,2
calibration-4726,calibration,closed_qa,512,512,134,272,0.277014,0.519531,0.074219,2
calibration-4727,calibration,classification,512,512,132,213,0.426326,0.541016,0.046875,2
calibration-4728,calibration,creative_writing,512,512,203,356,0.125737,0.458984,0.087891,2
calibration-4729,calibration,open_qa,512,512,91,142,0.669941,0.810547,0.117188,2
calibration-4730,calibration,general_qa,512,512,108,163,0.591356,0.529297,0.089844,2
calibration-4731,calibration,brainstorming,512,512,158,309,0.18664,0.449219,0.058594,2
calibration-4732,calibration,open_qa,512,512,50,87,0.766208,0.789062,0.101562,2
calibration-4733,calibration,open_qa,512,512,180,372,0.094303,0.449219,0.050781,2
calibration-4734,calibration,brainstorming,512,512,192,348,0.178782,0.451172,0.035156,2
calibration-4735,calibration,summarization,512,512,196,355,0.155206,0.464844,0.035156,2
calibration-4736,calibration,information_extraction,512,512,79,113,0.717092,0.873047,0.007812,2
calibration-4737,calibration,information_extraction,512,512,100,198,0.345776,0.664062,0.015625,4
calibration-4738,calibration,closed_qa,512,512,128,202,0.489194,0.662109,0.123047,3
calibration-4739,calibration,classification,512,512,172,331,0.194499,0.503906,0.044922,2
calibration-4740,calibration,open_qa,512,512,163,306,0.223969,0.523438,0.054688,2
calibration-4741,calibration,classification,512,512,214,363,0.153242,0.441406,0.044922,2
calibration-4742,calibration,closed_qa,512,512,205,368,0.082515,0.453125,0.025391,2
calibration-4743,calibration,summarization,512,512,169,320,0.18664,0.548828,0.027344,2
calibration-4744,calibration,open_qa,512,512,175,327,0.157171,0.507812,0.041016,2
calibration-4745,calibration,brainstorming,512,512,206,391,0.031434,0.455078,0.060547,2
calibration-4746,calibration,open_qa,512,512,172,342,0.119843,0.470703,0.064453,2
calibration-4747,calibration,open_qa,512,512,195,367,0.064833,0.460938,0.058594,2
calibration-4748,calibration,creative_writing,512,512,72,124,0.634578,0.730469,0.162109,2
calibration-4749,calibration,information_extraction,512,512,141,288,0.267191,0.507812,0.048828,3
calibration-4750,calibration,classification,512,512,180,327,0.151277,0.525391,0.035156,2
calibration-4751,calibration,classification,512,512,181,339,0.180747,0.472656,0.046875,2
calibration-4752,calibration,creative_writing,512,512,143,297,0.269155,0.560547,0.085938,2
calibration-4753,calibration,open_qa,512,512,78,119,0.709234,0.744141,0.070312,2
calibration-4754,calibration,open_qa,512,512,131,295,0.21611,0.541016,0.015625,2
calibration-4755,calibration,open_qa,512,512,134,229,0.408644,0.535156,0.0625,2
calibration-4756,calibration,general_qa,512,512,169,313,0.225933,0.501953,0.046875,2
calibration-4757,calibration,information_extraction,512,512,191,352,0.131631,0.501953,0.025391,2
calibration-4758,calibration,open_qa,512,512,134,279,0.196464,0.630859,0.03125,2
calibration-4759,calibration,general_qa,512,512,180,338,0.182711,0.435547,0.060547,2
calibration-4760,calibration,general_qa,512,512,244,428,0.017682,0.431641,0.037109,2
calibration-4761,calibration,classification,512,512,217,424,0.021611,0.466797,0.042969,2
calibration-4762,calibration,closed_qa,512,512,102,200,0.451866,0.541016,0.044922,2
calibration-4763,calibration,general_qa,512,512,54,103,0.664047,0.783203,0.083984,2
calibration-4764,calibration,information_extraction,512,512,107,169,0.62279,0.505859,0.03125,2
calibration-4765,calibration,classification,512,512,169,305,0.233792,0.515625,0.042969,2
calibration-4766,calibration,open_qa,512,512,146,248,0.40275,0.669922,0.099609,2
calibration-4767,calibration,open_qa,512,512,232,415,0.051081,0.447266,0.03125,2
calibration-4768,calibration,general_qa,512,512,150,315,0.117878,0.515625,0.027344,2
calibration-4769,calibration,open_qa,512,512,211,396,0.049116,0.443359,0.066406,2
calibration-4770,calibration,closed_qa,512,512,126,200,0.451866,0.533203,0.080078,2
calibration-4771,calibration,creative_writing,512,512,201,389,0.060904,0.464844,0.042969,2
calibration-4772,calibration,information_extraction,512,512,88,162,0.522593,0.714844,0.101562,2
calibration-4773,calibration,general_qa,512,512,221,412,0.033399,0.443359,0.064453,2
calibration-4774,calibration,closed_qa,512,512,135,273,0.218075,0.628906,0.066406,3
calibration-4775,calibration,classification,512,512,174,372,0.082515,0.478516,0.035156,2
calibration-4776,calibration,information_extraction,512,512,131,217,0.469548,0.482422,0.033203,2
calibration-4777,calibration,closed_qa,512,512,164,287,0.237721,0.544922,0.033203,2
calibration-4778,calibration,open_qa,512,512,113,203,0.467583,0.613281,0.029297,2
calibration-4779,calibration,closed_qa,512,512,131,292,0.165029,0.568359,0.048828,2
calibration-4780,calibration,information_extraction,512,512,200,375,0.102161,0.470703,0.054688,2
calibration-4781,calibration,classification,512,512,40,66,0.811395,0.960938,0.300781,2
calibration-4782,calibration,classification,512,512,94,143,0.532417,0.634766,0.019531,2
calibration-4783,calibration,information_extraction,512,512,134,260,0.247544,0.582031,0.066406,2
calibration-4784,calibration,classification,512,512,164,324,0.168959,0.486328,0.03125,2
calibration-4785,calibration,classification,512,512,198,355,0.157171,0.464844,0.042969,2
calibration-4786,calibration,open_qa,512,512,108,226,0.316306,0.605469,0.066406,3
calibration-4787,calibration,general_qa,512,512,144,263,0.355599,0.646484,0.033203,122
calibration-4788,calibration,closed_qa,512,512,171,314,0.198428,0.472656,0.019531,2
calibration-4789,calibration,brainstorming,512,512,222,423,0.02554,0.455078,0.044922,2
calibration-4790,calibration,brainstorming,512,512,175,348,0.133595,0.496094,0.078125,2
calibration-4791,calibration,closed_qa,512,512,26,35,0.905697,0.988281,0.359375,2
calibration-4792,calibration,information_extraction,512,512,131,243,0.375246,0.537109,0.087891,2
calibration-4793,calibration,summarization,512,512,93,172,0.555992,0.707031,0.048828,2
calibration-4794,calibration,open_qa,512,512,162,353,0.066798,0.5,0.023438,2
calibration-4795,calibration,general_qa,512,512,218,399,0.023576,0.435547,0.056641,2
calibration-4796,calibration,general_qa,512,512,198,398,0.060904,0.433594,0.029297,2
calibration-4797,calibration,information_extraction,512,512,136,265,0.247544,0.636719,0.037109,2
calibration-4798,calibration,closed_qa,512,512,77,133,0.642436,0.632812,0.042969,2
calibration-4799,calibration,open_qa,512,512,200,388,0.060904,0.470703,0.035156,2
calibration-4800,calibration,general_qa,512,512,190,369,0.076621,0.447266,0.03125,2
calibration-4801,calibration,open_qa,512,512,126,259,0.227898,0.630859,0.003906,4
calibration-4802,calibration,open_qa,512,512,220,420,0.021611,0.431641,0.027344,2
calibration-4803,calibration,information_extraction,512,512,183,356,0.129666,0.484375,0.048828,2
calibration-4804,calibration,closed_qa,512,512,173,332,0.149312,0.472656,0.037109,2
calibration-4805,calibration,information_extraction,512,512,132,230,0.447937,0.566406,0.035156,2
calibration-4806,calibration,classification,512,512,218,402,0.047151,0.472656,0.041016,2
calibration-4807,calibration,general_qa,512,512,210,402,0.053045,0.433594,0.023438,2
calibration-4808,calibration,summarization,512,512,177,323,0.180747,0.544922,0.042969,2
calibration-4809,calibration,closed_qa,512,512,153,301,0.165029,0.53125,0.0625,3
calibration-4810,calibration,general_qa,512,512,160,316,0.227898,0.511719,0.027344,2
calibration-4811,calibration,summarization,512,512,106,189,0.485265,0.492188,0.052734,2
calibration-4812,calibration,information_extraction,512,512,134,285,0.196464,0.585938,0.041016,2
calibration-4813,calibration,open_qa,512,512,191,353,0.174853,0.462891,0.097656,2
calibration-4814,calibration,information_extraction,512,512,192,375,0.068762,0.492188,0.041016,2
calibration-4815,calibration,information_extraction,512,512,135,208,0.51277,0.455078,0.091797,2
calibration-4816,calibration,classification,512,512,134,294,0.184676,0.544922,0.023438,2
calibration-4817,calibration,brainstorming,512,512,204,408,0.037328,0.427734,0.042969,2
calibration-4818,calibration,summarization,512,512,192,354,0.155206,0.398438,0.029297,2
calibration-4819,calibration,information_extraction,512,512,120,231,0.306483,0.539062,0.070312,2
calibration-4820,calibration,summarization,512,512,78,151,0.524558,0.71875,0.035156,2
calibration-4821,calibration,classification,512,512,191,367,0.076621,0.509766,0.066406,2
calibration-4822,calibration,classification,512,512,12,16,0.952849,1.0,0.0,1
calibration-4823,calibration,classification,512,512,177,315,0.198428,0.464844,0.070312,2
calibration-4824,calibration,open_qa,512,512,137,242,0.367387,0.507812,0.083984,2
calibration-4825,calibration,summarization,512,512,233,403,0.074656,0.390625,0.056641,2
calibration-4826,calibration,classification,512,512,172,325,0.196464,0.460938,0.070312,2
calibration-4827,calibration,general_qa,512,512,155,315,0.182711,0.535156,0.068359,2
calibration-4828,calibration,information_extraction,512,512,190,385,0.027505,0.478516,0.027344,3
calibration-4829,calibration,brainstorming,512,512,213,392,0.051081,0.451172,0.048828,2
calibration-4830,calibration,general_qa,512,512,215,404,0.068762,0.451172,0.046875,2
calibration-4831,calibration,general_qa,512,512,242,410,0.037328,0.433594,0.027344,2
calibration-4832,calibration,closed_qa,512,512,157,257,0.357564,0.541016,0.080078,2
calibration-4833,calibration,classification,512,512,154,267,0.294695,0.560547,0.068359,2
calibration-4834,calibration,closed_qa,512,512,143,275,0.206287,0.570312,0.128906,2
calibration-4835,calibration,closed_qa,512,512,89,207,0.442043,0.671875,0.037109,2
calibration-4836,calibration,open_qa,512,512,184,365,0.076621,0.466797,0.037109,3
calibration-4837,calibration,open_qa,512,512,176,348,0.102161,0.474609,0.044922,2
calibration-4838,calibration,open_qa,512,512,106,213,0.43222,0.712891,0.046875,2
calibration-4839,calibration,open_qa,512,512,200,378,0.064833,0.478516,0.048828,2
calibration-4840,calibration,general_qa,512,512,187,332,0.21611,0.427734,0.054688,2
calibration-4841,calibration,summarization,512,512,191,338,0.123772,0.484375,0.025391,2
calibration-4842,calibration,closed_qa,512,512,191,358,0.113949,0.488281,0.044922,2
calibration-4843,calibration,brainstorming,512,512,165,280,0.355599,0.488281,0.056641,2
calibration-4844,calibration,creative_writing,512,512,138,282,0.229862,0.597656,0.097656,2
calibration-4845,calibration,open_qa,512,512,206,390,0.062868,0.455078,0.0625,2
calibration-4846,calibration,classification,512,512,197,402,0.019646,0.478516,0.035156,2
calibration-4847,calibration,general_qa,512,512,184,325,0.141454,0.490234,0.070312,2
calibration-4848,calibration,classification,512,512,208,370,0.127701,0.449219,0.050781,2
calibration-4849,calibration,classification,512,512,123,250,0.277014,0.597656,0.037109,2
calibration-4850,calibration,brainstorming,512,512,185,331,0.1611,0.451172,0.029297,2
calibration-4851,calibration,open_qa,512,512,150,300,0.19057,0.517578,0.035156,2
calibration-4852,calibration,general_qa,512,512,82,143,0.679764,0.84375,0.171875,2
calibration-4853,calibration,closed_qa,512,512,172,270,0.40668,0.382812,0.03125,2
calibration-4854,calibration,summarization,512,512,185,350,0.082515,0.462891,0.046875,2
calibration-4855,calibration,open_qa,512,512,161,325,0.159136,0.484375,0.039062,2
calibration-4856,calibration,open_qa,512,512,140,275,0.257367,0.5625,0.023438,2
calibration-4857,calibration,classification,512,512,149,298,0.192534,0.527344,0.025391,2
calibration-4858,calibration,general_qa,512,512,185,352,0.108055,0.476562,0.042969,2
calibration-4859,calibration,information_extraction,512,512,128,251,0.347741,0.574219,0.037109,2
calibration-4860,calibration,open_qa,512,512,158,311,0.170923,0.517578,0.03125,2
calibration-4861,calibration,brainstorming,512,512,228,397,0.062868,0.425781,0.058594,2
calibration-4862,calibration,open_qa,512,512,136,289,0.198428,0.519531,0.054688,2
calibration-4863,calibration,information_extraction,512,512,210,389,0.049116,0.462891,0.007812,2
calibration-4864,calibration,classification,512,512,125,249,0.363458,0.560547,0.099609,2
calibration-4865,calibration,classification,512,512,51,103,0.603143,0.847656,0.070312,2
calibration-4866,calibration,creative_writing,512,512,191,339,0.172888,0.453125,0.060547,2
calibration-4867,calibration,open_qa,512,512,81,224,0.249509,0.681641,0.03125,2
calibration-4868,calibration,brainstorming,512,512,30,46,0.854617,0.980469,0.103516,1
calibration-4869,calibration,open_qa,512,512,178,334,0.19057,0.408203,0.025391,1
calibration-4870,calibration,information_extraction,512,512,172,349,0.113949,0.529297,0.035156,2
calibration-4871,calibration,classification,512,512,150,268,0.310413,0.488281,0.03125,2
calibration-4872,calibration,brainstorming,512,512,192,365,0.100196,0.460938,0.072266,2
calibration-4873,calibration,classification,512,512,102,195,0.35167,0.650391,0.035156,2
calibration-4874,calibration,open_qa,512,512,198,350,0.194499,0.464844,0.027344,2
calibration-4875,calibration,classification,512,512,172,343,0.155206,0.460938,0.044922,2
calibration-4876,calibration,general_qa,512,512,84,145,0.59725,0.771484,0.099609,2
calibration-4877,calibration,closed_qa,512,512,171,316,0.225933,0.5,0.015625,2
calibration-4878,calibration,brainstorming,512,512,225,409,0.051081,0.414062,0.039062,2
calibration-4879,calibration,open_qa,512,512,136,275,0.192534,0.582031,0.037109,2
calibration-4880,calibration,general_qa,512,512,211,399,0.045187,0.408203,0.044922,3
calibration-4881,calibration,classification,512,512,25,43,0.870334,0.990234,0.275391,2
calibration-4882,calibration,closed_qa,512,512,171,343,0.098232,0.505859,0.052734,2
calibration-4883,calibration,open_qa,512,512,30,43,0.797642,0.865234,0.167969,1
calibration-4884,calibration,open_qa,512,512,98,187,0.455796,0.607422,0.035156,2
calibration-4885,calibration,closed_qa,512,512,114,220,0.381139,0.572266,0.039062,3
calibration-4886,calibration,brainstorming,512,512,86,150,0.424361,0.820312,0.005859,2
calibration-4887,calibration,general_qa,512,512,187,360,0.082515,0.470703,0.011719,2
calibration-4888,calibration,information_extraction,512,512,181,347,0.163065,0.431641,0.0,1
calibration-4889,calibration,classification,512,512,158,289,0.32613,0.521484,0.044922,2
calibration-4890,calibration,general_qa,512,512,163,339,0.074656,0.533203,0.035156,2
calibration-4891,calibration,brainstorming,512,512,188,370,0.08055,0.431641,0.068359,2
calibration-4892,calibration,open_qa,512,512,79,150,0.56778,0.798828,0.138672,2
calibration-4893,calibration,information_extraction,512,512,81,168,0.506876,0.673828,0.046875,2
calibration-4894,calibration,brainstorming,512,512,50,97,0.618861,0.921875,0.007812,9
calibration-4895,calibration,brainstorming,512,512,234,428,0.015717,0.449219,0.037109,3
calibration-4896,calibration,closed_qa,512,512,154,333,0.092338,0.53125,0.033203,2
calibration-4897,calibration,open_qa,512,512,210,365,0.084479,0.457031,0.03125,2
calibration-4898,calibration,summarization,512,512,95,153,0.636542,0.597656,0.060547,2
calibration-4899,calibration,open_qa,512,512,134,239,0.424361,0.544922,0.121094,2
calibration-4900,calibration,open_qa,512,512,187,325,0.180747,0.476562,0.041016,3
calibration-4901,calibration,open_qa,512,512,105,176,0.514735,0.708984,0.095703,3
calibration-4902,calibration,general_qa,512,512,185,374,0.05501,0.488281,0.027344,2
calibration-4903,calibration,brainstorming,512,512,159,278,0.316306,0.509766,0.089844,2
calibration-4904,calibration,summarization,512,512,22,58,0.777996,0.990234,0.058594,3
calibration-4905,calibration,creative_writing,512,512,115,174,0.616896,0.746094,0.085938,20
calibration-4906,calibration,classification,512,512,148,276,0.225933,0.541016,0.017578,1
calibration-4907,calibration,open_qa,512,512,205,378,0.084479,0.462891,0.042969,2
calibration-4908,calibration,general_qa,512,512,103,176,0.485265,0.759766,0.171875,2
calibration-4909,calibration,general_qa,512,512,168,296,0.280943,0.470703,0.03125,3
calibration-4910,calibration,information_extraction,512,512,96,171,0.59332,0.787109,0.025391,2
calibration-4911,calibration,classification,512,512,89,161,0.469548,0.785156,0.068359,2
calibration-4912,calibration,open_qa,512,512,102,172,0.51277,0.710938,0.068359,2
calibration-4913,calibration,information_extraction,512,512,154,244,0.43222,0.460938,0.011719,2
calibration-4914,calibration,information_extraction,512,512,150,292,0.220039,0.46875,0.044922,2
calibration-4915,calibration,general_qa,512,512,207,409,0.033399,0.421875,0.054688,2
calibration-4916,calibration,open_qa,512,512,87,137,0.695481,0.833984,0.097656,2
calibration-4917,calibration,general_qa,512,512,45,69,0.807466,0.849609,0.222656,2
calibration-4918,calibration,summarization,512,512,173,339,0.104126,0.476562,0.048828,2
calibration-4919,calibration,general_qa,512,512,142,302,0.273084,0.490234,0.035156,2
calibration-4920,calibration,information_extraction,512,512,72,117,0.67387,0.800781,0.111328,2
calibration-4921,calibration,summarization,512,512,171,324,0.21611,0.523438,0.097656,2
calibration-4922,calibration,information_extraction,512,512,175,335,0.151277,0.503906,0.011719,2
calibration-4923,calibration,brainstorming,512,512,188,345,0.121807,0.466797,0.089844,3
calibration-4924,calibration,brainstorming,512,512,140,278,0.267191,0.537109,0.080078,2
calibration-4925,calibration,open_qa,512,512,227,402,0.05501,0.455078,0.087891,2
calibration-4926,calibration,summarization,512,512,144,259,0.320236,0.416016,0.035156,2
calibration-4927,calibration,summarization,512,512,64,107,0.675835,0.820312,0.123047,2
calibration-4928,calibration,summarization,512,512,166,327,0.174853,0.541016,0.029297,2
calibration-4929,calibration,closed_qa,512,512,161,328,0.108055,0.587891,0.035156,3
calibration-4930,calibration,open_qa,512,512,132,284,0.194499,0.529297,0.058594,2
calibration-4931,calibration,open_qa,512,512,116,218,0.371316,0.730469,0.023438,2
calibration-4932,calibration,classification,512,512,96,166,0.546169,0.541016,0.087891,2
calibration-4933,calibration,classification,512,512,27,49,0.852652,0.986328,0.0,1
calibration-4934,calibration,closed_qa,512,512,128,224,0.324165,0.628906,0.154297,3
calibration-4935,calibration,open_qa,512,512,213,373,0.092338,0.441406,0.033203,2
calibration-4936,calibration,general_qa,512,512,155,311,0.176817,0.503906,0.033203,2
calibration-4937,calibration,closed_qa,512,512,247,421,0.060904,0.349609,0.019531,2
calibration-4938,calibration,brainstorming,512,512,87,131,0.70334,0.515625,0.109375,2
calibration-4939,calibration,general_qa,512,512,163,339,0.111984,0.548828,0.058594,2
calibration-4940,calibration,summarization,512,512,151,302,0.184676,0.488281,0.033203,2
calibration-4941,calibration,information_extraction,512,512,101,191,0.51277,0.740234,0.013672,2
calibration-4942,calibration,brainstorming,512,512,185,357,0.10609,0.464844,0.03125,2
calibration-4943,calibration,information_extraction,512,512,94,143,0.632613,0.695312,0.078125,2
calibration-4944,calibration,information_extraction,512,512,183,376,0.062868,0.474609,0.037109,2
calibration-4945,calibration,creative_writing,512,512,176,333,0.174853,0.480469,0.068359,2
calibration-4946,calibration,closed_qa,512,512,163,302,0.212181,0.503906,0.050781,2
calibration-4947,calibration,general_qa,512,512,168,322,0.159136,0.533203,0.064453,2
calibration-4948,calibration,open_qa,512,512,190,349,0.115914,0.464844,0.074219,2
calibration-4949,calibration,information_extraction,512,512,124,232,0.330059,0.519531,0.044922,2
calibration-4950,calibration,open_qa,512,512,180,342,0.172888,0.443359,0.074219,2
calibration-4951,calibration,open_qa,512,512,155,301,0.198428,0.513672,0.037109,2
calibration-4952,calibration,brainstorming,512,512,208,373,0.108055,0.427734,0.052734,2
calibration-4953,calibration,closed_qa,512,512,186,350,0.058939,0.5,0.0,3
calibration-4954,calibration,closed_qa,512,512,146,292,0.223969,0.523438,0.044922,2
calibration-4955,calibration,open_qa,512,512,202,392,0.043222,0.460938,0.042969,2
calibration-4956,calibration,summarization,512,512,132,248,0.333988,0.570312,0.019531,2
calibration-4957,calibration,creative_writing,512,512,186,382,0.047151,0.445312,0.013672,1
calibration-4958,calibration,information_extraction,512,512,98,149,0.640472,0.6875,0.167969,2
calibration-4959,calibration,brainstorming,512,512,175,310,0.202358,0.501953,0.058594,2
calibration-4960,calibration,brainstorming,512,512,163,320,0.157171,0.472656,0.035156,2
calibration-4961,calibration,closed_qa,512,512,179,307,0.282908,0.435547,0.058594,2
calibration-4962,calibration,summarization,512,512,189,392,0.05501,0.484375,0.019531,2
calibration-4963,calibration,open_qa,512,512,145,260,0.371316,0.511719,0.042969,2
calibration-4964,calibration,open_qa,512,512,36,69,0.748527,0.96875,0.070312,2
calibration-4965,calibration,brainstorming,512,512,211,391,0.068762,0.490234,0.099609,2
calibration-4966,calibration,information_extraction,512,512,176,316,0.188605,0.519531,0.052734,2
calibration-4967,calibration,brainstorming,512,512,123,243,0.265226,0.666016,0.029297,2
calibration-4968,calibration,open_qa,512,512,190,349,0.155206,0.416016,0.029297,2
calibration-4969,calibration,information_extraction,512,512,181,381,0.051081,0.511719,0.029297,2
calibration-4970,calibration,open_qa,512,512,54,77,0.834971,0.699219,0.091797,2
calibration-4971,calibration,classification,512,512,206,376,0.053045,0.476562,0.080078,2
calibration-4972,calibration,open_qa,512,512,159,292,0.225933,0.525391,0.046875,1
calibration-4973,calibration,brainstorming,512,512,76,100,0.734774,0.873047,0.130859,2
calibration-4974,calibration,general_qa,512,512,165,305,0.278978,0.445312,0.046875,2
calibration-4975,calibration,open_qa,512,512,168,334,0.1611,0.458984,0.078125,2
calibration-4976,calibration,open_qa,512,512,217,389,0.056974,0.435547,0.03125,2
calibration-4977,calibration,open_qa,512,512,192,365,0.070727,0.511719,0.03125,2
calibration-4978,calibration,open_qa,512,512,32,46,0.874263,0.970703,0.101562,2
calibration-4979,calibration,open_qa,512,512,106,197,0.469548,0.560547,0.056641,2
calibration-4980,calibration,open_qa,512,512,19,25,0.943026,1.0,0.050781,1
calibration-4981,calibration,brainstorming,512,512,226,412,0.060904,0.447266,0.070312,2
calibration-4982,calibration,closed_qa,512,512,210,390,0.043222,0.476562,0.044922,2
calibration-4983,calibration,open_qa,512,512,38,57,0.840864,0.777344,0.058594,2
calibration-4984,calibration,open_qa,512,512,187,329,0.243615,0.404297,0.023438,2
calibration-4985,calibration,closed_qa,512,512,148,303,0.18664,0.478516,0.080078,2
calibration-4986,calibration,general_qa,512,512,248,423,0.035363,0.410156,0.074219,2
calibration-4987,calibration,classification,512,512,151,268,0.318271,0.507812,0.0625,2
calibration-4988,calibration,closed_qa,512,512,214,388,0.041257,0.431641,0.046875,2
calibration-4989,calibration,open_qa,512,512,197,381,0.066798,0.486328,0.042969,2
calibration-4990,calibration,information_extraction,512,512,151,270,0.339882,0.628906,0.03125,2
calibration-4991,calibration,closed_qa,512,512,105,165,0.557957,0.660156,0.058594,2
calibration-4992,calibration,closed_qa,512,512,134,253,0.308448,0.507812,0.037109,2
calibration-4993,calibration,open_qa,512,512,157,319,0.163065,0.566406,0.035156,3
calibration-4994,calibration,open_qa,512,512,189,382,0.066798,0.439453,0.027344,1
calibration-4995,calibration,open_qa,512,512,197,376,0.10609,0.427734,0.042969,2
calibration-4996,calibration,open_qa,512,512,160,280,0.318271,0.613281,0.025391,2
calibration-4997,calibration,brainstorming,512,512,142,227,0.37721,0.525391,0.082031,3
calibration-4998,calibration,summarization,512,512,85,128,0.64833,0.599609,0.074219,2
calibration-4999,calibration,information_extraction,512,512,143,252,0.341847,0.548828,0.044922,2
confirmation-0000,confirmation,general_qa,512,512,199,339,0.123772,0.548828,0.082031,2
confirmation-0001,confirmation,general_qa,512,512,214,418,0.013752,0.441406,0.023438,2
confirmation-0002,confirmation,open_qa,512,512,192,379,0.074656,0.439453,0.044922,2
confirmation-0003,confirmation,classification,512,512,96,173,0.528487,0.666016,0.029297,2
confirmation-0004,confirmation,brainstorming,512,512,83,115,0.72888,0.714844,0.117188,2
confirmation-0005,confirmation,open_qa,512,512,161,284,0.239686,0.546875,0.060547,2
confirmation-0006,confirmation,information_extraction,512,512,81,146,0.603143,0.765625,0.113281,2
confirmation-0007,confirmation,closed_qa,512,512,99,162,0.601179,0.759766,0.212891,2
confirmation-0008,confirmation,open_qa,512,512,154,291,0.200393,0.527344,0.066406,2
confirmation-0009,confirmation,open_qa,512,512,184,355,0.090373,0.478516,0.019531,2
confirmation-0010,confirmation,brainstorming,512,512,197,379,0.08055,0.433594,0.078125,2
confirmation-0011,confirmation,general_qa,512,512,161,266,0.298625,0.589844,0.027344,2
confirmation-0012,confirmation,open_qa,512,512,88,179,0.497053,0.779297,0.017578,2
confirmation-0013,confirmation,summarization,512,512,200,363,0.088409,0.494141,0.021484,2
confirmation-0014,confirmation,classification,512,512,151,277,0.265226,0.486328,0.066406,2
confirmation-0015,confirmation,open_qa,512,512,155,317,0.149312,0.517578,0.015625,2
confirmation-0016,confirmation,brainstorming,512,512,153,261,0.312377,0.582031,0.095703,2
confirmation-0017,confirmation,classification,512,512,28,44,0.862475,0.982422,0.0,1
confirmation-0018,confirmation,open_qa,512,512,122,228,0.400786,0.527344,0.033203,2
confirmation-0019,confirmation,open_qa,512,512,202,413,0.02554,0.414062,0.041016,2
confirmation-0020,confirmation,brainstorming,512,512,198,369,0.117878,0.457031,0.076172,4
confirmation-0021,confirmation,summarization,512,512,73,118,0.664047,0.808594,0.029297,2
confirmation-0022,confirmation,general_qa,512,512,145,299,0.151277,0.587891,0.027344,2
confirmation-0023,confirmation,open_qa,512,512,150,326,0.119843,0.53125,0.054688,2
confirmation-0024,confirmation,open_qa,512,512,97,178,0.479371,0.757812,0.074219,2
confirmation-0025,confirmation,general_qa,512,512,211,396,0.049116,0.447266,0.046875,2
confirmation-0026,confirmation,information_extraction,512,512,63,96,0.75442,0.78125,0.181641,2
confirmation-0027,confirmation,classification,512,512,29,46,0.834971,0.982422,0.0,1
confirmation-0028,confirmation,general_qa,512,512,120,236,0.341847,0.617188,0.029297,1
confirmation-0029,confirmation,summarization,512,512,181,366,0.066798,0.455078,0.041016,2
confirmation-0030,confirmation,open_qa,512,512,210,401,0.056974,0.462891,0.0625,2
confirmation-0031,confirmation,classification,512,512,103,196,0.444008,0.681641,0.015625,2
confirmation-0032,confirmation,closed_qa,512,512,76,145,0.520629,0.669922,0.105469,2
confirmation-0033,confirmation,open_qa,512,512,174,346,0.076621,0.466797,0.03125,2
confirmation-0034,confirmation,general_qa,512,512,51,127,0.554028,0.703125,0.113281,2
confirmation-0035,confirmation,open_qa,512,512,113,217,0.328094,0.574219,0.087891,2
confirmation-0036,confirmation,open_qa,512,512,172,276,0.361493,0.611328,0.027344,2
confirmation-0037,confirmation,summarization,512,512,85,124,0.693517,0.548828,0.023438,2
confirmation-0038,confirmation,classification,512,512,136,241,0.383104,0.585938,0.066406,2
confirmation-0039,confirmation,brainstorming,512,512,227,415,0.033399,0.4375,0.050781,2
confirmation-0040,confirmation,brainstorming,512,512,116,181,0.59332,0.533203,0.121094,2
confirmation-0041,confirmation,brainstorming,512,512,189,344,0.157171,0.453125,0.097656,2
confirmation-0042,confirmation,open_qa,512,512,74,126,0.664047,0.566406,0.064453,1
confirmation-0043,confirmation,open_qa,512,512,167,327,0.119843,0.529297,0.03125,2
confirmation-0044,confirmation,general_qa,512,512,188,344,0.159136,0.453125,0.087891,2
confirmation-0045,confirmation,brainstorming,512,512,187,330,0.227898,0.472656,0.082031,2
confirmation-0046,confirmation,open_qa,512,512,120,238,0.294695,0.578125,0.025391,2
confirmation-0047,confirmation,information_extraction,512,512,123,213,0.408644,0.568359,0.019531,2
confirmation-0048,confirmation,general_qa,512,512,224,417,0.047151,0.433594,0.037109,2
confirmation-0049,confirmation,open_qa,512,512,129,214,0.422397,0.521484,0.027344,2
confirmation-0050,confirmation,brainstorming,512,512,187,313,0.278978,0.4375,0.066406,2
confirmation-0051,confirmation,closed_qa,512,512,114,204,0.383104,0.666016,0.074219,2
confirmation-0052,confirmation,general_qa,512,512,221,416,0.011788,0.455078,0.035156,2
confirmation-0053,confirmation,open_qa,512,512,168,356,0.078585,0.529297,0.0,1
confirmation-0054,confirmation,information_extraction,512,512,104,158,0.638507,0.814453,0.367188,2
confirmation-0055,confirmation,closed_qa,512,512,163,338,0.133595,0.511719,0.035156,2
confirmation-0056,confirmation,classification,512,512,167,317,0.237721,0.439453,0.042969,2
confirmation-0057,confirmation,general_qa,512,512,206,402,0.053045,0.416016,0.046875,2
confirmation-0058,confirmation,general_qa,512,512,209,382,0.084479,0.482422,0.039062,2
confirmation-0059,confirmation,open_qa,512,512,193,346,0.149312,0.486328,0.046875,2
confirmation-0060,confirmation,classification,512,512,113,227,0.363458,0.582031,0.027344,2
confirmation-0061,confirmation,creative_writing,512,512,171,327,0.157171,0.462891,0.064453,2
confirmation-0062,confirmation,summarization,512,512,124,215,0.445972,0.554688,0.064453,2
confirmation-0063,confirmation,brainstorming,512,512,232,436,0.02554,0.427734,0.019531,2
confirmation-0064,confirmation,brainstorming,512,512,137,238,0.438114,0.466797,0.046875,2
confirmation-0065,confirmation,summarization,512,512,143,281,0.237721,0.542969,0.013672,2
confirmation-0066,confirmation,closed_qa,512,512,148,271,0.337917,0.480469,0.035156,2
confirmation-0067,confirmation,brainstorming,512,512,175,290,0.255403,0.533203,0.052734,3
confirmation-0068,confirmation,information_extraction,512,512,170,299,0.259332,0.554688,0.105469,2
confirmation-0069,confirmation,open_qa,512,512,140,271,0.288802,0.519531,0.035156,2
confirmation-0070,confirmation,open_qa,512,512,53,85,0.736739,0.853516,0.123047,2
confirmation-0071,confirmation,closed_qa,512,512,161,286,0.273084,0.439453,0.095703,2
confirmation-0072,confirmation,closed_qa,512,512,71,107,0.738703,0.863281,0.09375,2
confirmation-0073,confirmation,information_extraction,512,512,99,166,0.581532,0.689453,0.0625,2
confirmation-0074,confirmation,open_qa,512,512,226,413,0.033399,0.455078,0.060547,2
confirmation-0075,confirmation,open_qa,512,512,96,157,0.563851,0.712891,0.083984,2
confirmation-0076,confirmation,classification,512,512,69,130,0.660118,0.630859,0.033203,2
confirmation-0077,confirmation,information_extraction,512,512,232,422,0.023576,0.445312,0.048828,2
confirmation-0078,confirmation,classification,512,512,118,240,0.257367,0.578125,0.074219,2
confirmation-0079,confirmation,summarization,512,512,160,303,0.198428,0.478516,0.025391,2
confirmation-0080,confirmation,closed_qa,512,512,172,324,0.151277,0.503906,0.070312,3
confirmation-0081,confirmation,classification,512,512,163,325,0.129666,0.570312,0.019531,2
confirmation-0082,confirmation,brainstorming,512,512,115,197,0.489194,0.578125,0.097656,2
confirmation-0083,confirmation,open_qa,512,512,122,218,0.387033,0.652344,0.048828,2
confirmation-0084,confirmation,brainstorming,512,512,92,180,0.424361,0.634766,0.085938,2
confirmation-0085,confirmation,closed_qa,512,512,213,378,0.088409,0.484375,0.042969,2
confirmation-0086,confirmation,closed_qa,512,512,108,212,0.373281,0.587891,0.048828,2
confirmation-0087,confirmation,open_qa,512,512,110,206,0.410609,0.65625,0.056641,2
confirmation-0088,confirmation,summarization,512,512,153,316,0.143418,0.496094,0.017578,2
confirmation-0089,confirmation,creative_writing,512,512,221,422,0.02554,0.429688,0.035156,2
confirmation-0090,confirmation,closed_qa,512,512,191,357,0.086444,0.451172,0.060547,2
confirmation-0091,confirmation,open_qa,512,512,158,267,0.330059,0.466797,0.097656,2
confirmation-0092,confirmation,open_qa,512,512,144,267,0.280943,0.5,0.054688,2
confirmation-0093,confirmation,open_qa,512,512,72,161,0.445972,0.716797,0.089844,3
confirmation-0094,confirmation,brainstorming,512,512,142,244,0.298625,0.609375,0.099609,2
confirmation-0095,confirmation,summarization,512,512,128,245,0.349705,0.490234,0.070312,2
confirmation-0096,confirmation,open_qa,512,512,189,344,0.137525,0.449219,0.060547,2
confirmation-0097,confirmation,information_extraction,512,512,151,281,0.227898,0.527344,0.037109,2
confirmation-0098,confirmation,general_qa,512,512,164,357,0.117878,0.472656,0.046875,2
confirmation-0099,confirmation,summarization,512,512,56,82,0.774067,0.591797,0.089844,2
confirmation-0100,confirmation,information_extraction,512,512,196,374,0.076621,0.509766,0.019531,2
confirmation-0101,confirmation,general_qa,512,512,212,375,0.104126,0.458984,0.058594,2
confirmation-0102,confirmation,brainstorming,512,512,45,63,0.850688,0.876953,0.267578,2
confirmation-0103,confirmation,closed_qa,512,512,70,151,0.506876,0.816406,0.09375,2
confirmation-0104,confirmation,brainstorming,512,512,177,324,0.208251,0.482422,0.09375,2
confirmation-0105,confirmation,open_qa,512,512,166,338,0.100196,0.509766,0.050781,3
confirmation-0106,confirmation,open_qa,512,512,42,64,0.795678,0.945312,0.119141,2
confirmation-0107,confirmation,general_qa,512,512,157,337,0.115914,0.511719,0.066406,2
confirmation-0108,confirmation,open_qa,512,512,205,366,0.143418,0.412109,0.046875,2
confirmation-0109,confirmation,general_qa,512,512,19,28,0.917485,1.0,0.091797,1
confirmation-0110,confirmation,summarization,512,512,136,283,0.176817,0.589844,0.025391,2
confirmation-0111,confirmation,closed_qa,512,512,131,222,0.424361,0.537109,0.058594,2
confirmation-0112,confirmation,classification,512,512,138,251,0.349705,0.585938,0.146484,2
confirmation-0113,confirmation,classification,512,512,112,180,0.504912,0.658203,0.140625,2
confirmation-0114,confirmation,general_qa,512,512,85,150,0.585462,0.814453,0.191406,2
confirmation-0115,confirmation,information_extraction,512,512,118,232,0.412574,0.578125,0.03125,2
confirmation-0116,confirmation,closed_qa,512,512,152,286,0.257367,0.574219,0.050781,2
confirmation-0117,confirmation,brainstorming,512,512,125,259,0.237721,0.572266,0.035156,2
confirmation-0118,confirmation,summarization,512,512,123,222,0.430255,0.490234,0.042969,2
confirmation-0119,confirmation,open_qa,512,512,69,116,0.67387,0.619141,0.085938,2
confirmation-0120,confirmation,open_qa,512,512,159,345,0.082515,0.5,0.025391,3
confirmation-0121,confirmation,general_qa,512,512,177,345,0.123772,0.482422,0.054688,2
confirmation-0122,confirmation,general_qa,512,512,199,378,0.094303,0.421875,0.041016,2
confirmation-0123,confirmation,general_qa,512,512,151,257,0.361493,0.595703,0.162109,2
confirmation-0124,confirmation,open_qa,512,512,166,323,0.151277,0.515625,0.027344,2
confirmation-0125,confirmation,general_qa,512,512,165,321,0.151277,0.521484,0.027344,2
confirmation-0126,confirmation,information_extraction,512,512,79,144,0.601179,0.791016,0.064453,2
confirmation-0127,confirmation,brainstorming,512,512,125,238,0.361493,0.490234,0.070312,2
confirmation-0128,confirmation,open_qa,512,512,40,67,0.721022,0.951172,0.089844,2
confirmation-0129,confirmation,classification,512,512,114,206,0.449902,0.523438,0.140625,2
confirmation-0130,confirmation,brainstorming,512,512,97,220,0.072692,0.753906,0.017578,2
confirmation-0131,confirmation,open_qa,512,512,180,356,0.062868,0.527344,0.035156,2
confirmation-0132,confirmation,creative_writing,512,512,129,214,0.502947,0.501953,0.009766,1
confirmation-0133,confirmation,closed_qa,512,512,143,296,0.235756,0.494141,0.060547,2
confirmation-0134,confirmation,brainstorming,512,512,196,400,0.045187,0.441406,0.037109,2
confirmation-0135,confirmation,open_qa,512,512,145,288,0.19057,0.580078,0.056641,2
confirmation-0136,confirmation,closed_qa,512,512,75,102,0.75442,0.861328,0.201172,2
confirmation-0137,confirmation,information_extraction,512,512,133,264,0.288802,0.529297,0.044922,2
confirmation-0138,confirmation,general_qa,512,512,18,68,0.675835,1.0,0.091797,2
confirmation-0139,confirmation,open_qa,512,512,207,384,0.060904,0.423828,0.044922,2
confirmation-0140,confirmation,open_qa,512,512,172,318,0.227898,0.484375,0.046875,2
confirmation-0141,confirmation,classification,512,512,204,395,0.049116,0.455078,0.052734,2
confirmation-0142,confirmation,classification,512,512,190,361,0.104126,0.429688,0.042969,5
confirmation-0143,confirmation,summarization,512,512,175,342,0.137525,0.496094,0.019531,3
confirmation-0144,confirmation,open_qa,512,512,180,313,0.267191,0.5,0.042969,2
confirmation-0145,confirmation,classification,512,512,65,117,0.701375,0.908203,0.023438,2
confirmation-0146,confirmation,open_qa,512,512,177,383,0.045187,0.46875,0.046875,2
confirmation-0147,confirmation,general_qa,512,512,92,167,0.434185,0.833984,0.125,2
confirmation-0148,confirmation,open_qa,512,512,166,324,0.129666,0.496094,0.042969,2
confirmation-0149,confirmation,brainstorming,512,512,236,432,0.011788,0.439453,0.03125,2
confirmation-0150,confirmation,closed_qa,512,512,115,210,0.379175,0.548828,0.113281,2
confirmation-0151,confirmation,open_qa,512,512,210,407,0.035363,0.494141,0.027344,2
confirmation-0152,confirmation,classification,512,512,188,336,0.239686,0.5,0.052734,2
confirmation-0153,confirmation,open_qa,512,512,149,350,0.070727,0.537109,0.029297,2
confirmation-0154,confirmation,general_qa,512,512,207,367,0.125737,0.439453,0.058594,2
confirmation-0155,confirmation,general_qa,512,512,178,364,0.051081,0.517578,0.023438,2
confirmation-0156,confirmation,summarization,512,512,93,163,0.554028,0.796875,0.070312,2
confirmation-0157,confirmation,open_qa,512,512,193,380,0.078585,0.412109,0.033203,2
confirmation-0158,confirmation,creative_writing,512,512,138,266,0.314342,0.580078,0.03125,2
confirmation-0159,confirmation,classification,512,512,208,358,0.117878,0.462891,0.023438,2
confirmation-0160,confirmation,open_qa,512,512,86,138,0.640472,0.839844,0.111328,2
confirmation-0161,confirmation,classification,512,512,123,223,0.424361,0.560547,0.044922,2
confirmation-0162,confirmation,general_qa,512,512,73,109,0.713163,0.841797,0.056641,2
confirmation-0163,confirmation,creative_writing,512,512,223,425,0.015717,0.439453,0.039062,2
confirmation-0164,confirmation,information_extraction,512,512,163,335,0.11002,0.564453,0.068359,2
confirmation-0165,confirmation,information_extraction,512,512,148,269,0.29666,0.544922,0.029297,2
confirmation-0166,confirmation,information_extraction,512,512,50,72,0.817289,0.669922,0.125,2
confirmation-0167,confirmation,classification,512,512,187,375,0.068762,0.449219,0.023438,2
confirmation-0168,confirmation,closed_qa,512,512,97,201,0.416503,0.615234,0.029297,2
confirmation-0169,confirmation,information_extraction,512,512,166,287,0.277014,0.482422,0.033203,2
confirmation-0170,confirmation,general_qa,512,512,202,349,0.192534,0.474609,0.048828,2
confirmation-0171,confirmation,classification,512,512,101,152,0.616896,0.691406,0.132812,3
confirmation-0172,confirmation,general_qa,512,512,202,399,0.066798,0.462891,0.066406,2
confirmation-0173,confirmation,general_qa,512,512,168,316,0.163065,0.476562,0.107422,2
confirmation-0174,confirmation,brainstorming,512,512,204,388,0.05501,0.375,0.021484,2
confirmation-0175,confirmation,general_qa,512,512,173,355,0.090373,0.535156,0.027344,2
confirmation-0176,confirmation,closed_qa,512,512,172,290,0.265226,0.474609,0.068359,2
confirmation-0177,confirmation,closed_qa,512,512,166,304,0.233792,0.458984,0.082031,3
confirmation-0178,confirmation,summarization,512,512,130,247,0.308448,0.509766,0.089844,2
confirmation-0179,confirmation,general_qa,512,512,164,306,0.184676,0.582031,0.058594,2
confirmation-0180,confirmation,general_qa,512,512,200,383,0.068762,0.458984,0.023438,2
confirmation-0181,confirmation,summarization,512,512,112,217,0.379175,0.660156,0.046875,2
confirmation-0182,confirmation,classification,512,512,83,161,0.524558,0.589844,0.0625,1
confirmation-0183,confirmation,brainstorming,512,512,155,314,0.174853,0.533203,0.054688,2
confirmation-0184,confirmation,open_qa,512,512,158,316,0.145383,0.498047,0.066406,2
confirmation-0185,confirmation,open_qa,512,512,158,312,0.212181,0.486328,0.058594,2
confirmation-0186,confirmation,classification,512,512,190,366,0.117878,0.482422,0.027344,2
confirmation-0187,confirmation,open_qa,512,512,106,185,0.514735,0.568359,0.064453,2
confirmation-0188,confirmation,classification,512,512,111,225,0.316306,0.621094,0.060547,2
confirmation-0189,confirmation,open_qa,512,512,55,116,0.56778,0.851562,0.054688,2
confirmation-0190,confirmation,open_qa,512,512,151,264,0.243615,0.541016,0.095703,1
confirmation-0191,confirmation,general_qa,512,512,149,295,0.227898,0.474609,0.023438,3
confirmation-0192,confirmation,open_qa,512,512,125,218,0.361493,0.736328,0.105469,2
confirmation-0193,confirmation,classification,512,512,170,341,0.10609,0.558594,0.035156,2
confirmation-0194,confirmation,open_qa,512,512,135,253,0.404715,0.699219,0.015625,2
confirmation-0195,confirmation,brainstorming,512,512,93,165,0.500982,0.630859,0.035156,2
confirmation-0196,confirmation,summarization,512,512,168,269,0.347741,0.511719,0.039062,3
confirmation-0197,confirmation,open_qa,512,512,122,203,0.506876,0.445312,0.058594,2
confirmation-0198,confirmation,information_extraction,512,512,147,332,0.051081,0.601562,0.042969,3
confirmation-0199,confirmation,closed_qa,512,512,113,180,0.605108,0.439453,0.011719,2
confirmation-0200,confirmation,general_qa,512,512,199,372,0.098232,0.435547,0.064453,2
confirmation-0201,confirmation,summarization,512,512,136,265,0.314342,0.556641,0.041016,2
confirmation-0202,confirmation,brainstorming,512,512,200,382,0.096267,0.447266,0.066406,2
confirmation-0203,confirmation,brainstorming,512,512,149,286,0.27112,0.503906,0.097656,2
confirmation-0204,confirmation,brainstorming,512,512,191,334,0.180747,0.515625,0.080078,2
confirmation-0205,confirmation,closed_qa,512,512,42,65,0.836935,0.816406,0.111328,2
confirmation-0206,confirmation,closed_qa,512,512,226,419,0.045187,0.419922,0.041016,2
confirmation-0207,confirmation,brainstorming,512,512,213,389,0.08055,0.441406,0.044922,2
confirmation-0208,confirmation,closed_qa,512,512,174,337,0.165029,0.449219,0.025391,3
confirmation-0209,confirmation,general_qa,512,512,154,281,0.278978,0.517578,0.044922,2
confirmation-0210,confirmation,brainstorming,512,512,174,302,0.267191,0.480469,0.037109,3
confirmation-0211,confirmation,summarization,512,512,80,144,0.611002,0.728516,0.082031,2
confirmation-0212,confirmation,creative_writing,512,512,187,360,0.076621,0.464844,0.041016,2
confirmation-0213,confirmation,open_qa,512,512,194,366,0.139489,0.472656,0.09375,2
confirmation-0214,confirmation,open_qa,512,512,124,180,0.599214,0.496094,0.103516,2
confirmation-0215,confirmation,information_extraction,512,512,149,272,0.320236,0.646484,0.058594,2
confirmation-0216,confirmation,general_qa,512,512,79,114,0.750491,0.849609,0.097656,2
confirmation-0217,confirmation,closed_qa,512,512,120,225,0.434185,0.636719,0.109375,2
confirmation-0218,confirmation,brainstorming,512,512,85,202,0.302554,0.714844,0.082031,2
confirmation-0219,confirmation,closed_qa,512,512,167,284,0.302554,0.470703,0.039062,2
confirmation-0220,confirmation,brainstorming,512,512,216,396,0.062868,0.433594,0.058594,2
confirmation-0221,confirmation,information_extraction,512,512,42,76,0.795678,0.939453,0.207031,2
confirmation-0222,confirmation,open_qa,512,512,94,150,0.656189,0.78125,0.203125,2
confirmation-0223,confirmation,classification,512,512,123,228,0.318271,0.544922,0.052734,2
confirmation-0224,confirmation,brainstorming,512,512,196,342,0.147348,0.423828,0.058594,2
confirmation-0225,confirmation,creative_writing,512,512,167,351,0.090373,0.496094,0.039062,2
confirmation-0226,confirmation,closed_qa,512,512,109,195,0.388998,0.71875,0.017578,3
confirmation-0227,confirmation,information_extraction,512,512,189,358,0.133595,0.4375,0.029297,2
confirmation-0228,confirmation,brainstorming,512,512,174,329,0.18664,0.462891,0.066406,2
confirmation-0229,confirmation,classification,512,512,19,37,0.915521,1.0,0.027344,2
confirmation-0230,confirmation,closed_qa,512,512,176,307,0.300589,0.427734,0.011719,3
confirmation-0231,confirmation,open_qa,512,512,133,248,0.202358,0.552734,0.130859,2
confirmation-0232,confirmation,classification,512,512,194,380,0.062868,0.431641,0.058594,2
confirmation-0233,confirmation,open_qa,512,512,64,105,0.721022,0.654297,0.044922,1
confirmation-0234,confirmation,closed_qa,512,512,119,308,0.111984,0.611328,0.044922,3
confirmation-0235,confirmation,closed_qa,512,512,212,385,0.047151,0.476562,0.021484,2
confirmation-0236,confirmation,summarization,512,512,165,298,0.324165,0.486328,0.033203,2
confirmation-0237,confirmation,information_extraction,512,512,143,296,0.267191,0.541016,0.044922,2
confirmation-0238,confirmation,closed_qa,512,512,199,366,0.111984,0.480469,0.035156,2
confirmation-0239,confirmation,general_qa,512,512,205,399,0.039293,0.458984,0.076172,2
confirmation-0240,confirmation,open_qa,512,512,185,361,0.115914,0.460938,0.046875,2
confirmation-0241,confirmation,open_qa,512,512,175,317,0.196464,0.425781,0.042969,2
confirmation-0242,confirmation,classification,512,512,141,247,0.388998,0.539062,0.044922,2
confirmation-0243,confirmation,brainstorming,512,512,139,284,0.223969,0.554688,0.046875,2
confirmation-0244,confirmation,information_extraction,512,512,163,304,0.251473,0.529297,0.046875,2
confirmation-0245,confirmation,information_extraction,512,512,54,104,0.644401,0.783203,0.105469,2
confirmation-0246,confirmation,general_qa,512,512,232,401,0.05501,0.466797,0.044922,2
confirmation-0247,confirmation,summarization,512,512,134,263,0.229862,0.578125,0.037109,2
confirmation-0248,confirmation,closed_qa,512,512,207,379,0.076621,0.439453,0.039062,2
confirmation-0249,confirmation,closed_qa,512,512,240,415,0.02554,0.423828,0.070312,2
confirmation-0250,confirmation,creative_writing,512,512,56,99,0.726916,0.851562,0.210938,2
confirmation-0251,confirmation,brainstorming,512,512,203,395,0.049116,0.447266,0.056641,2
confirmation-0252,confirmation,open_qa,512,512,173,303,0.218075,0.529297,0.060547,2
confirmation-0253,confirmation,general_qa,512,512,199,321,0.231827,0.404297,0.074219,2
confirmation-0254,confirmation,general_qa,512,512,92,171,0.510806,0.662109,0.042969,2
confirmation-0255,confirmation,brainstorming,512,512,189,354,0.094303,0.488281,0.03125,2
confirmation-0256,confirmation,closed_qa,512,512,63,108,0.715128,0.720703,0.015625,2
confirmation-0257,confirmation,classification,512,512,188,375,0.068762,0.478516,0.046875,2
confirmation-0258,confirmation,summarization,512,512,170,304,0.21611,0.46875,0.095703,2
confirmation-0259,confirmation,brainstorming,512,512,96,198,0.345776,0.769531,0.005859,2
confirmation-0260,confirmation,open_qa,512,512,212,380,0.100196,0.433594,0.0625,2
confirmation-0261,confirmation,closed_qa,512,512,129,266,0.278978,0.511719,0.039062,2
confirmation-0262,confirmation,closed_qa,512,512,115,223,0.37721,0.564453,0.054688,2
confirmation-0263,confirmation,brainstorming,512,512,165,309,0.227898,0.498047,0.050781,3
confirmation-0264,confirmation,summarization,512,512,79,154,0.573674,0.644531,0.027344,2
confirmation-0265,confirmation,closed_qa,512,512,204,358,0.139489,0.449219,0.039062,2
confirmation-0266,confirmation,general_qa,512,512,179,334,0.180747,0.457031,0.105469,2
confirmation-0267,confirmation,classification,512,512,234,413,0.05501,0.425781,0.050781,2
confirmation-0268,confirmation,brainstorming,512,512,231,406,0.051081,0.433594,0.03125,2
confirmation-0269,confirmation,open_qa,512,512,153,300,0.166994,0.560547,0.058594,2
confirmation-0270,confirmation,information_extraction,512,512,159,294,0.235756,0.541016,0.064453,2
confirmation-0271,confirmation,information_extraction,512,512,65,88,0.811395,0.912109,0.015625,2
confirmation-0272,confirmation,information_extraction,512,512,112,163,0.557957,0.703125,0.144531,2
confirmation-0273,confirmation,closed_qa,512,512,129,257,0.223969,0.611328,0.0625,2
confirmation-0274,confirmation,closed_qa,512,512,189,325,0.147348,0.449219,0.095703,2
confirmation-0275,confirmation,summarization,512,512,119,197,0.424361,0.679688,0.035156,2
confirmation-0276,confirmation,creative_writing,512,512,205,376,0.082515,0.451172,0.074219,2
confirmation-0277,confirmation,open_qa,512,512,97,182,0.491159,0.638672,0.054688,2
confirmation-0278,confirmation,general_qa,512,512,132,233,0.43222,0.628906,0.160156,2
confirmation-0279,confirmation,information_extraction,512,512,177,348,0.11002,0.441406,0.039062,2
confirmation-0280,confirmation,brainstorming,512,512,228,422,0.023576,0.449219,0.056641,2
confirmation-0281,confirmation,open_qa,512,512,9,12,0.968566,1.0,0.203125,1
confirmation-0282,confirmation,summarization,512,512,205,372,0.108055,0.455078,0.03125,3
confirmation-0283,confirmation,open_qa,512,512,177,331,0.159136,0.5,0.046875,2
confirmation-0284,confirmation,open_qa,512,512,13,42,0.715128,1.0,0.037109,2
confirmation-0285,confirmation,general_qa,512,512,51,84,0.752456,0.921875,0.058594,2
confirmation-0286,confirmation,information_extraction,512,512,58,91,0.785855,0.919922,0.150391,2
confirmation-0287,confirmation,closed_qa,512,512,165,305,0.166994,0.533203,0.013672,3
confirmation-0288,confirmation,open_qa,512,512,161,294,0.288802,0.466797,0.082031,2
confirmation-0289,confirmation,classification,512,512,117,213,0.379175,0.662109,0.019531,2
confirmation-0290,confirmation,closed_qa,512,512,133,233,0.381139,0.521484,0.035156,2
confirmation-0291,confirmation,general_qa,512,512,197,384,0.033399,0.494141,0.050781,2
confirmation-0292,confirmation,brainstorming,512,512,200,393,0.051081,0.449219,0.035156,2
confirmation-0293,confirmation,classification,512,512,70,143,0.54224,0.720703,0.048828,2
confirmation-0294,confirmation,general_qa,512,512,136,288,0.174853,0.505859,0.03125,2
confirmation-0295,confirmation,classification,512,512,43,67,0.803536,0.888672,0.148438,2
confirmation-0296,confirmation,general_qa,512,512,182,322,0.149312,0.482422,0.044922,2
confirmation-0297,confirmation,general_qa,512,512,157,300,0.21611,0.544922,0.009766,3
confirmation-0298,confirmation,closed_qa,512,512,65,117,0.662083,0.710938,0.072266,2
confirmation-0299,confirmation,classification,512,512,185,372,0.102161,0.451172,0.044922,2
confirmation-0300,confirmation,general_qa,512,512,145,297,0.218075,0.455078,0.019531,2
confirmation-0301,confirmation,general_qa,512,512,171,317,0.163065,0.533203,0.054688,2
confirmation-0302,confirmation,brainstorming,512,512,111,199,0.404715,0.646484,0.138672,2
confirmation-0303,confirmation,general_qa,512,512,218,405,0.043222,0.449219,0.039062,2
confirmation-0304,confirmation,open_qa,512,512,238,420,0.041257,0.408203,0.03125,2
confirmation-0305,confirmation,brainstorming,512,512,125,207,0.499018,0.681641,0.03125,2
confirmation-0306,confirmation,closed_qa,512,512,75,148,0.48723,0.726562,0.041016,2
confirmation-0307,confirmation,closed_qa,512,512,199,345,0.159136,0.414062,0.033203,2
confirmation-0308,confirmation,open_qa,512,512,173,301,0.231827,0.511719,0.050781,2
confirmation-0309,confirmation,information_extraction,512,512,178,326,0.202358,0.451172,0.050781,3
confirmation-0310,confirmation,summarization,512,512,151,252,0.422397,0.429688,0.050781,2
confirmation-0311,confirmation,brainstorming,512,512,137,245,0.35167,0.509766,0.101562,2
confirmation-0312,confirmation,classification,512,512,102,187,0.369352,0.720703,0.080078,2
confirmation-0313,confirmation,creative_writing,512,512,185,375,0.133595,0.435547,0.037109,2
confirmation-0314,confirmation,brainstorming,512,512,205,403,0.039293,0.417969,0.035156,2
confirmation-0315,confirmation,open_qa,512,512,181,340,0.200393,0.474609,0.044922,2
confirmation-0316,confirmation,open_qa,512,512,198,395,0.043222,0.488281,0.03125,2
confirmation-0317,confirmation,classification,512,512,78,106,0.764244,0.533203,0.048828,2
confirmation-0318,confirmation,brainstorming,512,512,188,355,0.149312,0.482422,0.042969,2
confirmation-0319,confirmation,open_qa,512,512,144,272,0.304519,0.591797,0.0625,2
confirmation-0320,confirmation,closed_qa,512,512,66,121,0.559921,0.695312,0.097656,2
confirmation-0321,confirmation,general_qa,512,512,212,406,0.027505,0.435547,0.035156,2
confirmation-0322,confirmation,open_qa,512,512,204,363,0.139489,0.443359,0.056641,2
confirmation-0323,confirmation,open_qa,512,512,144,264,0.280943,0.476562,0.029297,2
confirmation-0324,confirmation,open_qa,512,512,103,176,0.581532,0.761719,0.125,2
confirmation-0325,confirmation,open_qa,512,512,129,273,0.243615,0.566406,0.035156,2
confirmation-0326,confirmation,information_extraction,512,512,159,322,0.113949,0.503906,0.03125,2
confirmation-0327,confirmation,summarization,512,512,123,201,0.506876,0.576172,0.052734,2
confirmation-0328,confirmation,closed_qa,512,512,131,298,0.123772,0.599609,0.027344,2
confirmation-0329,confirmation,open_qa,512,512,137,259,0.332024,0.519531,0.087891,2
confirmation-0330,confirmation,general_qa,512,512,197,340,0.168959,0.439453,0.015625,3
confirmation-0331,confirmation,classification,512,512,95,174,0.510806,0.720703,0.097656,2
confirmation-0332,confirmation,brainstorming,512,512,85,181,0.451866,0.630859,0.044922,2
confirmation-0333,confirmation,information_extraction,512,512,114,262,0.182711,0.607422,0.042969,2
confirmation-0334,confirmation,open_qa,512,512,147,281,0.278978,0.617188,0.033203,2
confirmation-0335,confirmation,open_qa,512,512,86,151,0.554028,0.666016,0.111328,2
confirmation-0336,confirmation,general_qa,512,512,111,211,0.363458,0.673828,0.058594,2
confirmation-0337,confirmation,information_extraction,512,512,135,284,0.220039,0.541016,0.011719,3
confirmation-0338,confirmation,open_qa,512,512,204,402,0.02947,0.435547,0.041016,2
confirmation-0339,confirmation,classification,512,512,203,365,0.084479,0.460938,0.025391,2
confirmation-0340,confirmation,open_qa,512,512,100,177,0.522593,0.722656,0.224609,2
confirmation-0341,confirmation,open_qa,512,512,143,318,0.137525,0.542969,0.007812,2
confirmation-0342,confirmation,information_extraction,512,512,121,202,0.526523,0.568359,0.037109,2
confirmation-0343,confirmation,closed_qa,512,512,167,300,0.273084,0.458984,0.048828,2
confirmation-0344,confirmation,closed_qa,512,512,148,289,0.204322,0.498047,0.023438,2
confirmation-0345,confirmation,open_qa,512,512,183,388,0.041257,0.478516,0.035156,2
confirmation-0346,confirmation,summarization,512,512,136,312,0.115914,0.630859,0.039062,3
confirmation-0347,confirmation,general_qa,512,512,98,214,0.343811,0.601562,0.054688,1
confirmation-0348,confirmation,closed_qa,512,512,40,60,0.834971,0.890625,0.097656,2
confirmation-0349,confirmation,open_qa,512,512,103,172,0.579568,0.714844,0.203125,2
confirmation-0350,confirmation,summarization,512,512,186,336,0.147348,0.4375,0.041016,3
confirmation-0351,confirmation,general_qa,512,512,179,357,0.08055,0.486328,0.03125,3
confirmation-0352,confirmation,information_extraction,512,512,55,140,0.62279,0.923828,0.019531,2
confirmation-0353,confirmation,summarization,512,512,133,267,0.253438,0.601562,0.042969,2
confirmation-0354,confirmation,classification,512,512,185,377,0.072692,0.482422,0.058594,2
confirmation-0355,confirmation,classification,512,512,121,167,0.607073,0.740234,0.019531,2
confirmation-0356,confirmation,information_extraction,512,512,165,335,0.115914,0.519531,0.041016,2
confirmation-0357,confirmation,creative_writing,512,512,212,400,0.033399,0.478516,0.027344,2
confirmation-0358,confirmation,closed_qa,512,512,178,329,0.163065,0.517578,0.023438,3
confirmation-0359,confirmation,summarization,512,512,147,321,0.129666,0.572266,0.023438,2
confirmation-0360,confirmation,brainstorming,512,512,65,141,0.520629,0.693359,0.035156,4
confirmation-0361,confirmation,open_qa,512,512,72,138,0.563851,0.726562,0.078125,2
confirmation-0362,confirmation,information_extraction,512,512,171,313,0.194499,0.529297,0.060547,2
confirmation-0363,confirmation,closed_qa,512,512,88,184,0.479371,0.667969,0.082031,2
confirmation-0364,confirmation,general_qa,512,512,57,105,0.632613,0.798828,0.101562,2
confirmation-0365,confirmation,classification,512,512,157,310,0.153242,0.548828,0.050781,2
confirmation-0366,confirmation,closed_qa,512,512,183,341,0.153242,0.414062,0.041016,2
confirmation-0367,confirmation,creative_writing,512,512,202,390,0.078585,0.445312,0.035156,2
confirmation-0368,confirmation,open_qa,512,512,113,200,0.518664,0.523438,0.126953,2
confirmation-0369,confirmation,open_qa,512,512,139,251,0.341847,0.511719,0.09375,2
confirmation-0370,confirmation,information_extraction,512,512,105,196,0.414538,0.582031,0.037109,2
confirmation-0371,confirmation,classification,512,512,29,45,0.882122,0.982422,0.199219,2
confirmation-0372,confirmation,brainstorming,512,512,188,352,0.102161,0.525391,0.044922,2
confirmation-0373,confirmation,open_qa,512,512,220,396,0.053045,0.447266,0.046875,2
confirmation-0374,confirmation,general_qa,512,512,135,280,0.206287,0.580078,0.011719,1
confirmation-0375,confirmation,brainstorming,512,512,188,368,0.131631,0.449219,0.033203,2
confirmation-0376,confirmation,closed_qa,512,512,155,273,0.310413,0.423828,0.037109,2
confirmation-0377,confirmation,general_qa,512,512,148,326,0.147348,0.439453,0.027344,2
confirmation-0378,confirmation,brainstorming,512,512,197,404,0.031434,0.470703,0.066406,2
confirmation-0379,confirmation,classification,512,512,194,319,0.253438,0.458984,0.070312,2
confirmation-0380,confirmation,classification,512,512,166,333,0.151277,0.503906,0.068359,2
confirmation-0381,confirmation,open_qa,512,512,192,390,0.027505,0.474609,0.023438,2
confirmation-0382,confirmation,open_qa,512,512,178,347,0.074656,0.503906,0.0625,2
confirmation-0383,confirmation,summarization,512,512,208,367,0.092338,0.433594,0.058594,2
confirmation-0384,confirmation,brainstorming,512,512,196,372,0.086444,0.441406,0.027344,2
confirmation-0385,confirmation,general_qa,512,512,132,271,0.263261,0.515625,0.044922,2
confirmation-0386,confirmation,open_qa,512,512,192,370,0.08055,0.478516,0.042969,2
confirmation-0387,confirmation,information_extraction,512,512,209,381,0.094303,0.474609,0.046875,2
confirmation-0388,confirmation,information_extraction,512,512,147,254,0.278978,0.576172,0.109375,2
confirmation-0389,confirmation,brainstorming,512,512,210,398,0.064833,0.449219,0.052734,2
confirmation-0390,confirmation,brainstorming,512,512,116,206,0.477407,0.65625,0.080078,2
confirmation-0391,confirmation,brainstorming,512,512,173,301,0.277014,0.472656,0.041016,2
confirmation-0392,confirmation,general_qa,512,512,88,139,0.569745,0.693359,0.107422,2
confirmation-0393,confirmation,classification,512,512,25,40,0.915521,0.990234,0.201172,1
confirmation-0394,confirmation,general_qa,512,512,216,395,0.056974,0.460938,0.044922,3
confirmation-0395,confirmation,information_extraction,512,512,82,122,0.679764,0.572266,0.070312,2
confirmation-0396,confirmation,classification,512,512,165,267,0.359528,0.515625,0.050781,2
confirmation-0397,confirmation,general_qa,512,512,219,405,0.031434,0.453125,0.056641,2
confirmation-0398,confirmation,open_qa,512,512,198,384,0.047151,0.484375,0.029297,2
confirmation-0399,confirmation,general_qa,512,512,84,138,0.664047,0.619141,0.048828,2
confirmation-0400,confirmation,creative_writing,512,512,188,371,0.084479,0.453125,0.033203,2
confirmation-0401,confirmation,information_extraction,512,512,184,348,0.127701,0.53125,0.03125,2
confirmation-0402,confirmation,general_qa,512,512,250,437,0.009823,0.371094,0.076172,2
confirmation-0403,confirmation,open_qa,512,512,101,192,0.48723,0.498047,0.029297,2
confirmation-0404,confirmation,closed_qa,512,512,111,211,0.40275,0.601562,0.074219,2
confirmation-0405,confirmation,open_qa,512,512,49,76,0.762279,0.767578,0.107422,2
confirmation-0406,confirmation,classification,512,512,215,406,0.041257,0.425781,0.054688,2
confirmation-0407,confirmation,general_qa,512,512,132,237,0.385069,0.5,0.013672,1
confirmation-0408,confirmation,open_qa,512,512,183,349,0.143418,0.449219,0.029297,2
confirmation-0409,confirmation,creative_writing,512,512,178,312,0.249509,0.5,0.099609,2
confirmation-0410,confirmation,brainstorming,512,512,141,270,0.284872,0.539062,0.044922,2
confirmation-0411,confirmation,open_qa,512,512,163,290,0.300589,0.503906,0.054688,2
confirmation-0412,confirmation,classification,512,512,198,363,0.147348,0.416016,0.03125,2
confirmation-0413,confirmation,information_extraction,512,512,134,257,0.373281,0.447266,0.03125,2
confirmation-0414,confirmation,open_qa,512,512,183,349,0.153242,0.458984,0.068359,3
confirmation-0415,confirmation,classification,512,512,156,312,0.166994,0.498047,0.03125,2
confirmation-0416,confirmation,summarization,512,512,172,324,0.145383,0.515625,0.027344,2
confirmation-0417,confirmation,classification,512,512,88,124,0.709234,0.779297,0.109375,2
confirmation-0418,confirmation,classification,512,512,154,324,0.143418,0.566406,0.027344,2
confirmation-0419,confirmation,creative_writing,512,512,164,343,0.094303,0.521484,0.023438,2
confirmation-0420,confirmation,summarization,512,512,158,288,0.24558,0.548828,0.066406,2
confirmation-0421,confirmation,classification,512,512,172,363,0.070727,0.517578,0.042969,2
confirmation-0422,confirmation,brainstorming,512,512,137,244,0.320236,0.566406,0.019531,1
confirmation-0423,confirmation,summarization,512,512,219,387,0.078585,0.412109,0.03125,3
confirmation-0424,confirmation,open_qa,512,512,163,317,0.172888,0.445312,0.072266,2
confirmation-0425,confirmation,closed_qa,512,512,54,79,0.823183,0.773438,0.117188,2
confirmation-0426,confirmation,open_qa,512,512,124,227,0.347741,0.550781,0.019531,2
confirmation-0427,confirmation,open_qa,512,512,166,336,0.143418,0.484375,0.03125,2
confirmation-0428,confirmation,brainstorming,512,512,191,364,0.074656,0.443359,0.074219,2
confirmation-0429,confirmation,brainstorming,512,512,83,116,0.742633,0.625,0.097656,2
confirmation-0430,confirmation,information_extraction,512,512,180,343,0.113949,0.458984,0.042969,2
confirmation-0431,confirmation,classification,512,512,63,151,0.306483,0.896484,0.011719,2
confirmation-0432,confirmation,open_qa,512,512,221,411,0.035363,0.439453,0.070312,2
confirmation-0433,confirmation,brainstorming,512,512,213,402,0.037328,0.447266,0.058594,2
confirmation-0434,confirmation,closed_qa,512,512,162,300,0.206287,0.496094,0.044922,2
confirmation-0435,confirmation,summarization,512,512,105,185,0.491159,0.734375,0.195312,2
confirmation-0436,confirmation,information_extraction,512,512,161,303,0.225933,0.486328,0.056641,2
confirmation-0437,confirmation,information_extraction,512,512,81,142,0.565815,0.671875,0.050781,2
confirmation-0438,confirmation,open_qa,512,512,152,268,0.408644,0.660156,0.03125,2
confirmation-0439,confirmation,open_qa,512,512,152,307,0.182711,0.513672,0.03125,3
confirmation-0440,confirmation,open_qa,512,512,102,181,0.436149,0.740234,0.070312,2
confirmation-0441,confirmation,open_qa,512,512,185,335,0.151277,0.447266,0.035156,2
confirmation-0442,confirmation,summarization,512,512,131,242,0.341847,0.574219,0.056641,2
confirmation-0443,confirmation,general_qa,512,512,131,258,0.267191,0.513672,0.0625,2
confirmation-0444,confirmation,general_qa,512,512,120,219,0.367387,0.576172,0.083984,2
confirmation-0445,confirmation,brainstorming,512,512,73,174,0.371316,0.878906,0.015625,2
confirmation-0446,confirmation,general_qa,512,512,131,242,0.304519,0.603516,0.015625,2
confirmation-0447,confirmation,open_qa,512,512,79,137,0.628684,0.783203,0.123047,2
confirmation-0448,confirmation,open_qa,512,512,143,261,0.27112,0.541016,0.080078,2
confirmation-0449,confirmation,classification,512,512,117,200,0.520629,0.728516,0.011719,2
confirmation-0450,confirmation,classification,512,512,209,383,0.072692,0.4375,0.0625,2
confirmation-0451,confirmation,general_qa,512,512,218,394,0.066798,0.449219,0.044922,2
confirmation-0452,confirmation,brainstorming,512,512,216,389,0.11002,0.435547,0.060547,2
confirmation-0453,confirmation,open_qa,512,512,125,219,0.357564,0.621094,0.134766,2
confirmation-0454,confirmation,brainstorming,512,512,96,156,0.614931,0.712891,0.144531,3
confirmation-0455,confirmation,classification,512,512,187,365,0.137525,0.457031,0.072266,2
confirmation-0456,confirmation,classification,512,512,151,297,0.220039,0.519531,0.083984,2
confirmation-0457,confirmation,brainstorming,512,512,211,407,0.045187,0.423828,0.056641,2
confirmation-0458,confirmation,open_qa,512,512,83,133,0.632613,0.652344,0.085938,2
confirmation-0459,confirmation,open_qa,512,512,199,403,0.043222,0.449219,0.037109,2
confirmation-0460,confirmation,classification,512,512,62,99,0.721022,0.769531,0.060547,2
confirmation-0461,confirmation,open_qa,512,512,90,141,0.585462,0.810547,0.097656,2
confirmation-0462,confirmation,summarization,512,512,162,263,0.394892,0.410156,0.03125,3
confirmation-0463,confirmation,information_extraction,512,512,146,279,0.275049,0.558594,0.005859,3
confirmation-0464,confirmation,closed_qa,512,512,229,394,0.070727,0.4375,0.017578,2
confirmation-0465,confirmation,general_qa,512,512,187,399,0.049116,0.408203,0.042969,3
confirmation-0466,confirmation,information_extraction,512,512,162,297,0.239686,0.521484,0.039062,2
confirmation-0467,confirmation,general_qa,512,512,242,436,0.023576,0.410156,0.035156,2
confirmation-0468,confirmation,classification,512,512,162,306,0.184676,0.478516,0.021484,2
confirmation-0469,confirmation,open_qa,512,512,212,386,0.05501,0.441406,0.035156,2
confirmation-0470,confirmation,closed_qa,512,512,142,267,0.263261,0.597656,0.0625,2
confirmation-0471,confirmation,classification,512,512,191,348,0.131631,0.478516,0.058594,2
confirmation-0472,confirmation,classification,512,512,171,343,0.096267,0.521484,0.027344,2
confirmation-0473,confirmation,closed_qa,512,512,157,276,0.288802,0.470703,0.060547,2
confirmation-0474,confirmation,general_qa,512,512,94,179,0.489194,0.664062,0.042969,2
confirmation-0475,confirmation,open_qa,512,512,48,61,0.852652,0.648438,0.023438,1
confirmation-0476,confirmation,general_qa,512,512,191,369,0.090373,0.482422,0.011719,2
confirmation-0477,confirmation,open_qa,512,512,223,443,0.003929,0.414062,0.033203,2
confirmation-0478,confirmation,open_qa,512,512,158,241,0.447937,0.429688,0.0625,2
confirmation-0479,confirmation,information_extraction,512,512,115,220,0.363458,0.585938,0.068359,2
confirmation-0480,confirmation,open_qa,512,512,193,373,0.104126,0.462891,0.074219,2
confirmation-0481,confirmation,creative_writing,512,512,104,170,0.56778,0.509766,0.025391,1
confirmation-0482,confirmation,open_qa,512,512,167,329,0.149312,0.484375,0.087891,2
confirmation-0483,confirmation,open_qa,512,512,168,306,0.24165,0.447266,0.033203,2
confirmation-0484,confirmation,general_qa,512,512,149,277,0.294695,0.466797,0.060547,2
confirmation-0485,confirmation,classification,512,512,114,224,0.310413,0.59375,0.085938,2
confirmation-0486,confirmation,open_qa,512,512,157,262,0.379175,0.460938,0.070312,2
confirmation-0487,confirmation,general_qa,512,512,153,298,0.202358,0.480469,0.042969,2
confirmation-0488,confirmation,open_qa,512,512,194,369,0.098232,0.455078,0.015625,2
confirmation-0489,confirmation,classification,512,512,112,258,0.196464,0.671875,0.058594,2
confirmation-0490,confirmation,information_extraction,512,512,88,143,0.640472,0.808594,0.046875,2
confirmation-0491,confirmation,open_qa,512,512,199,384,0.066798,0.515625,0.03125,2
confirmation-0492,confirmation,information_extraction,512,512,88,169,0.477407,0.744141,0.060547,2
confirmation-0493,confirmation,classification,512,512,38,55,0.811395,0.964844,0.0,1
confirmation-0494,confirmation,information_extraction,512,512,128,256,0.282908,0.628906,0.068359,2
confirmation-0495,confirmation,open_qa,512,512,122,239,0.318271,0.544922,0.039062,2
confirmation-0496,confirmation,general_qa,512,512,115,207,0.451866,0.673828,0.121094,2
confirmation-0497,confirmation,information_extraction,512,512,127,228,0.416503,0.554688,0.005859,2
confirmation-0498,confirmation,closed_qa,512,512,78,147,0.599214,0.654297,0.007812,2
confirmation-0499,confirmation,closed_qa,512,512,118,174,0.59725,0.464844,0.007812,2
confirmation-0500,confirmation,open_qa,512,512,195,383,0.078585,0.416016,0.041016,2
confirmation-0501,confirmation,classification,512,512,48,82,0.762279,0.888672,0.074219,2
confirmation-0502,confirmation,creative_writing,512,512,190,368,0.094303,0.488281,0.035156,2
confirmation-0503,confirmation,summarization,512,512,168,344,0.096267,0.482422,0.035156,2
confirmation-0504,confirmation,brainstorming,512,512,170,319,0.170923,0.492188,0.027344,2
confirmation-0505,confirmation,brainstorming,512,512,101,213,0.353635,0.599609,0.042969,2
confirmation-0506,confirmation,general_qa,512,512,216,401,0.043222,0.429688,0.037109,2
confirmation-0507,confirmation,closed_qa,512,512,130,232,0.381139,0.529297,0.03125,2
confirmation-0508,confirmation,open_qa,512,512,169,300,0.306483,0.453125,0.035156,2
confirmation-0509,confirmation,information_extraction,512,512,106,167,0.611002,0.494141,0.027344,3
confirmation-0510,confirmation,open_qa,512,512,197,382,0.035363,0.464844,0.015625,2
confirmation-0511,confirmation,closed_qa,512,512,188,361,0.088409,0.505859,0.039062,2
confirmation-0512,confirmation,brainstorming,512,512,108,200,0.465619,0.597656,0.085938,2
confirmation-0513,confirmation,classification,512,512,93,185,0.430255,0.732422,0.0625,2
confirmation-0514,confirmation,classification,512,512,105,162,0.577603,0.605469,0.087891,2
confirmation-0515,confirmation,general_qa,512,512,151,254,0.388998,0.46875,0.052734,2
confirmation-0516,confirmation,information_extraction,512,512,180,366,0.074656,0.496094,0.025391,2
confirmation-0517,confirmation,closed_qa,512,512,197,379,0.070727,0.478516,0.037109,2
confirmation-0518,confirmation,open_qa,512,512,176,304,0.290766,0.462891,0.042969,2
confirmation-0519,confirmation,closed_qa,512,512,207,396,0.027505,0.482422,0.017578,2
confirmation-0520,confirmation,closed_qa,512,512,108,205,0.400786,0.611328,0.035156,2
confirmation-0521,confirmation,classification,512,512,104,203,0.390963,0.6875,0.091797,2
confirmation-0522,confirmation,classification,512,512,131,244,0.341847,0.572266,0.042969,1
confirmation-0523,confirmation,classification,512,512,190,345,0.100196,0.501953,0.03125,2
confirmation-0524,confirmation,brainstorming,512,512,228,437,0.013752,0.435547,0.039062,2
confirmation-0525,confirmation,creative_writing,512,512,192,376,0.053045,0.492188,0.023438,2
confirmation-0526,confirmation,brainstorming,512,512,32,54,0.86444,0.972656,0.0,1
confirmation-0527,confirmation,brainstorming,512,512,183,350,0.108055,0.480469,0.113281,2
confirmation-0528,confirmation,creative_writing,512,512,167,362,0.090373,0.455078,0.041016,2
confirmation-0529,confirmation,open_qa,512,512,140,273,0.269155,0.507812,0.070312,2
confirmation-0530,confirmation,general_qa,512,512,88,151,0.620825,0.804688,0.001953,1
confirmation-0531,confirmation,brainstorming,512,512,98,186,0.473477,0.746094,0.142578,2
confirmation-0532,confirmation,open_qa,512,512,29,42,0.888016,0.976562,0.074219,1
confirmation-0533,confirmation,general_qa,512,512,193,388,0.049116,0.460938,0.046875,2
confirmation-0534,confirmation,open_qa,512,512,113,176,0.469548,0.589844,0.146484,2
confirmation-0535,confirmation,classification,512,512,183,342,0.137525,0.455078,0.027344,3
confirmation-0536,confirmation,creative_writing,512,512,116,210,0.485265,0.640625,0.074219,2
confirmation-0537,confirmation,open_qa,512,512,79,151,0.565815,0.708984,0.142578,2
confirmation-0538,confirmation,general_qa,512,512,204,384,0.074656,0.46875,0.048828,2
confirmation-0539,confirmation,classification,512,512,194,310,0.267191,0.494141,0.039062,2
confirmation-0540,confirmation,classification,512,512,144,218,0.473477,0.576172,0.023438,2
confirmation-0541,confirmation,classification,512,512,193,340,0.113949,0.476562,0.023438,2
confirmation-0542,confirmation,open_qa,512,512,164,313,0.210216,0.470703,0.054688,2
confirmation-0543,confirmation,general_qa,512,512,127,258,0.27112,0.605469,0.050781,2
confirmation-0544,confirmation,open_qa,512,512,155,332,0.094303,0.517578,0.042969,2
confirmation-0545,confirmation,information_extraction,512,512,52,74,0.823183,0.886719,0.041016,2
confirmation-0546,confirmation,closed_qa,512,512,176,331,0.13556,0.441406,0.027344,2
confirmation-0547,confirmation,open_qa,512,512,179,353,0.098232,0.486328,0.044922,2
confirmation-0548,confirmation,classification,512,512,68,109,0.724951,0.859375,0.150391,2
confirmation-0549,confirmation,open_qa,512,512,129,253,0.273084,0.576172,0.054688,2
confirmation-0550,confirmation,brainstorming,512,512,61,134,0.514735,0.810547,0.113281,3
confirmation-0551,confirmation,classification,512,512,175,341,0.119843,0.525391,0.033203,2
confirmation-0552,confirmation,open_qa,512,512,150,294,0.235756,0.542969,0.083984,2
confirmation-0553,confirmation,open_qa,512,512,163,272,0.288802,0.525391,0.064453,2
confirmation-0554,confirmation,general_qa,512,512,67,108,0.722986,0.878906,0.083984,229
confirmation-0555,confirmation,open_qa,512,512,233,426,0.053045,0.431641,0.042969,2
confirmation-0556,confirmation,information_extraction,512,512,106,216,0.373281,0.582031,0.042969,2
confirmation-0557,confirmation,open_qa,512,512,48,91,0.695481,0.837891,0.169922,3
confirmation-0558,confirmation,classification,512,512,238,430,0.031434,0.378906,0.039062,2
confirmation-0559,confirmation,general_qa,512,512,199,405,0.045187,0.464844,0.035156,2
confirmation-0560,confirmation,summarization,512,512,186,372,0.104126,0.484375,0.042969,2
confirmation-0561,confirmation,general_qa,512,512,160,263,0.330059,0.484375,0.082031,2
confirmation-0562,confirmation,information_extraction,512,512,112,202,0.420432,0.5625,0.015625,2
confirmation-0563,confirmation,open_qa,512,512,217,356,0.184676,0.417969,0.085938,2
confirmation-0564,confirmation,open_qa,512,512,211,396,0.053045,0.455078,0.027344,2
confirmation-0565,confirmation,closed_qa,512,512,201,327,0.261297,0.425781,0.013672,3
confirmation-0566,confirmation,classification,512,512,187,297,0.243615,0.462891,0.044922,2
confirmation-0567,confirmation,brainstorming,512,512,147,265,0.337917,0.507812,0.099609,2
confirmation-0568,confirmation,information_extraction,512,512,186,351,0.117878,0.447266,0.039062,2
confirmation-0569,confirmation,general_qa,512,512,217,408,0.05501,0.445312,0.058594,2
confirmation-0570,confirmation,open_qa,512,512,88,159,0.577603,0.568359,0.0625,2
confirmation-0571,confirmation,summarization,512,512,180,316,0.151277,0.488281,0.072266,2
confirmation-0572,confirmation,closed_qa,512,512,126,265,0.204322,0.615234,0.019531,3
confirmation-0573,confirmation,closed_qa,512,512,135,232,0.312377,0.59375,0.136719,2
confirmation-0574,confirmation,summarization,512,512,183,308,0.255403,0.541016,0.027344,111
confirmation-0575,confirmation,summarization,512,512,179,336,0.088409,0.525391,0.011719,2
confirmation-0576,confirmation,brainstorming,512,512,115,218,0.416503,0.574219,0.136719,2
confirmation-0577,confirmation,classification,512,512,182,363,0.084479,0.501953,0.076172,3
confirmation-0578,confirmation,open_qa,512,512,160,306,0.247544,0.451172,0.076172,2
confirmation-0579,confirmation,information_extraction,512,512,131,248,0.310413,0.542969,0.128906,2
confirmation-0580,confirmation,classification,512,512,180,338,0.1611,0.4375,0.099609,3
confirmation-0581,confirmation,general_qa,512,512,229,406,0.031434,0.429688,0.054688,2
confirmation-0582,confirmation,brainstorming,512,512,123,235,0.349705,0.550781,0.076172,2
confirmation-0583,confirmation,general_qa,512,512,215,424,0.015717,0.441406,0.039062,2
confirmation-0584,confirmation,brainstorming,512,512,143,245,0.328094,0.511719,0.039062,2
confirmation-0585,confirmation,closed_qa,512,512,180,339,0.119843,0.5,0.033203,2
confirmation-0586,confirmation,general_qa,512,512,92,205,0.416503,0.609375,0.070312,2
confirmation-0587,confirmation,information_extraction,512,512,206,380,0.035363,0.494141,0.042969,2
confirmation-0588,confirmation,information_extraction,512,512,59,94,0.750491,0.763672,0.058594,2
confirmation-0589,confirmation,open_qa,512,512,191,347,0.123772,0.507812,0.046875,2
confirmation-0590,confirmation,general_qa,512,512,129,262,0.239686,0.585938,0.039062,3
confirmation-0591,confirmation,closed_qa,512,512,115,200,0.524558,0.449219,0.048828,2
confirmation-0592,confirmation,classification,512,512,168,295,0.176817,0.505859,0.064453,2
confirmation-0593,confirmation,open_qa,512,512,67,128,0.601179,0.681641,0.09375,2
confirmation-0594,confirmation,open_qa,512,512,108,190,0.528487,0.554688,0.046875,2
confirmation-0595,confirmation,open_qa,512,512,186,387,0.045187,0.46875,0.056641,2
confirmation-0596,confirmation,general_qa,512,512,154,286,0.222004,0.492188,0.087891,2
confirmation-0597,confirmation,open_qa,512,512,131,242,0.40275,0.511719,0.066406,2
confirmation-0598,confirmation,classification,512,512,58,93,0.618861,0.833984,0.0,1
confirmation-0599,confirmation,brainstorming,512,512,189,375,0.066798,0.484375,0.044922,2
confirmation-0600,confirmation,information_extraction,512,512,59,106,0.683694,0.798828,0.119141,2
confirmation-0601,confirmation,general_qa,512,512,130,243,0.339882,0.519531,0.046875,2
confirmation-0602,confirmation,closed_qa,512,512,154,287,0.202358,0.554688,0.03125,2
confirmation-0603,confirmation,closed_qa,512,512,163,320,0.168959,0.505859,0.046875,2
confirmation-0604,confirmation,open_qa,512,512,189,374,0.100196,0.457031,0.039062,2
confirmation-0605,confirmation,summarization,512,512,74,117,0.67387,0.824219,0.109375,2
confirmation-0606,confirmation,brainstorming,512,512,210,360,0.165029,0.40625,0.052734,2
confirmation-0607,confirmation,closed_qa,512,512,181,378,0.074656,0.474609,0.035156,3
confirmation-0608,confirmation,information_extraction,512,512,94,192,0.463654,0.603516,0.039062,2
confirmation-0609,confirmation,open_qa,512,512,103,162,0.585462,0.726562,0.048828,99
confirmation-0610,confirmation,open_qa,512,512,222,417,0.02554,0.435547,0.029297,2
confirmation-0611,confirmation,information_extraction,512,512,166,294,0.192534,0.517578,0.023438,2
confirmation-0612,confirmation,closed_qa,512,512,103,180,0.473477,0.658203,0.083984,2
confirmation-0613,confirmation,creative_writing,512,512,118,228,0.371316,0.578125,0.111328,2
confirmation-0614,confirmation,open_qa,512,512,228,419,0.019646,0.435547,0.042969,2
confirmation-0615,confirmation,closed_qa,512,512,171,330,0.10609,0.533203,0.072266,2
confirmation-0616,confirmation,summarization,512,512,182,328,0.139489,0.460938,0.033203,2
confirmation-0617,confirmation,creative_writing,512,512,224,403,0.060904,0.400391,0.058594,2
confirmation-0618,confirmation,creative_writing,512,512,191,357,0.13556,0.441406,0.035156,2
confirmation-0619,confirmation,general_qa,512,512,204,387,0.05501,0.464844,0.029297,2
confirmation-0620,confirmation,open_qa,512,512,206,394,0.017682,0.470703,0.033203,2
confirmation-0621,confirmation,information_extraction,512,512,166,310,0.1611,0.490234,0.054688,2
confirmation-0622,confirmation,open_qa,512,512,56,96,0.744597,0.802734,0.123047,2
confirmation-0623,confirmation,creative_writing,512,512,191,381,0.053045,0.462891,0.027344,2
confirmation-0624,confirmation,information_extraction,512,512,134,247,0.302554,0.525391,0.023438,2
confirmation-0625,confirmation,general_qa,512,512,170,339,0.090373,0.503906,0.064453,2
confirmation-0626,confirmation,open_qa,512,512,85,132,0.636542,0.771484,0.068359,2
confirmation-0627,confirmation,general_qa,512,512,204,391,0.047151,0.458984,0.03125,2
confirmation-0628,confirmation,brainstorming,512,512,183,347,0.163065,0.488281,0.029297,2
confirmation-0629,confirmation,open_qa,512,512,237,393,0.072692,0.392578,0.054688,2
confirmation-0630,confirmation,open_qa,512,512,201,404,0.031434,0.441406,0.023438,2
confirmation-0631,confirmation,open_qa,512,512,127,220,0.385069,0.623047,0.099609,2
confirmation-0632,confirmation,summarization,512,512,113,217,0.418468,0.552734,0.074219,2
confirmation-0633,confirmation,classification,512,512,200,386,0.064833,0.460938,0.023438,2
confirmation-0634,confirmation,summarization,512,512,189,337,0.127701,0.474609,0.050781,3
confirmation-0635,confirmation,general_qa,512,512,132,271,0.292731,0.501953,0.027344,2
confirmation-0636,confirmation,classification,512,512,94,146,0.62279,0.669922,0.091797,2
confirmation-0637,confirmation,open_qa,512,512,178,309,0.218075,0.501953,0.035156,2
confirmation-0638,confirmation,general_qa,512,512,205,394,0.047151,0.466797,0.025391,2
confirmation-0639,confirmation,general_qa,512,512,224,418,0.031434,0.435547,0.056641,2
confirmation-0640,confirmation,closed_qa,512,512,158,301,0.21611,0.501953,0.046875,2
confirmation-0641,confirmation,closed_qa,512,512,197,354,0.127701,0.4375,0.037109,2
confirmation-0642,confirmation,closed_qa,512,512,97,173,0.489194,0.697266,0.089844,2
confirmation-0643,confirmation,general_qa,512,512,170,319,0.202358,0.445312,0.066406,2
confirmation-0644,confirmation,general_qa,512,512,165,318,0.18664,0.527344,0.03125,2
confirmation-0645,confirmation,creative_writing,512,512,212,403,0.058939,0.417969,0.027344,2
confirmation-0646,confirmation,summarization,512,512,182,300,0.273084,0.443359,0.039062,4
confirmation-0647,confirmation,open_qa,512,512,217,400,0.043222,0.431641,0.066406,2
confirmation-0648,confirmation,creative_writing,512,512,238,405,0.049116,0.427734,0.058594,2
confirmation-0649,confirmation,open_qa,512,512,197,386,0.090373,0.472656,0.033203,2
confirmation-0650,confirmation,closed_qa,512,512,178,330,0.155206,0.554688,0.027344,2
confirmation-0651,confirmation,information_extraction,512,512,144,319,0.111984,0.533203,0.105469,2
confirmation-0652,confirmation,summarization,512,512,91,133,0.685658,0.644531,0.078125,2
confirmation-0653,confirmation,brainstorming,512,512,171,335,0.108055,0.53125,0.03125,2
confirmation-0654,confirmation,general_qa,512,512,58,95,0.707269,0.701172,0.121094,2
confirmation-0655,confirmation,summarization,512,512,168,293,0.255403,0.462891,0.033203,2
confirmation-0656,confirmation,general_qa,512,512,207,396,0.049116,0.449219,0.064453,2
confirmation-0657,confirmation,summarization,512,512,168,336,0.137525,0.484375,0.052734,2
confirmation-0658,confirmation,summarization,512,512,108,198,0.45776,0.570312,0.023438,2
confirmation-0659,confirmation,information_extraction,512,512,118,206,0.412574,0.541016,0.050781,2
confirmation-0660,confirmation,open_qa,512,512,47,77,0.752456,0.931641,0.146484,2
confirmation-0661,confirmation,information_extraction,512,512,161,294,0.220039,0.472656,0.033203,2
confirmation-0662,confirmation,general_qa,512,512,215,381,0.117878,0.429688,0.056641,2
confirmation-0663,confirmation,closed_qa,512,512,142,273,0.302554,0.482422,0.0,2
confirmation-0664,confirmation,general_qa,512,512,207,401,0.056974,0.439453,0.039062,2
confirmation-0665,confirmation,general_qa,512,512,83,171,0.416503,0.730469,0.128906,2
confirmation-0666,confirmation,information_extraction,512,512,98,169,0.514735,0.603516,0.105469,2
confirmation-0667,confirmation,classification,512,512,128,244,0.37721,0.541016,0.09375,2
confirmation-0668,confirmation,classification,512,512,65,103,0.713163,0.886719,0.015625,2
confirmation-0669,confirmation,open_qa,512,512,153,323,0.10609,0.517578,0.03125,2
confirmation-0670,confirmation,creative_writing,512,512,201,397,0.043222,0.429688,0.042969,2
confirmation-0671,confirmation,closed_qa,512,512,179,347,0.119843,0.431641,0.03125,2
confirmation-0672,confirmation,summarization,512,512,171,330,0.141454,0.533203,0.050781,3
confirmation-0673,confirmation,classification,512,512,81,230,0.292731,0.789062,0.033203,2
confirmation-0674,confirmation,open_qa,512,512,196,370,0.070727,0.521484,0.041016,2
confirmation-0675,confirmation,information_extraction,512,512,157,269,0.314342,0.464844,0.078125,2
confirmation-0676,confirmation,open_qa,512,512,196,357,0.086444,0.494141,0.064453,2
confirmation-0677,confirmation,open_qa,512,512,96,198,0.412574,0.679688,0.085938,2
confirmation-0678,confirmation,classification,512,512,206,379,0.082515,0.433594,0.050781,2
confirmation-0679,confirmation,brainstorming,512,512,145,270,0.308448,0.513672,0.078125,2
confirmation-0680,confirmation,general_qa,512,512,195,368,0.10609,0.4375,0.046875,2
confirmation-0681,confirmation,classification,512,512,129,265,0.24165,0.595703,0.119141,2
confirmation-0682,confirmation,closed_qa,512,512,153,296,0.265226,0.515625,0.03125,2
confirmation-0683,confirmation,brainstorming,512,512,179,317,0.275049,0.546875,0.083984,2
confirmation-0684,confirmation,open_qa,512,512,103,203,0.400786,0.644531,0.042969,1
confirmation-0685,confirmation,information_extraction,512,512,184,349,0.125737,0.544922,0.050781,2
confirmation-0686,confirmation,brainstorming,512,512,174,323,0.131631,0.515625,0.039062,2
confirmation-0687,confirmation,closed_qa,512,512,169,342,0.098232,0.480469,0.048828,2
confirmation-0688,confirmation,general_qa,512,512,174,334,0.121807,0.515625,0.042969,2
confirmation-0689,confirmation,information_extraction,512,512,126,223,0.426326,0.537109,0.041016,2
confirmation-0690,confirmation,general_qa,512,512,208,400,0.02554,0.443359,0.023438,2
confirmation-0691,confirmation,classification,512,512,94,152,0.253438,0.753906,0.017578,2
confirmation-0692,confirmation,closed_qa,512,512,158,332,0.127701,0.521484,0.033203,2
confirmation-0693,confirmation,closed_qa,512,512,189,372,0.078585,0.501953,0.025391,2
confirmation-0694,confirmation,summarization,512,512,103,170,0.526523,0.597656,0.107422,2
confirmation-0695,confirmation,open_qa,512,512,121,227,0.387033,0.523438,0.078125,2
confirmation-0696,confirmation,creative_writing,512,512,127,211,0.483301,0.613281,0.101562,2
confirmation-0697,confirmation,open_qa,512,512,213,402,0.05501,0.466797,0.035156,2
confirmation-0698,confirmation,general_qa,512,512,106,222,0.387033,0.669922,0.101562,1
confirmation-0699,confirmation,open_qa,512,512,163,324,0.133595,0.460938,0.025391,2
confirmation-0700,confirmation,open_qa,512,512,80,128,0.650295,0.646484,0.126953,2
confirmation-0701,confirmation,brainstorming,512,512,187,354,0.108055,0.496094,0.027344,2
confirmation-0702,confirmation,classification,512,512,61,95,0.701375,0.873047,0.128906,2
confirmation-0703,confirmation,open_qa,512,512,179,340,0.113949,0.474609,0.039062,2
confirmation-0704,confirmation,open_qa,512,512,229,419,0.033399,0.429688,0.048828,2
confirmation-0705,confirmation,closed_qa,512,512,174,285,0.355599,0.462891,0.033203,2
confirmation-0706,confirmation,classification,512,512,43,68,0.797642,0.955078,0.359375,2
confirmation-0707,confirmation,classification,512,512,147,251,0.379175,0.474609,0.087891,2
confirmation-0708,confirmation,brainstorming,512,512,185,342,0.143418,0.486328,0.042969,2
confirmation-0709,confirmation,creative_writing,512,512,211,387,0.062868,0.46875,0.078125,2
confirmation-0710,confirmation,open_qa,512,512,188,328,0.166994,0.503906,0.054688,2
confirmation-0711,confirmation,open_qa,512,512,189,367,0.102161,0.464844,0.023438,2
confirmation-0712,confirmation,general_qa,512,512,226,404,0.033399,0.466797,0.046875,2
confirmation-0713,confirmation,information_extraction,512,512,57,100,0.726916,0.724609,0.039062,2
confirmation-0714,confirmation,brainstorming,512,512,207,386,0.064833,0.513672,0.046875,2
confirmation-0715,confirmation,closed_qa,512,512,136,254,0.278978,0.625,0.011719,2
confirmation-0716,confirmation,classification,512,512,130,213,0.471513,0.611328,0.09375,2
confirmation-0717,confirmation,closed_qa,512,512,207,391,0.066798,0.447266,0.013672,3
confirmation-0718,confirmation,information_extraction,512,512,98,179,0.447937,0.708984,0.101562,2
confirmation-0719,confirmation,classification,512,512,198,374,0.066798,0.447266,0.070312,2
confirmation-0720,confirmation,classification,512,512,183,379,0.05501,0.484375,0.03125,2
confirmation-0721,confirmation,closed_qa,512,512,172,331,0.166994,0.490234,0.015625,1
confirmation-0722,confirmation,closed_qa,512,512,180,337,0.121807,0.482422,0.033203,2
confirmation-0723,confirmation,open_qa,512,512,37,64,0.81336,0.835938,0.068359,2
confirmation-0724,confirmation,open_qa,512,512,206,408,0.02554,0.435547,0.029297,2
confirmation-0725,confirmation,brainstorming,512,512,79,130,0.70334,0.501953,0.058594,2
confirmation-0726,confirmation,brainstorming,512,512,194,389,0.043222,0.472656,0.068359,2
confirmation-0727,confirmation,open_qa,512,512,201,391,0.049116,0.441406,0.050781,2
confirmation-0728,confirmation,classification,512,512,15,20,0.94499,1.0,0.0,1
confirmation-0729,confirmation,open_qa,512,512,75,132,0.62279,0.769531,0.09375,2
confirmation-0730,confirmation,summarization,512,512,91,160,0.548134,0.794922,0.142578,2
confirmation-0731,confirmation,closed_qa,512,512,193,396,0.045187,0.441406,0.037109,2
confirmation-0732,confirmation,creative_writing,512,512,57,101,0.709234,0.84375,0.125,2
confirmation-0733,confirmation,closed_qa,512,512,138,277,0.223969,0.556641,0.046875,2
confirmation-0734,confirmation,closed_qa,512,512,96,209,0.40668,0.681641,0.064453,2
confirmation-0735,confirmation,summarization,512,512,156,308,0.198428,0.558594,0.035156,2
confirmation-0736,confirmation,brainstorming,512,512,229,433,0.02554,0.425781,0.023438,2
confirmation-0737,confirmation,open_qa,512,512,139,238,0.418468,0.693359,0.160156,2
confirmation-0738,confirmation,open_qa,512,512,64,93,0.730845,0.837891,0.009766,2
confirmation-0739,confirmation,open_qa,512,512,221,404,0.035363,0.449219,0.035156,2
confirmation-0740,confirmation,general_qa,512,512,191,343,0.19057,0.433594,0.039062,2
confirmation-0741,confirmation,open_qa,512,512,115,248,0.227898,0.628906,0.023438,2
confirmation-0742,confirmation,classification,512,512,127,245,0.357564,0.521484,0.089844,2
confirmation-0743,confirmation,information_extraction,512,512,123,246,0.308448,0.535156,0.052734,2
confirmation-0744,confirmation,creative_writing,512,512,51,69,0.848723,0.939453,0.302734,2
confirmation-0745,confirmation,classification,512,512,187,374,0.082515,0.474609,0.03125,2
confirmation-0746,confirmation,closed_qa,512,512,89,134,0.695481,0.714844,0.125,2
confirmation-0747,confirmation,closed_qa,512,512,109,180,0.53831,0.558594,0.052734,2
confirmation-0748,confirmation,brainstorming,512,512,202,345,0.180747,0.490234,0.058594,2
confirmation-0749,confirmation,classification,512,512,21,30,0.927308,0.998047,0.324219,2
confirmation-0750,confirmation,open_qa,512,512,176,305,0.225933,0.492188,0.070312,2
confirmation-0751,confirmation,open_qa,512,512,141,246,0.35167,0.589844,0.107422,2
confirmation-0752,confirmation,summarization,512,512,194,335,0.196464,0.392578,0.027344,2
confirmation-0753,confirmation,brainstorming,512,512,187,352,0.129666,0.474609,0.099609,2
confirmation-0754,confirmation,summarization,512,512,112,232,0.235756,0.679688,0.037109,2
confirmation-0755,confirmation,classification,512,512,113,208,0.422397,0.685547,0.082031,2
confirmation-0756,confirmation,general_qa,512,512,125,225,0.381139,0.591797,0.035156,2
confirmation-0757,confirmation,open_qa,512,512,89,135,0.669941,0.505859,0.101562,2
confirmation-0758,confirmation,brainstorming,512,512,219,406,0.053045,0.371094,0.052734,2
confirmation-0759,confirmation,closed_qa,512,512,182,358,0.133595,0.458984,0.033203,2
confirmation-0760,confirmation,open_qa,512,512,147,296,0.196464,0.515625,0.041016,2
confirmation-0761,confirmation,closed_qa,512,512,157,257,0.332024,0.498047,0.072266,2
confirmation-0762,confirmation,creative_writing,512,512,125,215,0.400786,0.617188,0.070312,2
confirmation-0763,confirmation,information_extraction,512,512,188,355,0.125737,0.427734,0.035156,2
confirmation-0764,confirmation,information_extraction,512,512,196,330,0.180747,0.46875,0.089844,2
confirmation-0765,confirmation,open_qa,512,512,124,233,0.333988,0.546875,0.033203,2
confirmation-0766,confirmation,brainstorming,512,512,180,338,0.157171,0.4375,0.054688,2
confirmation-0767,confirmation,classification,512,512,145,256,0.375246,0.509766,0.044922,2
confirmation-0768,confirmation,classification,512,512,102,159,0.618861,0.568359,0.087891,2
confirmation-0769,confirmation,information_extraction,512,512,182,323,0.182711,0.472656,0.044922,2
confirmation-0770,confirmation,classification,512,512,152,300,0.278978,0.513672,0.095703,2
confirmation-0771,confirmation,summarization,512,512,70,112,0.722986,0.734375,0.0,1
confirmation-0772,confirmation,classification,512,512,28,109,0.510806,0.984375,0.0,4
confirmation-0773,confirmation,general_qa,512,512,175,357,0.108055,0.492188,0.101562,2
confirmation-0774,confirmation,brainstorming,512,512,169,287,0.300589,0.425781,0.085938,2
confirmation-0775,confirmation,open_qa,512,512,48,70,0.807466,0.691406,0.029297,1
confirmation-0776,confirmation,closed_qa,512,512,169,304,0.233792,0.453125,0.037109,2
confirmation-0777,confirmation,open_qa,512,512,230,397,0.084479,0.384766,0.03125,2
confirmation-0778,confirmation,brainstorming,512,512,172,319,0.176817,0.470703,0.105469,2
confirmation-0779,confirmation,information_extraction,512,512,127,248,0.316306,0.566406,0.041016,3
confirmation-0780,confirmation,brainstorming,512,512,54,66,0.844794,0.714844,0.039062,1
confirmation-0781,confirmation,classification,512,512,103,185,0.495088,0.632812,0.072266,2
confirmation-0782,confirmation,closed_qa,512,512,119,236,0.349705,0.544922,0.033203,2
confirmation-0783,confirmation,creative_writing,512,512,214,393,0.053045,0.455078,0.041016,7
confirmation-0784,confirmation,closed_qa,512,512,125,207,0.449902,0.609375,0.095703,2
confirmation-0785,confirmation,open_qa,512,512,159,295,0.194499,0.568359,0.058594,3
confirmation-0786,confirmation,summarization,512,512,145,258,0.390963,0.386719,0.021484,2
confirmation-0787,confirmation,open_qa,512,512,202,375,0.086444,0.466797,0.048828,2
confirmation-0788,confirmation,closed_qa,512,512,72,167,0.320236,0.861328,0.019531,2
confirmation-0789,confirmation,classification,512,512,177,302,0.206287,0.527344,0.050781,2
confirmation-0790,confirmation,information_extraction,512,512,204,384,0.064833,0.449219,0.013672,2
confirmation-0791,confirmation,closed_qa,512,512,198,358,0.102161,0.480469,0.115234,2
confirmation-0792,confirmation,open_qa,512,512,175,340,0.102161,0.488281,0.027344,2
confirmation-0793,confirmation,creative_writing,512,512,196,401,0.027505,0.455078,0.035156,2
confirmation-0794,confirmation,open_qa,512,512,110,193,0.477407,0.537109,0.044922,2
confirmation-0795,confirmation,closed_qa,512,512,167,313,0.196464,0.492188,0.029297,2
confirmation-0796,confirmation,closed_qa,512,512,154,325,0.117878,0.556641,0.041016,2
confirmation-0797,confirmation,general_qa,512,512,62,109,0.667976,0.775391,0.052734,1
confirmation-0798,confirmation,general_qa,512,512,180,348,0.153242,0.447266,0.033203,2
confirmation-0799,confirmation,creative_writing,512,512,212,381,0.108055,0.408203,0.066406,2
confirmation-0800,confirmation,creative_writing,512,512,144,280,0.208251,0.556641,0.050781,2
confirmation-0801,confirmation,open_qa,512,512,40,59,0.834971,0.957031,0.091797,1
confirmation-0802,confirmation,classification,512,512,22,31,0.925344,0.996094,0.207031,1
confirmation-0803,confirmation,open_qa,512,512,99,166,0.573674,0.578125,0.097656,2
confirmation-0804,confirmation,open_qa,512,512,132,248,0.394892,0.478516,0.080078,2
confirmation-0805,confirmation,open_qa,512,512,72,136,0.53831,0.773438,0.125,2
confirmation-0806,confirmation,open_qa,512,512,178,335,0.159136,0.568359,0.058594,2
confirmation-0807,confirmation,closed_qa,512,512,165,297,0.263261,0.408203,0.015625,3
confirmation-0808,confirmation,classification,512,512,21,34,0.827112,0.998047,0.0,1
confirmation-0809,confirmation,brainstorming,512,512,84,147,0.579568,0.765625,0.021484,2
confirmation-0810,confirmation,summarization,512,512,134,229,0.424361,0.490234,0.058594,2
confirmation-0811,confirmation,general_qa,512,512,141,285,0.247544,0.496094,0.087891,2
confirmation-0812,confirmation,open_qa,512,512,32,57,0.836935,0.886719,0.109375,2
confirmation-0813,confirmation,information_extraction,512,512,194,383,0.039293,0.433594,0.027344,2
confirmation-0814,confirmation,open_qa,512,512,166,355,0.070727,0.498047,0.021484,2
confirmation-0815,confirmation,general_qa,512,512,193,353,0.088409,0.521484,0.074219,2
confirmation-0816,confirmation,classification,512,512,125,239,0.373281,0.685547,0.025391,2
confirmation-0817,confirmation,closed_qa,512,512,136,262,0.27112,0.574219,0.0625,3
confirmation-0818,confirmation,classification,512,512,27,43,0.844794,0.986328,0.0,1
confirmation-0819,confirmation,information_extraction,512,512,224,413,0.037328,0.402344,0.056641,2
confirmation-0820,confirmation,classification,512,512,85,139,0.500982,0.632812,0.117188,2
confirmation-0821,confirmation,closed_qa,512,512,123,243,0.353635,0.576172,0.097656,2
confirmation-0822,confirmation,open_qa,512,512,193,357,0.11002,0.451172,0.0625,2
confirmation-0823,confirmation,open_qa,512,512,196,335,0.204322,0.410156,0.076172,2
confirmation-0824,confirmation,summarization,512,512,164,337,0.121807,0.53125,0.060547,2
confirmation-0825,confirmation,summarization,512,512,92,173,0.510806,0.634766,0.140625,2
confirmation-0826,confirmation,general_qa,512,512,202,333,0.206287,0.441406,0.03125,2
confirmation-0827,confirmation,classification,512,512,189,360,0.131631,0.46875,0.042969,2
confirmation-0828,confirmation,open_qa,512,512,220,429,0.02554,0.460938,0.029297,2
confirmation-0829,confirmation,general_qa,512,512,207,392,0.053045,0.443359,0.050781,2
confirmation-0830,confirmation,information_extraction,512,512,167,303,0.24558,0.554688,0.091797,3
confirmation-0831,confirmation,brainstorming,512,512,94,163,0.524558,0.621094,0.074219,2
confirmation-0832,confirmation,brainstorming,512,512,137,263,0.269155,0.550781,0.046875,2
confirmation-0833,confirmation,information_extraction,512,512,172,342,0.1611,0.458984,0.033203,2
confirmation-0834,confirmation,open_qa,512,512,79,157,0.520629,0.654297,0.046875,2
confirmation-0835,confirmation,information_extraction,512,512,178,340,0.1611,0.505859,0.054688,2
confirmation-0836,confirmation,information_extraction,512,512,206,392,0.047151,0.5,0.027344,2
confirmation-0837,confirmation,open_qa,512,512,36,74,0.774067,0.96875,0.0,2
confirmation-0838,confirmation,information_extraction,512,512,74,104,0.740668,0.884766,0.166016,2
confirmation-0839,confirmation,general_qa,512,512,214,404,0.039293,0.462891,0.064453,2
confirmation-0840,confirmation,open_qa,512,512,58,111,0.638507,0.746094,0.0625,2
confirmation-0841,confirmation,creative_writing,512,512,223,400,0.100196,0.431641,0.037109,2
confirmation-0842,confirmation,general_qa,512,512,184,377,0.070727,0.480469,0.035156,2
confirmation-0843,confirmation,closed_qa,512,512,95,245,0.27112,0.609375,0.080078,2
confirmation-0844,confirmation,open_qa,512,512,161,292,0.24165,0.476562,0.068359,2
confirmation-0845,confirmation,classification,512,512,121,205,0.467583,0.503906,0.085938,2
confirmation-0846,confirmation,summarization,512,512,208,356,0.100196,0.480469,0.035156,2
confirmation-0847,confirmation,open_qa,512,512,128,229,0.383104,0.572266,0.050781,2
confirmation-0848,confirmation,open_qa,512,512,120,223,0.434185,0.539062,0.074219,2
confirmation-0849,confirmation,general_qa,512,512,163,321,0.172888,0.566406,0.037109,2
confirmation-0850,confirmation,classification,512,512,140,263,0.388998,0.517578,0.060547,2
confirmation-0851,confirmation,general_qa,512,512,227,442,0.009823,0.423828,0.039062,2
confirmation-0852,confirmation,general_qa,512,512,141,251,0.337917,0.544922,0.087891,2
confirmation-0853,confirmation,brainstorming,512,512,190,366,0.092338,0.478516,0.052734,2
confirmation-0854,confirmation,general_qa,512,512,193,356,0.104126,0.525391,0.023438,2
confirmation-0855,confirmation,summarization,512,512,135,264,0.251473,0.578125,0.070312,2
confirmation-0856,confirmation,closed_qa,512,512,154,277,0.318271,0.441406,0.050781,2
confirmation-0857,confirmation,information_extraction,512,512,144,268,0.282908,0.572266,0.0625,3
confirmation-0858,confirmation,open_qa,512,512,215,402,0.039293,0.457031,0.041016,2
confirmation-0859,confirmation,information_extraction,512,512,112,200,0.475442,0.648438,0.087891,2
confirmation-0860,confirmation,creative_writing,512,512,143,264,0.320236,0.472656,0.058594,2
confirmation-0861,confirmation,general_qa,512,512,122,243,0.363458,0.576172,0.091797,2
confirmation-0862,confirmation,open_qa,512,512,204,396,0.053045,0.419922,0.052734,2
confirmation-0863,confirmation,classification,512,512,152,334,0.11002,0.511719,0.050781,2
confirmation-0864,confirmation,classification,512,512,79,223,0.330059,0.667969,0.052734,2
confirmation-0865,confirmation,general_qa,512,512,190,375,0.117878,0.453125,0.041016,2
confirmation-0866,confirmation,information_extraction,512,512,120,235,0.341847,0.681641,0.048828,2
confirmation-0867,confirmation,closed_qa,512,512,138,260,0.337917,0.46875,0.042969,2
confirmation-0868,confirmation,classification,512,512,126,177,0.522593,0.691406,0.009766,1
confirmation-0869,confirmation,open_qa,512,512,151,298,0.184676,0.488281,0.015625,2
confirmation-0870,confirmation,creative_writing,512,512,169,336,0.165029,0.478516,0.050781,2
confirmation-0871,confirmation,open_qa,512,512,87,160,0.573674,0.740234,0.035156,2
confirmation-0872,confirmation,classification,512,512,212,395,0.031434,0.492188,0.035156,2
confirmation-0873,confirmation,general_qa,512,512,125,203,0.518664,0.496094,0.050781,2
confirmation-0874,confirmation,information_extraction,512,512,116,221,0.394892,0.644531,0.03125,2
confirmation-0875,confirmation,general_qa,512,512,85,128,0.6778,0.59375,0.111328,2
confirmation-0876,confirmation,open_qa,512,512,127,255,0.330059,0.511719,0.015625,2
confirmation-0877,confirmation,information_extraction,512,512,176,348,0.092338,0.455078,0.042969,2
confirmation-0878,confirmation,brainstorming,512,512,182,353,0.1611,0.480469,0.058594,2
confirmation-0879,confirmation,summarization,512,512,19,19,0.962672,1.0,0.0,1
confirmation-0880,confirmation,closed_qa,512,512,155,314,0.192534,0.564453,0.023438,3
confirmation-0881,confirmation,summarization,512,512,84,140,0.662083,0.583984,0.029297,2
confirmation-0882,confirmation,general_qa,512,512,100,184,0.508841,0.595703,0.072266,2
confirmation-0883,confirmation,summarization,512,512,159,273,0.282908,0.476562,0.058594,2
confirmation-0884,confirmation,general_qa,512,512,98,188,0.43222,0.755859,0.152344,2
confirmation-0885,confirmation,open_qa,512,512,193,349,0.1611,0.388672,0.041016,2
confirmation-0886,confirmation,brainstorming,512,512,198,380,0.076621,0.447266,0.076172,2
confirmation-0887,confirmation,closed_qa,512,512,144,307,0.149312,0.574219,0.011719,2
confirmation-0888,confirmation,classification,512,512,196,378,0.082515,0.474609,0.044922,2
confirmation-0889,confirmation,open_qa,512,512,109,194,0.3222,0.658203,0.125,2
confirmation-0890,confirmation,creative_writing,512,512,141,281,0.196464,0.564453,0.015625,2
confirmation-0891,confirmation,open_qa,512,512,163,263,0.414538,0.632812,0.019531,2
confirmation-0892,confirmation,open_qa,512,512,58,90,0.766208,0.699219,0.136719,2
confirmation-0893,confirmation,open_qa,512,512,163,347,0.084479,0.552734,0.039062,2
confirmation-0894,confirmation,general_qa,512,512,213,410,0.035363,0.462891,0.039062,2
confirmation-0895,confirmation,open_qa,512,512,185,370,0.090373,0.447266,0.058594,2
confirmation-0896,confirmation,general_qa,512,512,201,372,0.102161,0.466797,0.056641,2
confirmation-0897,confirmation,brainstorming,512,512,180,358,0.086444,0.513672,0.076172,2
confirmation-0898,confirmation,creative_writing,512,512,195,375,0.074656,0.511719,0.072266,2
confirmation-0899,confirmation,open_qa,512,512,158,293,0.21611,0.457031,0.054688,2
confirmation-0900,confirmation,creative_writing,512,512,145,297,0.157171,0.523438,0.050781,2
confirmation-0901,confirmation,open_qa,512,512,64,95,0.768173,0.621094,0.097656,2
confirmation-0902,confirmation,open_qa,512,512,112,210,0.387033,0.673828,0.058594,2
confirmation-0903,confirmation,open_qa,512,512,158,329,0.108055,0.533203,0.019531,2
confirmation-0904,confirmation,closed_qa,512,512,53,85,0.791749,0.628906,0.050781,2
confirmation-0905,confirmation,classification,512,512,145,290,0.188605,0.576172,0.029297,2
confirmation-0906,confirmation,information_extraction,512,512,175,355,0.082515,0.482422,0.023438,2
confirmation-0907,confirmation,brainstorming,512,512,151,254,0.426326,0.642578,0.097656,2
confirmation-0908,confirmation,creative_writing,512,512,225,422,0.019646,0.414062,0.033203,2
confirmation-0909,confirmation,closed_qa,512,512,141,306,0.178782,0.519531,0.046875,2
confirmation-0910,confirmation,classification,512,512,81,147,0.59725,0.607422,0.123047,2
confirmation-0911,confirmation,creative_writing,512,512,136,272,0.21611,0.556641,0.046875,2
confirmation-0912,confirmation,classification,512,512,108,174,0.577603,0.730469,0.021484,2
confirmation-0913,confirmation,creative_writing,512,512,158,306,0.180747,0.498047,0.042969,2
confirmation-0914,confirmation,brainstorming,512,512,149,265,0.294695,0.488281,0.085938,2
confirmation-0915,confirmation,general_qa,512,512,192,379,0.041257,0.494141,0.0,3
confirmation-0916,confirmation,open_qa,512,512,83,189,0.371316,0.650391,0.037109,3
confirmation-0917,confirmation,brainstorming,512,512,212,392,0.062868,0.439453,0.056641,2
confirmation-0918,confirmation,summarization,512,512,126,210,0.449902,0.605469,0.09375,2
confirmation-0919,confirmation,general_qa,512,512,219,389,0.078585,0.484375,0.027344,2
confirmation-0920,confirmation,general_qa,512,512,189,322,0.172888,0.501953,0.103516,2
confirmation-0921,confirmation,general_qa,512,512,176,316,0.290766,0.427734,0.082031,2
confirmation-0922,confirmation,information_extraction,512,512,160,296,0.273084,0.529297,0.050781,2
confirmation-0923,confirmation,general_qa,512,512,115,228,0.408644,0.515625,0.039062,2
confirmation-0924,confirmation,open_qa,512,512,37,70,0.785855,0.898438,0.0625,2
confirmation-0925,confirmation,classification,512,512,90,130,0.705305,0.777344,0.134766,2
confirmation-0926,confirmation,summarization,512,512,173,343,0.096267,0.478516,0.023438,3
confirmation-0927,confirmation,information_extraction,512,512,97,162,0.565815,0.660156,0.082031,2
confirmation-0928,confirmation,closed_qa,512,512,198,374,0.092338,0.421875,0.041016,3
confirmation-0929,confirmation,classification,512,512,57,110,0.691552,0.785156,0.09375,2
confirmation-0930,confirmation,open_qa,512,512,177,338,0.210216,0.447266,0.054688,2
confirmation-0931,confirmation,information_extraction,512,512,151,289,0.24558,0.529297,0.015625,2
confirmation-0932,confirmation,general_qa,512,512,131,220,0.451866,0.515625,0.097656,2
confirmation-0933,confirmation,closed_qa,512,512,82,129,0.642436,0.644531,0.128906,2
confirmation-0934,confirmation,brainstorming,512,512,30,135,0.318271,0.980469,0.078125,3
confirmation-0935,confirmation,brainstorming,512,512,141,229,0.424361,0.669922,0.207031,2
confirmation-0936,confirmation,open_qa,512,512,193,382,0.078585,0.498047,0.042969,2
confirmation-0937,confirmation,brainstorming,512,512,225,385,0.100196,0.433594,0.072266,2
confirmation-0938,confirmation,creative_writing,512,512,135,288,0.19057,0.580078,0.148438,2
confirmation-0939,confirmation,brainstorming,512,512,79,141,0.589391,0.798828,0.044922,2
confirmation-0940,confirmation,open_qa,512,512,125,215,0.449902,0.486328,0.058594,2
confirmation-0941,confirmation,classification,512,512,221,386,0.078585,0.457031,0.041016,2
confirmation-0942,confirmation,general_qa,512,512,128,265,0.19057,0.607422,0.03125,2
confirmation-0943,confirmation,classification,512,512,166,304,0.206287,0.507812,0.070312,3
confirmation-0944,confirmation,information_extraction,512,512,95,199,0.396857,0.548828,0.0,2
confirmation-0945,confirmation,summarization,512,512,166,325,0.165029,0.460938,0.09375,2
confirmation-0946,confirmation,classification,512,512,153,279,0.208251,0.484375,0.058594,2
confirmation-0947,confirmation,general_qa,512,512,125,275,0.192534,0.570312,0.025391,2
confirmation-0948,confirmation,open_qa,512,512,183,350,0.117878,0.486328,0.046875,2
confirmation-0949,confirmation,open_qa,512,512,74,103,0.764244,0.535156,0.101562,2
confirmation-0950,confirmation,classification,512,512,54,112,0.616896,0.865234,0.044922,2
confirmation-0951,confirmation,brainstorming,512,512,215,388,0.10609,0.457031,0.070312,2
confirmation-0952,confirmation,general_qa,512,512,183,384,0.039293,0.460938,0.048828,2
confirmation-0953,confirmation,closed_qa,512,512,198,364,0.11002,0.476562,0.046875,2
confirmation-0954,confirmation,brainstorming,512,512,205,373,0.11002,0.441406,0.087891,2
confirmation-0955,confirmation,information_extraction,512,512,167,330,0.192534,0.470703,0.037109,2
confirmation-0956,confirmation,summarization,512,512,177,329,0.174853,0.498047,0.041016,2
confirmation-0957,confirmation,general_qa,512,512,160,317,0.165029,0.558594,0.027344,2
confirmation-0958,confirmation,brainstorming,512,512,158,298,0.198428,0.544922,0.025391,2
confirmation-0959,confirmation,creative_writing,512,512,205,384,0.090373,0.484375,0.023438,2
confirmation-0960,confirmation,creative_writing,512,512,162,317,0.100196,0.578125,0.027344,2
confirmation-0961,confirmation,open_qa,512,512,68,115,0.591356,0.755859,0.078125,2
confirmation-0962,confirmation,classification,512,512,135,262,0.243615,0.589844,0.048828,2
confirmation-0963,confirmation,brainstorming,512,512,175,337,0.174853,0.451172,0.076172,2
confirmation-0964,confirmation,classification,512,512,226,420,0.037328,0.427734,0.035156,2
confirmation-0965,confirmation,closed_qa,512,512,142,295,0.1611,0.609375,0.027344,2
confirmation-0966,confirmation,summarization,512,512,115,235,0.265226,0.568359,0.029297,2
confirmation-0967,confirmation,information_extraction,512,512,137,257,0.32613,0.529297,0.060547,2
confirmation-0968,confirmation,closed_qa,512,512,93,157,0.62279,0.720703,0.095703,2
confirmation-0969,confirmation,open_qa,512,512,41,70,0.803536,0.794922,0.279297,1
confirmation-0970,confirmation,classification,512,512,216,387,0.056974,0.447266,0.048828,2
confirmation-0971,confirmation,open_qa,512,512,181,365,0.062868,0.488281,0.035156,2
confirmation-0972,confirmation,summarization,512,512,117,194,0.45776,0.712891,0.052734,2
confirmation-0973,confirmation,general_qa,512,512,158,302,0.198428,0.507812,0.042969,3
confirmation-0974,confirmation,general_qa,512,512,156,330,0.10609,0.546875,0.076172,2
confirmation-0975,confirmation,creative_writing,512,512,183,334,0.143418,0.447266,0.0625,2
confirmation-0976,confirmation,brainstorming,512,512,104,164,0.59725,0.773438,0.246094,2
confirmation-0977,confirmation,open_qa,512,512,179,345,0.1611,0.412109,0.056641,2
confirmation-0978,confirmation,open_qa,512,512,129,266,0.249509,0.59375,0.076172,2
confirmation-0979,confirmation,open_qa,512,512,35,58,0.803536,0.931641,0.107422,2
confirmation-0980,confirmation,information_extraction,512,512,93,264,0.200393,0.732422,0.052734,2
confirmation-0981,confirmation,open_qa,512,512,187,336,0.170923,0.455078,0.050781,2
confirmation-0982,confirmation,open_qa,512,512,244,406,0.05501,0.357422,0.027344,2
confirmation-0983,confirmation,summarization,512,512,212,363,0.127701,0.470703,0.099609,2
confirmation-0984,confirmation,classification,512,512,209,394,0.043222,0.427734,0.033203,2
confirmation-0985,confirmation,open_qa,512,512,92,189,0.375246,0.703125,0.039062,2
confirmation-0986,confirmation,general_qa,512,512,178,332,0.182711,0.476562,0.070312,2
confirmation-0987,confirmation,brainstorming,512,512,195,370,0.094303,0.457031,0.054688,2
confirmation-0988,confirmation,classification,512,512,46,73,0.770138,0.892578,0.121094,2
confirmation-0989,confirmation,open_qa,512,512,185,352,0.125737,0.460938,0.080078,2
confirmation-0990,confirmation,closed_qa,512,512,135,249,0.332024,0.580078,0.068359,2
confirmation-0991,confirmation,general_qa,512,512,229,439,0.031434,0.435547,0.03125,2
confirmation-0992,confirmation,open_qa,512,512,167,294,0.243615,0.447266,0.035156,2
confirmation-0993,confirmation,classification,512,512,21,115,0.298625,0.994141,0.007812,4
confirmation-0994,confirmation,open_qa,512,512,59,80,0.821218,0.923828,0.189453,2
confirmation-0995,confirmation,information_extraction,512,512,112,165,0.62279,0.466797,0.107422,2
confirmation-0996,confirmation,creative_writing,512,512,198,366,0.104126,0.474609,0.041016,2
confirmation-0997,confirmation,brainstorming,512,512,212,401,0.031434,0.484375,0.041016,2
confirmation-0998,confirmation,information_extraction,512,512,161,286,0.275049,0.466797,0.054688,2
confirmation-0999,confirmation,general_qa,512,512,213,413,0.039293,0.441406,0.050781,2
confirmation-1000,confirmation,open_qa,512,512,213,375,0.088409,0.486328,0.070312,2
confirmation-1001,confirmation,classification,512,512,130,257,0.288802,0.515625,0.050781,2
confirmation-1002,confirmation,open_qa,512,512,216,390,0.102161,0.427734,0.048828,2
confirmation-1003,confirmation,open_qa,512,512,54,95,0.675835,0.822266,0.046875,2
confirmation-1004,confirmation,general_qa,512,512,223,405,0.041257,0.417969,0.046875,2
confirmation-1005,confirmation,creative_writing,512,512,223,353,0.139489,0.496094,0.134766,2
confirmation-1006,confirmation,information_extraction,512,512,174,330,0.18664,0.480469,0.044922,2
confirmation-1007,confirmation,information_extraction,512,512,104,164,0.599214,0.640625,0.080078,2
confirmation-1008,confirmation,classification,512,512,160,311,0.157171,0.513672,0.050781,2
confirmation-1009,confirmation,open_qa,512,512,162,331,0.1611,0.511719,0.023438,2
confirmation-1010,confirmation,classification,512,512,54,79,0.833006,0.933594,0.013672,2
confirmation-1011,confirmation,classification,512,512,167,331,0.143418,0.484375,0.052734,2
confirmation-1012,confirmation,closed_qa,512,512,143,281,0.265226,0.5,0.033203,2
confirmation-1013,confirmation,creative_writing,512,512,173,313,0.192534,0.457031,0.064453,2
confirmation-1014,confirmation,open_qa,512,512,169,326,0.166994,0.484375,0.027344,2
confirmation-1015,confirmation,general_qa,512,512,180,356,0.100196,0.474609,0.046875,2
confirmation-1016,confirmation,brainstorming,512,512,74,101,0.791749,0.894531,0.287109,2
confirmation-1017,confirmation,information_extraction,512,512,111,221,0.353635,0.619141,0.0625,2
confirmation-1018,confirmation,general_qa,512,512,221,401,0.060904,0.466797,0.058594,2
confirmation-1019,confirmation,open_qa,512,512,182,337,0.11002,0.455078,0.078125,2
confirmation-1020,confirmation,information_extraction,512,512,88,186,0.37721,0.625,0.070312,2
confirmation-1021,confirmation,brainstorming,512,512,207,395,0.062868,0.455078,0.037109,2
confirmation-1022,confirmation,general_qa,512,512,194,388,0.056974,0.460938,0.03125,2
confirmation-1023,confirmation,general_qa,512,512,177,298,0.328094,0.441406,0.042969,2
confirmation-1024,confirmation,open_qa,512,512,180,328,0.210216,0.498047,0.050781,3
confirmation-1025,confirmation,classification,512,512,223,410,0.021611,0.414062,0.046875,2
confirmation-1026,confirmation,open_qa,512,512,190,370,0.11002,0.476562,0.037109,2
confirmation-1027,confirmation,brainstorming,512,512,193,382,0.037328,0.509766,0.039062,2
confirmation-1028,confirmation,general_qa,512,512,59,107,0.683694,0.847656,0.054688,2
confirmation-1029,confirmation,general_qa,512,512,125,270,0.231827,0.599609,0.074219,2
confirmation-1030,confirmation,open_qa,512,512,210,377,0.094303,0.439453,0.048828,3
confirmation-1031,confirmation,brainstorming,512,512,204,370,0.098232,0.466797,0.060547,2
confirmation-1032,confirmation,open_qa,512,512,195,399,0.033399,0.482422,0.0625,2
confirmation-1033,confirmation,general_qa,512,512,101,166,0.536346,0.789062,0.181641,2
confirmation-1034,confirmation,information_extraction,512,512,208,391,0.060904,0.482422,0.023438,2
confirmation-1035,confirmation,open_qa,512,512,108,198,0.383104,0.789062,0.099609,2
confirmation-1036,confirmation,closed_qa,512,512,98,184,0.563851,0.550781,0.039062,2
confirmation-1037,confirmation,open_qa,512,512,182,307,0.269155,0.46875,0.083984,2
confirmation-1038,confirmation,classification,512,512,238,418,0.031434,0.390625,0.044922,2
confirmation-1039,confirmation,summarization,512,512,72,124,0.656189,0.650391,0.091797,2
confirmation-1040,confirmation,creative_writing,512,512,117,255,0.233792,0.652344,0.03125,2
confirmation-1041,confirmation,brainstorming,512,512,169,313,0.233792,0.521484,0.072266,2
confirmation-1042,confirmation,classification,512,512,191,356,0.090373,0.423828,0.058594,2
confirmation-1043,confirmation,open_qa,512,512,102,199,0.412574,0.693359,0.066406,2
confirmation-1044,confirmation,summarization,512,512,128,251,0.308448,0.642578,0.064453,2
confirmation-1045,confirmation,open_qa,512,512,164,310,0.214145,0.533203,0.029297,2
confirmation-1046,confirmation,open_qa,512,512,178,349,0.102161,0.484375,0.068359,2
confirmation-1047,confirmation,open_qa,512,512,126,206,0.518664,0.484375,0.044922,2
confirmation-1048,confirmation,creative_writing,512,512,210,396,0.045187,0.433594,0.058594,2
confirmation-1049,confirmation,summarization,512,512,161,279,0.310413,0.527344,0.072266,3
confirmation-1050,confirmation,open_qa,512,512,166,293,0.235756,0.439453,0.066406,2
confirmation-1051,confirmation,general_qa,512,512,166,305,0.182711,0.480469,0.066406,2
confirmation-1052,confirmation,open_qa,512,512,183,364,0.076621,0.529297,0.027344,2
confirmation-1053,confirmation,general_qa,512,512,87,154,0.554028,0.791016,0.146484,1
confirmation-1054,confirmation,classification,512,512,176,338,0.117878,0.515625,0.066406,2
confirmation-1055,confirmation,information_extraction,512,512,146,280,0.282908,0.519531,0.029297,3
confirmation-1056,confirmation,classification,512,512,159,319,0.141454,0.552734,0.074219,2
confirmation-1057,confirmation,brainstorming,512,512,148,287,0.170923,0.548828,0.056641,2
confirmation-1058,confirmation,general_qa,512,512,165,270,0.394892,0.429688,0.097656,2
confirmation-1059,confirmation,summarization,512,512,54,75,0.831041,0.919922,0.535156,2
confirmation-1060,confirmation,open_qa,512,512,181,348,0.11002,0.462891,0.035156,2
confirmation-1061,confirmation,open_qa,512,512,167,289,0.288802,0.490234,0.027344,2
confirmation-1062,confirmation,open_qa,512,512,182,363,0.070727,0.492188,0.027344,2
confirmation-1063,confirmation,brainstorming,512,512,174,286,0.284872,0.582031,0.115234,2
confirmation-1064,confirmation,open_qa,512,512,118,170,0.591356,0.574219,0.087891,2
confirmation-1065,confirmation,closed_qa,512,512,198,360,0.10609,0.4375,0.015625,2
confirmation-1066,confirmation,general_qa,512,512,213,367,0.086444,0.472656,0.064453,2
confirmation-1067,confirmation,open_qa,512,512,156,334,0.11002,0.568359,0.029297,2
confirmation-1068,confirmation,classification,512,512,104,220,0.314342,0.703125,0.070312,2
confirmation-1069,confirmation,summarization,512,512,183,340,0.129666,0.488281,0.029297,2
confirmation-1070,confirmation,information_extraction,512,512,109,230,0.335953,0.544922,0.039062,2
confirmation-1071,confirmation,general_qa,512,512,78,139,0.603143,0.691406,0.132812,2
confirmation-1072,confirmation,summarization,512,512,160,265,0.320236,0.4375,0.025391,2
confirmation-1073,confirmation,open_qa,512,512,126,213,0.467583,0.683594,0.128906,2
confirmation-1074,confirmation,summarization,512,512,90,160,0.583497,0.583984,0.046875,2
confirmation-1075,confirmation,closed_qa,512,512,162,237,0.483301,0.400391,0.035156,2
confirmation-1076,confirmation,information_extraction,512,512,212,398,0.037328,0.472656,0.029297,3
confirmation-1077,confirmation,open_qa,512,512,108,219,0.361493,0.599609,0.140625,2
confirmation-1078,confirmation,brainstorming,512,512,151,270,0.314342,0.525391,0.017578,2
confirmation-1079,confirmation,summarization,512,512,87,151,0.605108,0.816406,0.033203,2
confirmation-1080,confirmation,open_qa,512,512,172,337,0.151277,0.472656,0.039062,2
confirmation-1081,confirmation,open_qa,512,512,116,229,0.282908,0.527344,0.074219,1
confirmation-1082,confirmation,brainstorming,512,512,171,334,0.19057,0.470703,0.085938,2
confirmation-1083,confirmation,classification,512,512,22,33,0.882122,0.996094,0.0,1
confirmation-1084,confirmation,classification,512,512,136,234,0.414538,0.505859,0.095703,2
confirmation-1085,confirmation,information_extraction,512,512,219,392,0.039293,0.449219,0.03125,2
confirmation-1086,confirmation,classification,512,512,145,261,0.355599,0.529297,0.042969,2
confirmation-1087,confirmation,information_extraction,512,512,80,145,0.585462,0.724609,0.066406,2
confirmation-1088,confirmation,brainstorming,512,512,213,385,0.086444,0.453125,0.041016,2
confirmation-1089,confirmation,information_extraction,512,512,135,226,0.444008,0.554688,0.015625,2
confirmation-1090,confirmation,closed_qa,512,512,133,231,0.357564,0.580078,0.103516,2
confirmation-1091,confirmation,classification,512,512,118,240,0.400786,0.689453,0.019531,2
confirmation-1092,confirmation,classification,512,512,33,49,0.86444,0.974609,0.003906,2
confirmation-1093,confirmation,open_qa,512,512,132,237,0.371316,0.578125,0.048828,2
confirmation-1094,confirmation,brainstorming,512,512,177,320,0.196464,0.482422,0.033203,2
confirmation-1095,confirmation,open_qa,512,512,160,280,0.282908,0.511719,0.03125,2
confirmation-1096,confirmation,summarization,512,512,200,357,0.084479,0.492188,0.048828,2
confirmation-1097,confirmation,information_extraction,512,512,91,155,0.614931,0.558594,0.048828,2
confirmation-1098,confirmation,classification,512,512,201,361,0.092338,0.474609,0.029297,3
confirmation-1099,confirmation,classification,512,512,188,357,0.096267,0.474609,0.0625,2
confirmation-1100,confirmation,open_qa,512,512,115,178,0.506876,0.505859,0.085938,2
confirmation-1101,confirmation,closed_qa,512,512,108,159,0.636542,0.728516,0.107422,2
confirmation-1102,confirmation,classification,512,512,5,7,0.97053,1.0,0.0,1
confirmation-1103,confirmation,open_qa,512,512,133,252,0.288802,0.546875,0.023438,2
confirmation-1104,confirmation,open_qa,512,512,137,262,0.222004,0.603516,0.111328,2
confirmation-1105,confirmation,general_qa,512,512,202,390,0.045187,0.464844,0.044922,2
confirmation-1106,confirmation,classification,512,512,249,442,0.009823,0.412109,0.027344,2
confirmation-1107,confirmation,closed_qa,512,512,143,294,0.198428,0.548828,0.074219,2
confirmation-1108,confirmation,brainstorming,512,512,116,204,0.534381,0.496094,0.054688,2
confirmation-1109,confirmation,classification,512,512,139,252,0.3222,0.556641,0.025391,2
confirmation-1110,confirmation,open_qa,512,512,232,423,0.035363,0.423828,0.041016,2
confirmation-1111,confirmation,closed_qa,512,512,137,294,0.157171,0.587891,0.041016,2
confirmation-1112,confirmation,general_qa,512,512,177,339,0.141454,0.501953,0.046875,2
confirmation-1113,confirmation,classification,512,512,155,273,0.277014,0.517578,0.103516,2
confirmation-1114,confirmation,open_qa,512,512,108,187,0.449902,0.644531,0.068359,2
confirmation-1115,confirmation,open_qa,512,512,89,137,0.689587,0.845703,0.484375,2
confirmation-1116,confirmation,classification,512,512,20,118,0.27112,1.0,0.0,2
confirmation-1117,confirmation,open_qa,512,512,69,104,0.662083,0.699219,0.140625,2
confirmation-1118,confirmation,open_qa,512,512,195,349,0.163065,0.523438,0.027344,2
confirmation-1119,confirmation,information_extraction,512,512,78,107,0.766208,0.734375,0.103516,2
confirmation-1120,confirmation,information_extraction,512,512,115,195,0.502947,0.574219,0.074219,2
confirmation-1121,confirmation,closed_qa,512,512,148,319,0.115914,0.566406,0.03125,2
confirmation-1122,confirmation,summarization,512,512,134,266,0.278978,0.527344,0.060547,2
confirmation-1123,confirmation,closed_qa,512,512,162,310,0.204322,0.453125,0.033203,2
confirmation-1124,confirmation,general_qa,512,512,204,387,0.062868,0.46875,0.074219,2
confirmation-1125,confirmation,closed_qa,512,512,135,197,0.528487,0.490234,0.060547,2
confirmation-1126,confirmation,creative_writing,512,512,129,261,0.206287,0.605469,0.066406,2
confirmation-1127,confirmation,classification,512,512,158,239,0.447937,0.607422,0.025391,2
confirmation-1128,confirmation,classification,512,512,224,413,0.039293,0.392578,0.027344,2
confirmation-1129,confirmation,brainstorming,512,512,236,435,0.037328,0.447266,0.035156,2
confirmation-1130,confirmation,information_extraction,512,512,216,404,0.023576,0.451172,0.019531,2
confirmation-1131,confirmation,brainstorming,512,512,97,199,0.422397,0.664062,0.009766,1
confirmation-1132,confirmation,open_qa,512,512,85,137,0.601179,0.708984,0.107422,2
confirmation-1133,confirmation,classification,512,512,154,266,0.282908,0.558594,0.015625,2
confirmation-1134,confirmation,closed_qa,512,512,218,395,0.058939,0.453125,0.037109,2
confirmation-1135,confirmation,closed_qa,512,512,77,109,0.742633,0.873047,0.009766,372
confirmation-1136,confirmation,creative_writing,512,512,103,211,0.426326,0.626953,0.019531,2
confirmation-1137,confirmation,general_qa,512,512,127,256,0.243615,0.611328,0.056641,2
confirmation-1138,confirmation,brainstorming,512,512,136,277,0.253438,0.5625,0.03125,2
confirmation-1139,confirmation,classification,512,512,166,267,0.392927,0.447266,0.070312,2
confirmation-1140,confirmation,information_extraction,512,512,140,295,0.145383,0.552734,0.013672,1
confirmation-1141,confirmation,information_extraction,512,512,168,308,0.172888,0.589844,0.070312,2
confirmation-1142,confirmation,open_qa,512,512,175,361,0.098232,0.537109,0.050781,2
confirmation-1143,confirmation,open_qa,512,512,64,121,0.638507,0.710938,0.03125,2
confirmation-1144,confirmation,open_qa,512,512,108,214,0.369352,0.585938,0.048828,2
confirmation-1145,confirmation,open_qa,512,512,109,199,0.495088,0.578125,0.050781,2
confirmation-1146,confirmation,open_qa,512,512,156,291,0.218075,0.603516,0.025391,2
confirmation-1147,confirmation,information_extraction,512,512,43,74,0.777996,0.945312,0.119141,2
confirmation-1148,confirmation,open_qa,512,512,210,376,0.086444,0.480469,0.027344,2
confirmation-1149,confirmation,creative_writing,512,512,172,292,0.320236,0.457031,0.050781,2
confirmation-1150,confirmation,general_qa,512,512,104,184,0.510806,0.587891,0.042969,1
confirmation-1151,confirmation,summarization,512,512,90,156,0.614931,0.666016,0.037109,2
confirmation-1152,confirmation,open_qa,512,512,113,168,0.612967,0.527344,0.083984,2
confirmation-1153,confirmation,general_qa,512,512,113,209,0.390963,0.595703,0.035156,2
confirmation-1154,confirmation,information_extraction,512,512,186,354,0.104126,0.496094,0.029297,2
confirmation-1155,confirmation,open_qa,512,512,169,345,0.123772,0.482422,0.083984,2
confirmation-1156,confirmation,summarization,512,512,179,335,0.155206,0.509766,0.048828,2
confirmation-1157,confirmation,classification,512,512,123,219,0.387033,0.507812,0.111328,2
confirmation-1158,confirmation,general_qa,512,512,220,377,0.13556,0.449219,0.054688,2
confirmation-1159,confirmation,open_qa,512,512,162,335,0.151277,0.5,0.042969,2
confirmation-1160,confirmation,open_qa,512,512,184,328,0.208251,0.427734,0.039062,2
confirmation-1161,confirmation,brainstorming,512,512,177,356,0.102161,0.515625,0.03125,2
confirmation-1162,confirmation,open_qa,512,512,187,353,0.131631,0.474609,0.056641,2
confirmation-1163,confirmation,open_qa,512,512,181,397,0.033399,0.480469,0.03125,2
confirmation-1164,confirmation,open_qa,512,512,64,104,0.715128,0.900391,0.140625,3
confirmation-1165,confirmation,closed_qa,512,512,103,174,0.540275,0.689453,0.080078,2
confirmation-1166,confirmation,open_qa,512,512,192,356,0.082515,0.517578,0.035156,3
confirmation-1167,confirmation,open_qa,512,512,193,375,0.045187,0.507812,0.027344,2
confirmation-1168,confirmation,classification,512,512,85,141,0.62279,0.841797,0.271484,2
confirmation-1169,confirmation,general_qa,512,512,207,386,0.070727,0.435547,0.021484,2
confirmation-1170,confirmation,open_qa,512,512,182,344,0.102161,0.523438,0.039062,2
confirmation-1171,confirmation,closed_qa,512,512,155,270,0.269155,0.484375,0.046875,2
confirmation-1172,confirmation,closed_qa,512,512,126,214,0.422397,0.582031,0.095703,2
confirmation-1173,confirmation,information_extraction,512,512,91,168,0.495088,0.664062,0.039062,2
confirmation-1174,confirmation,general_qa,512,512,173,307,0.284872,0.535156,0.052734,2
confirmation-1175,confirmation,closed_qa,512,512,71,134,0.620825,0.785156,0.060547,3
confirmation-1176,confirmation,closed_qa,512,512,82,167,0.481336,0.775391,0.0625,3
confirmation-1177,confirmation,general_qa,512,512,61,89,0.785855,0.583984,0.080078,2
confirmation-1178,confirmation,brainstorming,512,512,163,287,0.32613,0.609375,0.027344,2
confirmation-1179,confirmation,classification,512,512,109,221,0.347741,0.613281,0.076172,2
confirmation-1180,confirmation,general_qa,512,512,201,406,0.021611,0.427734,0.023438,2
confirmation-1181,confirmation,open_qa,512,512,173,329,0.125737,0.494141,0.044922,2
confirmation-1182,confirmation,summarization,512,512,185,363,0.102161,0.507812,0.042969,2
confirmation-1183,confirmation,open_qa,512,512,146,308,0.139489,0.525391,0.03125,2
confirmation-1184,confirmation,brainstorming,512,512,187,361,0.119843,0.445312,0.052734,2
confirmation-1185,confirmation,closed_qa,512,512,147,259,0.379175,0.455078,0.023438,2
confirmation-1186,confirmation,brainstorming,512,512,172,355,0.092338,0.460938,0.054688,2
confirmation-1187,confirmation,summarization,512,512,223,402,0.05501,0.417969,0.021484,2
confirmation-1188,confirmation,general_qa,512,512,214,387,0.084479,0.478516,0.056641,2
confirmation-1189,confirmation,brainstorming,512,512,58,103,0.691552,0.759766,0.080078,2
confirmation-1190,confirmation,summarization,512,512,159,331,0.143418,0.505859,0.039062,2
confirmation-1191,confirmation,general_qa,512,512,174,328,0.131631,0.501953,0.019531,2
confirmation-1192,confirmation,summarization,512,512,102,182,0.495088,0.615234,0.033203,2
confirmation-1193,confirmation,general_qa,512,512,220,386,0.094303,0.439453,0.070312,2
confirmation-1194,confirmation,creative_writing,512,512,224,408,0.031434,0.427734,0.0625,2
confirmation-1195,confirmation,open_qa,512,512,76,129,0.638507,0.613281,0.0625,2
confirmation-1196,confirmation,closed_qa,512,512,183,330,0.220039,0.429688,0.035156,2
confirmation-1197,confirmation,general_qa,512,512,196,353,0.153242,0.443359,0.082031,4
confirmation-1198,confirmation,general_qa,512,512,227,419,0.039293,0.431641,0.060547,2
confirmation-1199,confirmation,open_qa,512,512,215,410,0.049116,0.435547,0.039062,2
confirmation-1200,confirmation,closed_qa,512,512,126,233,0.371316,0.484375,0.046875,2
confirmation-1201,confirmation,closed_qa,512,512,85,175,0.445972,0.722656,0.023438,2
confirmation-1202,confirmation,open_qa,512,512,120,206,0.410609,0.722656,0.105469,2
confirmation-1203,confirmation,brainstorming,512,512,103,196,0.381139,0.705078,0.054688,2
confirmation-1204,confirmation,general_qa,512,512,74,148,0.459725,0.732422,0.058594,2
confirmation-1205,confirmation,closed_qa,512,512,54,82,0.770138,0.876953,0.154297,2
confirmation-1206,confirmation,open_qa,512,512,207,405,0.056974,0.414062,0.044922,2
confirmation-1207,confirmation,information_extraction,512,512,74,123,0.589391,0.787109,0.128906,2
confirmation-1208,confirmation,closed_qa,512,512,156,314,0.18664,0.498047,0.03125,2
confirmation-1209,confirmation,information_extraction,512,512,66,110,0.756385,0.613281,0.037109,2
confirmation-1210,confirmation,brainstorming,512,512,125,241,0.292731,0.644531,0.046875,2
confirmation-1211,confirmation,information_extraction,512,512,130,233,0.383104,0.527344,0.041016,2
confirmation-1212,confirmation,summarization,512,512,47,61,0.850688,0.947266,0.033203,2
confirmation-1213,confirmation,classification,512,512,148,280,0.27112,0.5,0.072266,2
confirmation-1214,confirmation,general_qa,512,512,180,350,0.141454,0.490234,0.039062,2
confirmation-1215,confirmation,open_qa,512,512,45,73,0.817289,0.71875,0.056641,2
confirmation-1216,confirmation,classification,512,512,116,234,0.328094,0.638672,0.177734,2
confirmation-1217,confirmation,closed_qa,512,512,74,154,0.51277,0.753906,0.019531,2
confirmation-1218,confirmation,open_qa,512,512,188,357,0.100196,0.488281,0.039062,2
confirmation-1219,confirmation,classification,512,512,207,384,0.056974,0.449219,0.039062,2
confirmation-1220,confirmation,open_qa,512,512,91,181,0.459725,0.744141,0.029297,3
confirmation-1221,confirmation,general_qa,512,512,179,341,0.147348,0.458984,0.048828,2
confirmation-1222,confirmation,closed_qa,512,512,152,327,0.102161,0.542969,0.021484,2
confirmation-1223,confirmation,open_qa,512,512,140,304,0.117878,0.548828,0.023438,2
confirmation-1224,confirmation,closed_qa,512,512,224,405,0.05501,0.478516,0.027344,3
confirmation-1225,confirmation,classification,512,512,58,100,0.719057,0.824219,0.154297,2
confirmation-1226,confirmation,creative_writing,512,512,184,308,0.286837,0.458984,0.039062,2
confirmation-1227,confirmation,general_qa,512,512,140,246,0.390963,0.507812,0.027344,2
confirmation-1228,confirmation,open_qa,512,512,59,110,0.64833,0.785156,0.068359,2
confirmation-1229,confirmation,information_extraction,512,512,59,114,0.630648,0.816406,0.037109,3
confirmation-1230,confirmation,summarization,512,512,129,292,0.214145,0.59375,0.015625,2
confirmation-1231,confirmation,brainstorming,512,512,99,154,0.603143,0.771484,0.126953,2
confirmation-1232,confirmation,classification,512,512,198,322,0.227898,0.464844,0.037109,2
confirmation-1233,confirmation,open_qa,512,512,86,152,0.53831,0.6875,0.087891,2
confirmation-1234,confirmation,brainstorming,512,512,208,384,0.086444,0.457031,0.052734,2
confirmation-1235,confirmation,creative_writing,512,512,184,364,0.084479,0.447266,0.039062,2
confirmation-1236,confirmation,closed_qa,512,512,92,178,0.469548,0.634766,0.085938,2
confirmation-1237,confirmation,creative_writing,512,512,206,352,0.117878,0.503906,0.039062,3
confirmation-1238,confirmation,closed_qa,512,512,188,359,0.056974,0.496094,0.027344,2
confirmation-1239,confirmation,creative_writing,512,512,55,118,0.481336,0.755859,0.089844,2
confirmation-1240,confirmation,brainstorming,512,512,208,394,0.05501,0.46875,0.074219,2
confirmation-1241,confirmation,brainstorming,512,512,134,220,0.465619,0.476562,0.054688,2
confirmation-1242,confirmation,open_qa,512,512,194,353,0.163065,0.472656,0.089844,2
confirmation-1243,confirmation,summarization,512,512,165,335,0.117878,0.519531,0.027344,2
confirmation-1244,confirmation,classification,512,512,179,364,0.049116,0.509766,0.054688,3
confirmation-1245,confirmation,closed_qa,512,512,133,225,0.453831,0.503906,0.039062,2
confirmation-1246,confirmation,closed_qa,512,512,150,267,0.35167,0.449219,0.03125,2
confirmation-1247,confirmation,brainstorming,512,512,194,323,0.206287,0.431641,0.126953,2
confirmation-1248,confirmation,classification,512,512,61,108,0.599214,0.884766,0.0,1
confirmation-1249,confirmation,classification,512,512,107,158,0.563851,0.595703,0.03125,1
confirmation-1250,confirmation,brainstorming,512,512,108,169,0.616896,0.453125,0.082031,2
confirmation-1251,confirmation,open_qa,512,512,167,318,0.166994,0.517578,0.054688,3
confirmation-1252,confirmation,classification,512,512,94,184,0.418468,0.701172,0.066406,2
confirmation-1253,confirmation,open_qa,512,512,194,368,0.076621,0.466797,0.044922,2
confirmation-1254,confirmation,brainstorming,512,512,155,261,0.396857,0.462891,0.109375,2
confirmation-1255,confirmation,summarization,512,512,98,147,0.664047,0.658203,0.058594,2
confirmation-1256,confirmation,open_qa,512,512,153,294,0.267191,0.486328,0.037109,2
confirmation-1257,confirmation,closed_qa,512,512,44,63,0.834971,0.929688,0.166016,2
confirmation-1258,confirmation,summarization,512,512,138,264,0.282908,0.544922,0.136719,2
confirmation-1259,confirmation,general_qa,512,512,208,392,0.096267,0.427734,0.064453,2
confirmation-1260,confirmation,summarization,512,512,211,401,0.035363,0.431641,0.033203,2
confirmation-1261,confirmation,open_qa,512,512,139,278,0.229862,0.568359,0.103516,2
confirmation-1262,confirmation,classification,512,512,73,118,0.681729,0.857422,0.087891,2
confirmation-1263,confirmation,general_qa,512,512,224,421,0.047151,0.435547,0.050781,2
confirmation-1264,confirmation,brainstorming,512,512,231,409,0.02554,0.419922,0.041016,2
confirmation-1265,confirmation,brainstorming,512,512,199,393,0.035363,0.414062,0.013672,1
confirmation-1266,confirmation,general_qa,512,512,173,294,0.300589,0.537109,0.101562,2
confirmation-1267,confirmation,open_qa,512,512,90,155,0.646365,0.554688,0.042969,2
confirmation-1268,confirmation,open_qa,512,512,150,281,0.263261,0.583984,0.089844,2
confirmation-1269,confirmation,general_qa,512,512,64,114,0.660118,0.847656,0.113281,2
confirmation-1270,confirmation,open_qa,512,512,197,385,0.056974,0.466797,0.064453,2
confirmation-1271,confirmation,creative_writing,512,512,69,122,0.681729,0.703125,0.035156,3
confirmation-1272,confirmation,summarization,512,512,110,187,0.434185,0.617188,0.066406,2
confirmation-1273,confirmation,brainstorming,512,512,153,286,0.347741,0.501953,0.037109,2
confirmation-1274,confirmation,closed_qa,512,512,247,415,0.05501,0.414062,0.050781,2
confirmation-1275,confirmation,open_qa,512,512,183,345,0.123772,0.484375,0.044922,2
confirmation-1276,confirmation,open_qa,512,512,69,144,0.467583,0.791016,0.054688,2
confirmation-1277,confirmation,general_qa,512,512,206,415,0.02554,0.453125,0.027344,2
confirmation-1278,confirmation,information_extraction,512,512,136,286,0.163065,0.564453,0.009766,3
confirmation-1279,confirmation,open_qa,512,512,206,373,0.086444,0.460938,0.035156,3
confirmation-1280,confirmation,open_qa,512,512,180,371,0.084479,0.492188,0.019531,2
confirmation-1281,confirmation,information_extraction,512,512,168,330,0.090373,0.492188,0.056641,2
confirmation-1282,confirmation,classification,512,512,72,154,0.550098,0.6875,0.074219,2
confirmation-1283,confirmation,open_qa,512,512,116,206,0.467583,0.521484,0.027344,2
confirmation-1284,confirmation,classification,512,512,221,356,0.166994,0.373047,0.035156,2
confirmation-1285,confirmation,classification,512,512,125,204,0.530452,0.742188,0.033203,186
confirmation-1286,confirmation,open_qa,512,512,143,245,0.387033,0.457031,0.0625,2
confirmation-1287,confirmation,closed_qa,512,512,171,340,0.184676,0.480469,0.085938,2
confirmation-1288,confirmation,creative_writing,512,512,188,360,0.157171,0.498047,0.091797,2
confirmation-1289,confirmation,open_qa,512,512,113,235,0.300589,0.578125,0.042969,2
confirmation-1290,confirmation,closed_qa,512,512,113,191,0.493124,0.523438,0.076172,2
confirmation-1291,confirmation,open_qa,512,512,185,374,0.068762,0.521484,0.050781,2
confirmation-1292,confirmation,closed_qa,512,512,153,309,0.257367,0.589844,0.0,114
confirmation-1293,confirmation,information_extraction,512,512,195,353,0.145383,0.464844,0.074219,2
confirmation-1294,confirmation,information_extraction,512,512,83,162,0.546169,0.615234,0.03125,2
confirmation-1295,confirmation,information_extraction,512,512,60,101,0.721022,0.75,0.072266,3
confirmation-1296,confirmation,information_extraction,512,512,180,324,0.139489,0.558594,0.015625,2
confirmation-1297,confirmation,brainstorming,512,512,169,288,0.269155,0.486328,0.027344,2
confirmation-1298,confirmation,creative_writing,512,512,208,383,0.041257,0.441406,0.042969,2
confirmation-1299,confirmation,closed_qa,512,512,165,299,0.184676,0.511719,0.027344,2
confirmation-1300,confirmation,brainstorming,512,512,175,356,0.062868,0.552734,0.027344,2
confirmation-1301,confirmation,summarization,512,512,110,192,0.51277,0.591797,0.054688,2
confirmation-1302,confirmation,information_extraction,512,512,183,357,0.066798,0.472656,0.042969,2
confirmation-1303,confirmation,brainstorming,512,512,216,361,0.194499,0.417969,0.085938,2
confirmation-1304,confirmation,open_qa,512,512,121,185,0.491159,0.662109,0.082031,2
confirmation-1305,confirmation,general_qa,512,512,185,383,0.08055,0.445312,0.048828,2
confirmation-1306,confirmation,closed_qa,512,512,124,225,0.361493,0.564453,0.019531,2
confirmation-1307,confirmation,general_qa,512,512,193,376,0.078585,0.470703,0.068359,2
confirmation-1308,confirmation,classification,512,512,213,401,0.049116,0.460938,0.048828,2
confirmation-1309,confirmation,open_qa,512,512,209,392,0.056974,0.480469,0.03125,2
confirmation-1310,confirmation,summarization,512,512,179,369,0.076621,0.46875,0.019531,2
confirmation-1311,confirmation,creative_writing,512,512,160,300,0.182711,0.544922,0.083984,2
confirmation-1312,confirmation,classification,512,512,62,102,0.658153,0.888672,0.199219,2
confirmation-1313,confirmation,open_qa,512,512,116,231,0.310413,0.658203,0.050781,2
confirmation-1314,confirmation,general_qa,512,512,203,371,0.121807,0.445312,0.074219,2
confirmation-1315,confirmation,brainstorming,512,512,122,281,0.151277,0.599609,0.021484,2
confirmation-1316,confirmation,general_qa,512,512,112,168,0.587426,0.611328,0.115234,2
confirmation-1317,confirmation,general_qa,512,512,169,317,0.222004,0.4375,0.095703,2
confirmation-1318,confirmation,open_qa,512,512,181,366,0.064833,0.494141,0.078125,2
confirmation-1319,confirmation,open_qa,512,512,26,49,0.866405,0.960938,0.001953,2
confirmation-1320,confirmation,general_qa,512,512,200,375,0.070727,0.505859,0.050781,2
confirmation-1321,confirmation,open_qa,512,512,216,402,0.027505,0.40625,0.041016,11
confirmation-1322,confirmation,open_qa,512,512,202,400,0.064833,0.449219,0.037109,2
confirmation-1323,confirmation,summarization,512,512,107,203,0.451866,0.585938,0.029297,2
confirmation-1324,confirmation,creative_writing,512,512,192,398,0.039293,0.462891,0.037109,2
confirmation-1325,confirmation,open_qa,512,512,144,248,0.328094,0.488281,0.033203,2
confirmation-1326,confirmation,closed_qa,512,512,118,230,0.379175,0.525391,0.019531,2
confirmation-1327,confirmation,information_extraction,512,512,177,344,0.155206,0.490234,0.021484,2
confirmation-1328,confirmation,brainstorming,512,512,244,436,0.02947,0.445312,0.03125,2
confirmation-1329,confirmation,open_qa,512,512,196,370,0.082515,0.460938,0.039062,2
confirmation-1330,confirmation,classification,512,512,104,193,0.361493,0.650391,0.125,2
confirmation-1331,confirmation,general_qa,512,512,197,342,0.200393,0.414062,0.046875,2
confirmation-1332,confirmation,closed_qa,512,512,108,193,0.469548,0.626953,0.097656,2
confirmation-1333,confirmation,open_qa,512,512,95,145,0.64833,0.732422,0.115234,2
confirmation-1334,confirmation,general_qa,512,512,168,315,0.206287,0.466797,0.041016,2
confirmation-1335,confirmation,information_extraction,512,512,122,211,0.469548,0.496094,0.033203,2
confirmation-1336,confirmation,classification,512,512,95,158,0.652259,0.566406,0.078125,2
confirmation-1337,confirmation,classification,512,512,90,152,0.589391,0.642578,0.132812,2
confirmation-1338,confirmation,open_qa,512,512,165,328,0.11002,0.576172,0.027344,2
confirmation-1339,confirmation,general_qa,512,512,189,380,0.076621,0.474609,0.039062,2
confirmation-1340,confirmation,classification,512,512,91,201,0.365422,0.697266,0.078125,2
confirmation-1341,confirmation,brainstorming,512,512,214,411,0.033399,0.458984,0.046875,2
confirmation-1342,confirmation,open_qa,512,512,184,299,0.275049,0.431641,0.044922,2
confirmation-1343,confirmation,closed_qa,512,512,87,150,0.599214,0.710938,0.125,2
confirmation-1344,confirmation,information_extraction,512,512,207,374,0.125737,0.458984,0.033203,2
confirmation-1345,confirmation,closed_qa,512,512,138,284,0.194499,0.556641,0.041016,2
confirmation-1346,confirmation,open_qa,512,512,153,328,0.149312,0.5,0.011719,1
confirmation-1347,confirmation,open_qa,512,512,138,231,0.343811,0.552734,0.054688,2
confirmation-1348,confirmation,open_qa,512,512,106,204,0.436149,0.619141,0.03125,2
confirmation-1349,confirmation,classification,512,512,71,126,0.587426,0.695312,0.019531,2
confirmation-1350,confirmation,information_extraction,512,512,142,285,0.222004,0.601562,0.066406,2
confirmation-1351,confirmation,classification,512,512,95,176,0.510806,0.763672,0.015625,2
confirmation-1352,confirmation,classification,512,512,142,289,0.18664,0.572266,0.0625,2
confirmation-1353,confirmation,general_qa,512,512,96,146,0.671906,0.447266,0.005859,1
confirmation-1354,confirmation,brainstorming,512,512,169,307,0.147348,0.486328,0.0625,2
confirmation-1355,confirmation,classification,512,512,209,368,0.078585,0.427734,0.064453,2
confirmation-1356,confirmation,open_qa,512,512,187,324,0.212181,0.458984,0.042969,3
confirmation-1357,confirmation,open_qa,512,512,202,391,0.058939,0.476562,0.011719,2
confirmation-1358,confirmation,summarization,512,512,194,360,0.115914,0.480469,0.041016,2
confirmation-1359,confirmation,closed_qa,512,512,169,348,0.141454,0.451172,0.066406,2
confirmation-1360,confirmation,general_qa,512,512,209,412,0.033399,0.464844,0.035156,2
confirmation-1361,confirmation,classification,512,512,72,119,0.689587,0.705078,0.074219,2
confirmation-1362,confirmation,open_qa,512,512,87,159,0.569745,0.705078,0.007812,1
confirmation-1363,confirmation,summarization,512,512,147,302,0.180747,0.544922,0.042969,2
confirmation-1364,confirmation,classification,512,512,101,155,0.569745,0.621094,0.083984,2
confirmation-1365,confirmation,information_extraction,512,512,107,225,0.434185,0.734375,0.248047,3
confirmation-1366,confirmation,summarization,512,512,158,300,0.172888,0.552734,0.027344,3
confirmation-1367,confirmation,classification,512,512,200,368,0.088409,0.478516,0.076172,2
confirmation-1368,confirmation,summarization,512,512,130,251,0.284872,0.601562,0.019531,2
confirmation-1369,confirmation,open_qa,512,512,143,325,0.129666,0.511719,0.046875,3
confirmation-1370,confirmation,classification,512,512,66,105,0.746562,0.90625,0.007812,2
confirmation-1371,confirmation,general_qa,512,512,203,364,0.098232,0.474609,0.076172,2
confirmation-1372,confirmation,open_qa,512,512,185,341,0.172888,0.460938,0.037109,2
confirmation-1373,confirmation,brainstorming,512,512,171,311,0.196464,0.472656,0.068359,2
confirmation-1374,confirmation,creative_writing,512,512,159,299,0.214145,0.529297,0.087891,2
confirmation-1375,confirmation,information_extraction,512,512,165,311,0.208251,0.476562,0.074219,3
confirmation-1376,confirmation,classification,512,512,183,342,0.174853,0.447266,0.056641,2
confirmation-1377,confirmation,classification,512,512,40,56,0.846758,0.960938,0.0,1
confirmation-1378,confirmation,open_qa,512,512,65,147,0.500982,0.746094,0.039062,2
confirmation-1379,confirmation,open_qa,512,512,153,264,0.341847,0.484375,0.078125,2
confirmation-1380,confirmation,closed_qa,512,512,22,26,0.946955,0.996094,0.0,1
confirmation-1381,confirmation,brainstorming,512,512,189,361,0.094303,0.496094,0.0625,2
confirmation-1382,confirmation,open_qa,512,512,185,348,0.141454,0.453125,0.052734,2
confirmation-1383,confirmation,closed_qa,512,512,172,315,0.223969,0.494141,0.041016,2
confirmation-1384,confirmation,classification,512,512,130,246,0.367387,0.548828,0.089844,2
confirmation-1385,confirmation,closed_qa,512,512,154,291,0.265226,0.486328,0.023438,2
confirmation-1386,confirmation,open_qa,512,512,86,135,0.499018,0.595703,0.167969,2
confirmation-1387,confirmation,open_qa,512,512,206,386,0.058939,0.416016,0.037109,2
confirmation-1388,confirmation,open_qa,512,512,187,335,0.10609,0.492188,0.039062,2
confirmation-1389,confirmation,information_extraction,512,512,152,326,0.086444,0.544922,0.023438,3
confirmation-1390,confirmation,information_extraction,512,512,180,332,0.147348,0.476562,0.027344,2
confirmation-1391,confirmation,open_qa,512,512,218,409,0.019646,0.427734,0.003906,1
confirmation-1392,confirmation,open_qa,512,512,117,204,0.477407,0.628906,0.078125,2
confirmation-1393,confirmation,open_qa,512,512,99,221,0.341847,0.632812,0.111328,3
confirmation-1394,confirmation,open_qa,512,512,191,381,0.060904,0.470703,0.023438,2
confirmation-1395,confirmation,open_qa,512,512,114,209,0.449902,0.628906,0.042969,2
confirmation-1396,confirmation,open_qa,512,512,137,260,0.312377,0.583984,0.025391,2
confirmation-1397,confirmation,open_qa,512,512,113,210,0.46169,0.583984,0.09375,2
confirmation-1398,confirmation,open_qa,512,512,177,359,0.045187,0.480469,0.027344,2
confirmation-1399,confirmation,open_qa,512,512,149,319,0.121807,0.550781,0.027344,2
confirmation-1400,confirmation,information_extraction,512,512,174,300,0.247544,0.474609,0.074219,2
confirmation-1401,confirmation,classification,512,512,170,347,0.125737,0.523438,0.050781,2
confirmation-1402,confirmation,brainstorming,512,512,182,377,0.078585,0.46875,0.066406,2
confirmation-1403,confirmation,open_qa,512,512,67,134,0.581532,0.869141,0.097656,2
confirmation-1404,confirmation,closed_qa,512,512,100,177,0.510806,0.546875,0.117188,2
confirmation-1405,confirmation,closed_qa,512,512,158,282,0.243615,0.441406,0.039062,2
confirmation-1406,confirmation,classification,512,512,129,249,0.328094,0.589844,0.087891,2
confirmation-1407,confirmation,brainstorming,512,512,161,305,0.1611,0.535156,0.017578,3
confirmation-1408,confirmation,open_qa,512,512,70,95,0.787819,0.851562,0.226562,2
confirmation-1409,confirmation,closed_qa,512,512,166,289,0.308448,0.484375,0.060547,2
confirmation-1410,confirmation,brainstorming,512,512,203,398,0.066798,0.478516,0.074219,2
confirmation-1411,confirmation,open_qa,512,512,200,398,0.062868,0.4375,0.066406,2
confirmation-1412,confirmation,general_qa,512,512,194,372,0.068762,0.507812,0.023438,2
confirmation-1413,confirmation,closed_qa,512,512,125,241,0.312377,0.556641,0.056641,3
confirmation-1414,confirmation,information_extraction,512,512,214,408,0.019646,0.464844,0.019531,2
confirmation-1415,confirmation,information_extraction,512,512,103,208,0.381139,0.564453,0.068359,2
confirmation-1416,confirmation,open_qa,512,512,168,297,0.261297,0.486328,0.050781,3
confirmation-1417,confirmation,closed_qa,512,512,141,273,0.300589,0.509766,0.058594,2
confirmation-1418,confirmation,open_qa,512,512,176,331,0.125737,0.501953,0.019531,2
confirmation-1419,confirmation,open_qa,512,512,14,16,0.964637,1.0,0.091797,1
confirmation-1420,confirmation,classification,512,512,118,195,0.495088,0.535156,0.101562,2
confirmation-1421,confirmation,open_qa,512,512,79,156,0.45776,0.759766,0.060547,2
confirmation-1422,confirmation,brainstorming,512,512,233,408,0.090373,0.414062,0.066406,2
confirmation-1423,confirmation,open_qa,512,512,113,206,0.449902,0.664062,0.0625,2
confirmation-1424,confirmation,brainstorming,512,512,120,217,0.392927,0.572266,0.064453,2
confirmation-1425,confirmation,closed_qa,512,512,152,301,0.233792,0.494141,0.044922,3
confirmation-1426,confirmation,open_qa,512,512,206,400,0.035363,0.480469,0.027344,2
confirmation-1427,confirmation,summarization,512,512,135,266,0.304519,0.589844,0.03125,2
confirmation-1428,confirmation,brainstorming,512,512,121,226,0.410609,0.527344,0.03125,2
confirmation-1429,confirmation,general_qa,512,512,105,185,0.442043,0.662109,0.033203,2
confirmation-1430,confirmation,summarization,512,512,65,119,0.660118,0.736328,0.056641,3
confirmation-1431,confirmation,creative_writing,512,512,127,295,0.159136,0.535156,0.054688,2
confirmation-1432,confirmation,closed_qa,512,512,188,356,0.123772,0.445312,0.037109,2
confirmation-1433,confirmation,closed_qa,512,512,128,238,0.373281,0.568359,0.078125,3
confirmation-1434,confirmation,closed_qa,512,512,95,165,0.59332,0.601562,0.119141,2
confirmation-1435,confirmation,open_qa,512,512,180,371,0.10609,0.505859,0.056641,2
confirmation-1436,confirmation,summarization,512,512,115,246,0.261297,0.558594,0.029297,2
confirmation-1437,confirmation,open_qa,512,512,132,177,0.530452,0.675781,0.019531,2
confirmation-1438,confirmation,open_qa,512,512,242,446,0.001965,0.419922,0.056641,2
confirmation-1439,confirmation,closed_qa,512,512,136,315,0.153242,0.527344,0.027344,2
confirmation-1440,confirmation,general_qa,512,512,216,400,0.060904,0.455078,0.066406,2
confirmation-1441,confirmation,closed_qa,512,512,127,227,0.414538,0.542969,0.064453,3
confirmation-1442,confirmation,brainstorming,512,512,159,336,0.11002,0.513672,0.019531,2
confirmation-1443,confirmation,classification,512,512,215,362,0.182711,0.386719,0.056641,2
confirmation-1444,confirmation,open_qa,512,512,57,82,0.797642,0.777344,0.066406,2
confirmation-1445,confirmation,brainstorming,512,512,169,329,0.102161,0.529297,0.037109,2
confirmation-1446,confirmation,information_extraction,512,512,163,324,0.119843,0.539062,0.074219,2
confirmation-1447,confirmation,open_qa,512,512,62,101,0.740668,0.900391,0.099609,3
confirmation-1448,confirmation,open_qa,512,512,228,427,0.013752,0.412109,0.035156,2
confirmation-1449,confirmation,open_qa,512,512,92,127,0.724951,0.835938,0.082031,2
confirmation-1450,confirmation,closed_qa,512,512,155,280,0.259332,0.595703,0.03125,2
confirmation-1451,confirmation,closed_qa,512,512,86,164,0.536346,0.654297,0.042969,1
confirmation-1452,confirmation,open_qa,512,512,197,396,0.049116,0.439453,0.041016,2
confirmation-1453,confirmation,summarization,512,512,184,351,0.139489,0.423828,0.039062,2
confirmation-1454,confirmation,classification,512,512,176,356,0.104126,0.478516,0.072266,2
confirmation-1455,confirmation,information_extraction,512,512,186,331,0.145383,0.476562,0.039062,3
confirmation-1456,confirmation,general_qa,512,512,199,374,0.108055,0.482422,0.058594,2
confirmation-1457,confirmation,classification,512,512,196,344,0.127701,0.474609,0.048828,2
confirmation-1458,confirmation,open_qa,512,512,248,440,0.007859,0.408203,0.027344,2
confirmation-1459,confirmation,classification,512,512,156,325,0.084479,0.550781,0.03125,2
confirmation-1460,confirmation,classification,512,512,189,354,0.151277,0.490234,0.058594,2
confirmation-1461,confirmation,open_qa,512,512,52,77,0.846758,0.607422,0.029297,1
confirmation-1462,confirmation,summarization,512,512,154,323,0.098232,0.570312,0.054688,2
confirmation-1463,confirmation,open_qa,512,512,226,392,0.113949,0.427734,0.039062,2
confirmation-1464,confirmation,general_qa,512,512,171,349,0.096267,0.519531,0.082031,2
confirmation-1465,confirmation,creative_writing,512,512,185,349,0.092338,0.472656,0.066406,2
confirmation-1466,confirmation,closed_qa,512,512,204,386,0.062868,0.443359,0.023438,2
confirmation-1467,confirmation,general_qa,512,512,200,383,0.056974,0.466797,0.060547,2
confirmation-1468,confirmation,information_extraction,512,512,200,350,0.180747,0.4375,0.054688,2
confirmation-1469,confirmation,brainstorming,512,512,112,248,0.35167,0.552734,0.060547,2
confirmation-1470,confirmation,open_qa,512,512,145,260,0.337917,0.449219,0.083984,2
confirmation-1471,confirmation,classification,512,512,129,239,0.341847,0.546875,0.033203,2
confirmation-1472,confirmation,open_qa,512,512,108,196,0.40668,0.666016,0.095703,2
confirmation-1473,confirmation,brainstorming,512,512,194,341,0.145383,0.478516,0.046875,2
confirmation-1474,confirmation,closed_qa,512,512,141,272,0.243615,0.472656,0.064453,2
confirmation-1475,confirmation,open_qa,512,512,125,206,0.510806,0.541016,0.103516,2
confirmation-1476,confirmation,brainstorming,512,512,100,182,0.477407,0.572266,0.068359,2
confirmation-1477,confirmation,open_qa,512,512,138,267,0.229862,0.609375,0.03125,2
confirmation-1478,confirmation,creative_writing,512,512,167,348,0.074656,0.474609,0.03125,2
confirmation-1479,confirmation,general_qa,512,512,71,101,0.740668,0.767578,0.058594,2
confirmation-1480,confirmation,closed_qa,512,512,112,193,0.506876,0.667969,0.076172,2
confirmation-1481,confirmation,general_qa,512,512,84,108,0.744597,0.689453,0.097656,2
confirmation-1482,confirmation,classification,512,512,83,162,0.45776,0.773438,0.189453,2
confirmation-1483,confirmation,brainstorming,512,512,61,88,0.746562,0.771484,0.132812,2
confirmation-1484,confirmation,open_qa,512,512,209,395,0.02554,0.46875,0.027344,2
confirmation-1485,confirmation,summarization,512,512,124,245,0.359528,0.621094,0.052734,2
confirmation-1486,confirmation,information_extraction,512,512,138,259,0.282908,0.554688,0.0625,2
confirmation-1487,confirmation,closed_qa,512,512,195,377,0.090373,0.482422,0.082031,2
confirmation-1488,confirmation,classification,512,512,205,393,0.047151,0.458984,0.03125,2
confirmation-1489,confirmation,classification,512,512,148,296,0.188605,0.5625,0.023438,2
confirmation-1490,confirmation,brainstorming,512,512,204,390,0.049116,0.462891,0.042969,2
confirmation-1491,confirmation,summarization,512,512,100,210,0.412574,0.689453,0.03125,2
confirmation-1492,confirmation,open_qa,512,512,194,409,0.015717,0.457031,0.035156,2
confirmation-1493,confirmation,open_qa,512,512,123,278,0.206287,0.611328,0.050781,2
confirmation-1494,confirmation,brainstorming,512,512,160,326,0.139489,0.529297,0.042969,2
confirmation-1495,confirmation,classification,512,512,99,153,0.64833,0.828125,0.1875,2
confirmation-1496,confirmation,creative_writing,512,512,83,130,0.687623,0.544922,0.019531,1
confirmation-1497,confirmation,summarization,512,512,172,325,0.147348,0.466797,0.017578,2
confirmation-1498,confirmation,closed_qa,512,512,41,84,0.740668,0.945312,0.076172,2
confirmation-1499,confirmation,information_extraction,512,512,216,404,0.037328,0.453125,0.03125,2
confirmation-1500,confirmation,open_qa,512,512,148,278,0.220039,0.525391,0.074219,2
confirmation-1501,confirmation,general_qa,512,512,222,415,0.043222,0.460938,0.042969,2
confirmation-1502,confirmation,open_qa,512,512,147,280,0.275049,0.5625,0.050781,10
confirmation-1503,confirmation,open_qa,512,512,221,420,0.02947,0.431641,0.019531,2
confirmation-1504,confirmation,creative_writing,512,512,146,303,0.194499,0.529297,0.03125,2
confirmation-1505,confirmation,open_qa,512,512,119,251,0.310413,0.650391,0.078125,3
confirmation-1506,confirmation,brainstorming,512,512,104,201,0.420432,0.666016,0.064453,2
confirmation-1507,confirmation,general_qa,512,512,79,141,0.587426,0.759766,0.105469,2
confirmation-1508,confirmation,open_qa,512,512,197,347,0.125737,0.421875,0.066406,2
confirmation-1509,confirmation,open_qa,512,512,108,201,0.436149,0.589844,0.039062,2
confirmation-1510,confirmation,information_extraction,512,512,164,321,0.174853,0.419922,0.058594,2
confirmation-1511,confirmation,brainstorming,512,512,157,268,0.375246,0.623047,0.021484,2
confirmation-1512,confirmation,classification,512,512,25,32,0.917485,0.990234,0.126953,1
confirmation-1513,confirmation,classification,512,512,200,424,0.009823,0.398438,0.044922,2
confirmation-1514,confirmation,open_qa,512,512,57,85,0.787819,0.839844,0.152344,2
confirmation-1515,confirmation,open_qa,512,512,125,211,0.46169,0.503906,0.011719,2
confirmation-1516,confirmation,summarization,512,512,110,195,0.471513,0.619141,0.089844,2
confirmation-1517,confirmation,general_qa,512,512,215,411,0.035363,0.417969,0.056641,2
confirmation-1518,confirmation,general_qa,512,512,161,325,0.149312,0.529297,0.076172,2
confirmation-1519,confirmation,information_extraction,512,512,189,368,0.104126,0.462891,0.03125,3
confirmation-1520,confirmation,brainstorming,512,512,146,244,0.414538,0.642578,0.021484,2
confirmation-1521,confirmation,classification,512,512,63,111,0.671906,0.732422,0.099609,2
confirmation-1522,confirmation,information_extraction,512,512,170,307,0.229862,0.5,0.044922,2
confirmation-1523,confirmation,open_qa,512,512,118,204,0.495088,0.548828,0.074219,2
confirmation-1524,confirmation,general_qa,512,512,186,362,0.096267,0.429688,0.025391,2
confirmation-1525,confirmation,brainstorming,512,512,98,185,0.499018,0.619141,0.015625,2
confirmation-1526,confirmation,information_extraction,512,512,157,333,0.121807,0.498047,0.023438,2
confirmation-1527,confirmation,brainstorming,512,512,109,194,0.46169,0.644531,0.054688,2
confirmation-1528,confirmation,open_qa,512,512,195,355,0.153242,0.476562,0.044922,2
confirmation-1529,confirmation,open_qa,512,512,118,194,0.540275,0.699219,0.158203,2
confirmation-1530,confirmation,general_qa,512,512,216,400,0.043222,0.412109,0.03125,2
confirmation-1531,confirmation,information_extraction,512,512,192,370,0.086444,0.460938,0.044922,2
confirmation-1532,confirmation,brainstorming,512,512,172,334,0.137525,0.503906,0.097656,2
confirmation-1533,confirmation,classification,512,512,188,373,0.115914,0.439453,0.052734,2
confirmation-1534,confirmation,general_qa,512,512,159,334,0.078585,0.558594,0.019531,2
confirmation-1535,confirmation,summarization,512,512,45,69,0.827112,0.894531,0.076172,2
confirmation-1536,confirmation,summarization,512,512,103,184,0.477407,0.523438,0.050781,2
confirmation-1537,confirmation,general_qa,512,512,124,225,0.361493,0.537109,0.064453,2
confirmation-1538,confirmation,open_qa,512,512,190,369,0.072692,0.451172,0.056641,2
confirmation-1539,confirmation,general_qa,512,512,217,396,0.051081,0.441406,0.035156,2
confirmation-1540,confirmation,brainstorming,512,512,198,347,0.166994,0.449219,0.0625,2
confirmation-1541,confirmation,classification,512,512,36,66,0.652259,0.96875,0.0,1
confirmation-1542,confirmation,information_extraction,512,512,175,354,0.08055,0.464844,0.017578,2
confirmation-1543,confirmation,classification,512,512,47,73,0.791749,0.763672,0.191406,2
confirmation-1544,confirmation,open_qa,512,512,85,176,0.489194,0.636719,0.041016,2
confirmation-1545,confirmation,open_qa,512,512,109,222,0.332024,0.623047,0.107422,2
confirmation-1546,confirmation,information_extraction,512,512,207,403,0.037328,0.453125,0.033203,2
confirmation-1547,confirmation,classification,512,512,160,327,0.149312,0.501953,0.048828,2
confirmation-1548,confirmation,general_qa,512,512,178,354,0.102161,0.507812,0.050781,2
confirmation-1549,confirmation,closed_qa,512,512,64,95,0.772102,0.910156,0.160156,2
confirmation-1550,confirmation,information_extraction,512,512,176,351,0.104126,0.466797,0.037109,3
confirmation-1551,confirmation,closed_qa,512,512,217,409,0.035363,0.419922,0.046875,2
confirmation-1552,confirmation,information_extraction,512,512,71,138,0.634578,0.869141,0.097656,2
confirmation-1553,confirmation,closed_qa,512,512,100,194,0.467583,0.595703,0.111328,2
confirmation-1554,confirmation,open_qa,512,512,158,304,0.147348,0.521484,0.091797,2
confirmation-1555,confirmation,brainstorming,512,512,213,377,0.062868,0.402344,0.052734,2
confirmation-1556,confirmation,information_extraction,512,512,136,242,0.387033,0.587891,0.029297,3
confirmation-1557,confirmation,general_qa,512,512,208,412,0.017682,0.478516,0.037109,2
confirmation-1558,confirmation,information_extraction,512,512,177,343,0.119843,0.457031,0.078125,2
confirmation-1559,confirmation,creative_writing,512,512,216,392,0.047151,0.443359,0.042969,2
confirmation-1560,confirmation,open_qa,512,512,182,334,0.178782,0.441406,0.068359,2
confirmation-1561,confirmation,information_extraction,512,512,133,296,0.159136,0.505859,0.072266,2
confirmation-1562,confirmation,open_qa,512,512,179,358,0.086444,0.458984,0.035156,2
confirmation-1563,confirmation,closed_qa,512,512,145,276,0.298625,0.519531,0.023438,2
confirmation-1564,confirmation,open_qa,512,512,205,407,0.033399,0.447266,0.037109,2
confirmation-1565,confirmation,closed_qa,512,512,150,264,0.320236,0.505859,0.058594,2
confirmation-1566,confirmation,brainstorming,512,512,200,389,0.119843,0.400391,0.033203,2
confirmation-1567,confirmation,open_qa,512,512,178,311,0.255403,0.460938,0.078125,2
confirmation-1568,confirmation,classification,512,512,216,386,0.113949,0.417969,0.056641,2
confirmation-1569,confirmation,open_qa,512,512,195,366,0.102161,0.494141,0.03125,2
confirmation-1570,confirmation,general_qa,512,512,139,267,0.273084,0.568359,0.152344,2
confirmation-1571,confirmation,general_qa,512,512,97,159,0.628684,0.792969,0.316406,2
confirmation-1572,confirmation,open_qa,512,512,108,209,0.400786,0.648438,0.070312,2
confirmation-1573,confirmation,closed_qa,512,512,159,293,0.27112,0.570312,0.03125,4
confirmation-1574,confirmation,general_qa,512,512,126,287,0.18664,0.609375,0.0,2
confirmation-1575,confirmation,general_qa,512,512,202,380,0.078585,0.480469,0.060547,2
confirmation-1576,confirmation,classification,512,512,185,355,0.098232,0.517578,0.042969,2
confirmation-1577,confirmation,summarization,512,512,96,153,0.59725,0.523438,0.041016,2
confirmation-1578,confirmation,classification,512,512,168,293,0.263261,0.480469,0.056641,2
confirmation-1579,confirmation,general_qa,512,512,204,400,0.041257,0.474609,0.039062,2
confirmation-1580,confirmation,closed_qa,512,512,177,331,0.141454,0.455078,0.025391,3
confirmation-1581,confirmation,creative_writing,512,512,203,372,0.139489,0.474609,0.066406,2
confirmation-1582,confirmation,open_qa,512,512,165,313,0.208251,0.527344,0.048828,2
confirmation-1583,confirmation,information_extraction,512,512,86,125,0.701375,0.740234,0.085938,2
confirmation-1584,confirmation,general_qa,512,512,75,114,0.740668,0.759766,0.126953,2
confirmation-1585,confirmation,brainstorming,512,512,160,328,0.064833,0.529297,0.039062,2
confirmation-1586,confirmation,summarization,512,512,157,288,0.294695,0.494141,0.060547,2
confirmation-1587,confirmation,classification,512,512,115,182,0.534381,0.734375,0.021484,2
confirmation-1588,confirmation,general_qa,512,512,119,275,0.166994,0.558594,0.011719,1
confirmation-1589,confirmation,classification,512,512,234,408,0.064833,0.451172,0.074219,2
confirmation-1590,confirmation,information_extraction,512,512,108,184,0.557957,0.582031,0.048828,2
confirmation-1591,confirmation,closed_qa,512,512,188,319,0.202358,0.498047,0.121094,2
confirmation-1592,confirmation,open_qa,512,512,54,109,0.414538,0.783203,0.230469,2
confirmation-1593,confirmation,open_qa,512,512,148,293,0.222004,0.482422,0.074219,2
confirmation-1594,confirmation,open_qa,512,512,223,412,0.027505,0.421875,0.072266,2
confirmation-1595,confirmation,classification,512,512,84,141,0.554028,0.792969,0.070312,2
confirmation-1596,confirmation,brainstorming,512,512,109,179,0.463654,0.683594,0.072266,2
confirmation-1597,confirmation,general_qa,512,512,90,172,0.475442,0.675781,0.105469,2
confirmation-1598,confirmation,general_qa,512,512,56,106,0.650295,0.851562,0.060547,2
confirmation-1599,confirmation,classification,512,512,30,41,0.897839,0.980469,0.0,1
confirmation-1600,confirmation,closed_qa,512,512,205,362,0.155206,0.443359,0.056641,2
confirmation-1601,confirmation,open_qa,512,512,173,365,0.08055,0.488281,0.042969,2
confirmation-1602,confirmation,creative_writing,512,512,193,380,0.08055,0.447266,0.076172,2
confirmation-1603,confirmation,general_qa,512,512,134,240,0.428291,0.455078,0.037109,2
confirmation-1604,confirmation,general_qa,512,512,136,307,0.188605,0.537109,0.027344,4
confirmation-1605,confirmation,creative_writing,512,512,104,170,0.573674,0.662109,0.085938,2
confirmation-1606,confirmation,open_qa,512,512,177,341,0.166994,0.474609,0.074219,2
confirmation-1607,confirmation,open_qa,512,512,191,371,0.064833,0.501953,0.025391,3
confirmation-1608,confirmation,summarization,512,512,166,328,0.149312,0.517578,0.009766,3
confirmation-1609,confirmation,creative_writing,512,512,218,400,0.062868,0.410156,0.041016,2
confirmation-1610,confirmation,closed_qa,512,512,182,327,0.21611,0.525391,0.041016,2
confirmation-1611,confirmation,summarization,512,512,116,247,0.282908,0.673828,0.056641,1
confirmation-1612,confirmation,general_qa,512,512,198,374,0.068762,0.480469,0.042969,2
confirmation-1613,confirmation,creative_writing,512,512,244,443,0.021611,0.410156,0.023438,2
confirmation-1614,confirmation,information_extraction,512,512,91,167,0.434185,0.685547,0.033203,1
confirmation-1615,confirmation,classification,512,512,105,189,0.449902,0.660156,0.054688,2
confirmation-1616,confirmation,general_qa,512,512,148,310,0.117878,0.552734,0.027344,2
confirmation-1617,confirmation,open_qa,512,512,135,243,0.335953,0.613281,0.082031,2
confirmation-1618,confirmation,closed_qa,512,512,129,258,0.302554,0.490234,0.035156,2
confirmation-1619,confirmation,summarization,512,512,168,365,0.100196,0.494141,0.041016,2
confirmation-1620,confirmation,open_qa,512,512,187,321,0.212181,0.457031,0.099609,1
confirmation-1621,confirmation,summarization,512,512,156,303,0.231827,0.460938,0.03125,2
confirmation-1622,confirmation,classification,512,512,106,179,0.54224,0.671875,0.046875,2
confirmation-1623,confirmation,closed_qa,512,512,191,384,0.066798,0.484375,0.0625,2
confirmation-1624,confirmation,summarization,512,512,158,315,0.1611,0.529297,0.027344,2
confirmation-1625,confirmation,classification,512,512,163,274,0.316306,0.441406,0.111328,3
confirmation-1626,confirmation,information_extraction,512,512,139,253,0.275049,0.542969,0.058594,2
confirmation-1627,confirmation,open_qa,512,512,121,200,0.530452,0.576172,0.042969,1
confirmation-1628,confirmation,open_qa,512,512,195,361,0.094303,0.466797,0.027344,2
confirmation-1629,confirmation,general_qa,512,512,213,415,0.02554,0.435547,0.03125,2
confirmation-1630,confirmation,open_qa,512,512,129,247,0.273084,0.652344,0.105469,2
confirmation-1631,confirmation,closed_qa,512,512,136,290,0.227898,0.5625,0.115234,2
confirmation-1632,confirmation,brainstorming,512,512,29,62,0.795678,0.951172,0.070312,2
confirmation-1633,confirmation,open_qa,512,512,127,237,0.375246,0.541016,0.068359,2
confirmation-1634,confirmation,closed_qa,512,512,100,168,0.536346,0.648438,0.150391,2
confirmation-1635,confirmation,general_qa,512,512,195,365,0.133595,0.455078,0.044922,2
confirmation-1636,confirmation,general_qa,512,512,149,266,0.29666,0.550781,0.070312,2
confirmation-1637,confirmation,classification,512,512,165,286,0.298625,0.431641,0.060547,2
confirmation-1638,confirmation,general_qa,512,512,47,78,0.711198,0.847656,0.130859,2
confirmation-1639,confirmation,classification,512,512,41,65,0.840864,0.681641,0.076172,2
confirmation-1640,confirmation,classification,512,512,122,257,0.212181,0.603516,0.050781,2
confirmation-1641,confirmation,open_qa,512,512,237,412,0.051081,0.435547,0.050781,2
confirmation-1642,confirmation,closed_qa,512,512,146,286,0.253438,0.462891,0.041016,2
confirmation-1643,confirmation,creative_writing,512,512,143,238,0.440079,0.513672,0.142578,2
confirmation-1644,confirmation,closed_qa,512,512,43,75,0.762279,0.705078,0.046875,2
confirmation-1645,confirmation,classification,512,512,117,257,0.247544,0.650391,0.046875,2
confirmation-1646,confirmation,general_qa,512,512,124,210,0.502947,0.492188,0.0625,2
confirmation-1647,confirmation,general_qa,512,512,126,189,0.546169,0.498047,0.044922,2
confirmation-1648,confirmation,open_qa,512,512,190,308,0.259332,0.386719,0.078125,2
confirmation-1649,confirmation,classification,512,512,125,208,0.485265,0.632812,0.126953,2
confirmation-1650,confirmation,general_qa,512,512,158,336,0.11002,0.515625,0.027344,2
confirmation-1651,confirmation,classification,512,512,119,222,0.422397,0.693359,0.158203,2
confirmation-1652,confirmation,brainstorming,512,512,154,278,0.288802,0.458984,0.064453,3
confirmation-1653,confirmation,classification,512,512,210,363,0.094303,0.4375,0.052734,2
confirmation-1654,confirmation,brainstorming,512,512,193,338,0.129666,0.486328,0.03125,2
confirmation-1655,confirmation,summarization,512,512,149,274,0.280943,0.552734,0.056641,2
confirmation-1656,confirmation,brainstorming,512,512,132,258,0.310413,0.558594,0.068359,2
confirmation-1657,confirmation,open_qa,512,512,171,332,0.13556,0.490234,0.068359,2
confirmation-1658,confirmation,information_extraction,512,512,193,330,0.239686,0.457031,0.039062,2
confirmation-1659,confirmation,brainstorming,512,512,60,126,0.575639,0.767578,0.050781,3
confirmation-1660,confirmation,open_qa,512,512,163,344,0.08055,0.492188,0.068359,2
confirmation-1661,confirmation,general_qa,512,512,222,414,0.02947,0.462891,0.035156,2
confirmation-1662,confirmation,general_qa,512,512,105,216,0.343811,0.642578,0.041016,2
confirmation-1663,confirmation,information_extraction,512,512,135,258,0.300589,0.537109,0.083984,2
confirmation-1664,confirmation,brainstorming,512,512,194,347,0.1611,0.414062,0.046875,2
confirmation-1665,confirmation,classification,512,512,80,143,0.522593,0.84375,0.015625,2
confirmation-1666,confirmation,summarization,512,512,187,376,0.053045,0.46875,0.021484,2
confirmation-1667,confirmation,open_qa,512,512,159,290,0.239686,0.570312,0.054688,2
confirmation-1668,confirmation,brainstorming,512,512,232,380,0.113949,0.458984,0.011719,2
confirmation-1669,confirmation,general_qa,512,512,219,405,0.035363,0.457031,0.054688,2
confirmation-1670,confirmation,brainstorming,512,512,200,371,0.102161,0.4375,0.042969,2
confirmation-1671,confirmation,classification,512,512,97,203,0.339882,0.675781,0.011719,2
confirmation-1672,confirmation,closed_qa,512,512,181,355,0.08055,0.480469,0.046875,2
confirmation-1673,confirmation,brainstorming,512,512,129,199,0.548134,0.453125,0.058594,2
confirmation-1674,confirmation,open_qa,512,512,165,311,0.19057,0.5,0.035156,2
confirmation-1675,confirmation,information_extraction,512,512,133,219,0.444008,0.517578,0.042969,2
confirmation-1676,confirmation,general_qa,512,512,95,192,0.445972,0.625,0.080078,2
confirmation-1677,confirmation,open_qa,512,512,205,394,0.056974,0.425781,0.052734,3
confirmation-1678,confirmation,brainstorming,512,512,90,180,0.420432,0.679688,0.037109,2
confirmation-1679,confirmation,classification,512,512,202,355,0.121807,0.451172,0.074219,2
confirmation-1680,confirmation,closed_qa,512,512,114,216,0.361493,0.621094,0.048828,2
confirmation-1681,confirmation,classification,512,512,18,33,0.75442,1.0,0.193359,2
confirmation-1682,confirmation,classification,512,512,163,302,0.263261,0.474609,0.064453,2
confirmation-1683,confirmation,open_qa,512,512,150,290,0.212181,0.53125,0.023438,2
confirmation-1684,confirmation,general_qa,512,512,154,324,0.155206,0.445312,0.011719,2
confirmation-1685,confirmation,open_qa,512,512,64,99,0.756385,0.730469,0.042969,2
confirmation-1686,confirmation,general_qa,512,512,220,417,0.031434,0.458984,0.039062,2
confirmation-1687,confirmation,information_extraction,512,512,123,291,0.137525,0.605469,0.015625,2
confirmation-1688,confirmation,brainstorming,512,512,206,389,0.058939,0.462891,0.046875,2
confirmation-1689,confirmation,open_qa,512,512,210,370,0.147348,0.396484,0.054688,2
confirmation-1690,confirmation,summarization,512,512,81,118,0.691552,0.625,0.109375,2
confirmation-1691,confirmation,classification,512,512,49,93,0.713163,0.90625,0.058594,2
confirmation-1692,confirmation,open_qa,512,512,68,134,0.630648,0.841797,0.089844,3
confirmation-1693,confirmation,closed_qa,512,512,158,291,0.247544,0.535156,0.021484,2
confirmation-1694,confirmation,general_qa,512,512,190,351,0.141454,0.470703,0.070312,3
confirmation-1695,confirmation,open_qa,512,512,173,296,0.29666,0.464844,0.089844,2
confirmation-1696,confirmation,information_extraction,512,512,123,243,0.280943,0.560547,0.041016,2
confirmation-1697,confirmation,brainstorming,512,512,168,290,0.308448,0.509766,0.064453,2
confirmation-1698,confirmation,general_qa,512,512,178,379,0.062868,0.457031,0.023438,2
confirmation-1699,confirmation,creative_writing,512,512,128,262,0.237721,0.550781,0.025391,1
confirmation-1700,confirmation,summarization,512,512,162,311,0.159136,0.550781,0.007812,3
confirmation-1701,confirmation,information_extraction,512,512,224,367,0.123772,0.455078,0.083984,2
confirmation-1702,confirmation,general_qa,512,512,204,384,0.102161,0.416016,0.054688,3
confirmation-1703,confirmation,classification,512,512,80,141,0.640472,0.736328,0.085938,2
confirmation-1704,confirmation,brainstorming,512,512,165,331,0.129666,0.488281,0.078125,2
confirmation-1705,confirmation,classification,512,512,104,182,0.43222,0.605469,0.113281,2
confirmation-1706,confirmation,information_extraction,512,512,116,246,0.387033,0.595703,0.041016,2
confirmation-1707,confirmation,open_qa,512,512,120,240,0.280943,0.570312,0.117188,2
confirmation-1708,confirmation,creative_writing,512,512,182,327,0.220039,0.449219,0.070312,2
confirmation-1709,confirmation,general_qa,512,512,176,361,0.117878,0.488281,0.023438,1
confirmation-1710,confirmation,open_qa,512,512,52,73,0.797642,0.787109,0.066406,2
confirmation-1711,confirmation,classification,512,512,76,136,0.671906,0.609375,0.119141,2
confirmation-1712,confirmation,brainstorming,512,512,129,266,0.275049,0.638672,0.035156,2
confirmation-1713,confirmation,summarization,512,512,62,109,0.722986,0.671875,0.039062,2
confirmation-1714,confirmation,classification,512,512,152,274,0.337917,0.470703,0.023438,2
confirmation-1715,confirmation,general_qa,512,512,175,337,0.200393,0.443359,0.085938,2
confirmation-1716,confirmation,open_qa,512,512,180,356,0.084479,0.474609,0.039062,2
confirmation-1717,confirmation,summarization,512,512,160,306,0.155206,0.574219,0.039062,3
confirmation-1718,confirmation,classification,512,512,12,12,0.976424,1.0,0.0,1
confirmation-1719,confirmation,brainstorming,512,512,248,430,0.035363,0.425781,0.050781,2
confirmation-1720,confirmation,open_qa,512,512,108,227,0.373281,0.675781,0.039062,2
confirmation-1721,confirmation,classification,512,512,160,281,0.345776,0.626953,0.035156,2
confirmation-1722,confirmation,brainstorming,512,512,170,376,0.049116,0.507812,0.046875,2
confirmation-1723,confirmation,information_extraction,512,512,187,332,0.163065,0.423828,0.033203,3
confirmation-1724,confirmation,open_qa,512,512,101,204,0.438114,0.671875,0.050781,2
confirmation-1725,confirmation,open_qa,512,512,142,327,0.13556,0.507812,0.0625,2
confirmation-1726,confirmation,closed_qa,512,512,82,136,0.652259,0.648438,0.111328,2
confirmation-1727,confirmation,open_qa,512,512,193,371,0.090373,0.441406,0.044922,2
confirmation-1728,confirmation,open_qa,512,512,212,395,0.058939,0.429688,0.064453,2
confirmation-1729,confirmation,closed_qa,512,512,121,239,0.363458,0.638672,0.035156,2
confirmation-1730,confirmation,open_qa,512,512,128,248,0.392927,0.625,0.107422,2
confirmation-1731,confirmation,classification,512,512,205,365,0.111984,0.457031,0.0625,2
confirmation-1732,confirmation,open_qa,512,512,72,127,0.565815,0.853516,0.087891,1
confirmation-1733,confirmation,classification,512,512,134,251,0.330059,0.599609,0.074219,2
confirmation-1734,confirmation,classification,512,512,188,332,0.141454,0.458984,0.048828,2
confirmation-1735,confirmation,general_qa,512,512,63,113,0.701375,0.902344,0.070312,3
confirmation-1736,confirmation,summarization,512,512,160,333,0.119843,0.509766,0.060547,2
confirmation-1737,confirmation,open_qa,512,512,239,425,0.013752,0.455078,0.027344,2
confirmation-1738,confirmation,general_qa,512,512,139,267,0.29666,0.582031,0.023438,2
confirmation-1739,confirmation,creative_writing,512,512,164,257,0.363458,0.574219,0.066406,2
confirmation-1740,confirmation,closed_qa,512,512,196,377,0.078585,0.486328,0.048828,2
confirmation-1741,confirmation,classification,512,512,83,147,0.652259,0.587891,0.066406,2
confirmation-1742,confirmation,classification,512,512,182,364,0.084479,0.492188,0.046875,3
confirmation-1743,confirmation,brainstorming,512,512,195,368,0.098232,0.419922,0.066406,2
confirmation-1744,confirmation,closed_qa,512,512,187,308,0.300589,0.451172,0.019531,2
confirmation-1745,confirmation,open_qa,512,512,133,247,0.239686,0.546875,0.113281,2
confirmation-1746,confirmation,open_qa,512,512,92,169,0.436149,0.736328,0.162109,2
confirmation-1747,confirmation,open_qa,512,512,59,132,0.504912,0.830078,0.052734,2
confirmation-1748,confirmation,brainstorming,512,512,212,366,0.119843,0.435547,0.046875,2
confirmation-1749,confirmation,classification,512,512,99,175,0.581532,0.615234,0.042969,2
confirmation-1750,confirmation,information_extraction,512,512,141,272,0.263261,0.576172,0.0625,2
confirmation-1751,confirmation,general_qa,512,512,215,403,0.02947,0.453125,0.042969,2
confirmation-1752,confirmation,general_qa,512,512,122,201,0.475442,0.658203,0.107422,3
confirmation-1753,confirmation,information_extraction,512,512,86,178,0.422397,0.722656,0.023438,2
confirmation-1754,confirmation,brainstorming,512,512,148,297,0.218075,0.539062,0.064453,2
confirmation-1755,confirmation,general_qa,512,512,140,291,0.206287,0.525391,0.013672,1
confirmation-1756,confirmation,classification,512,512,75,131,0.605108,0.685547,0.138672,2
confirmation-1757,confirmation,brainstorming,512,512,152,320,0.141454,0.494141,0.068359,2
confirmation-1758,confirmation,classification,512,512,190,371,0.082515,0.476562,0.080078,2
confirmation-1759,confirmation,brainstorming,512,512,92,187,0.306483,0.808594,0.074219,3
confirmation-1760,confirmation,summarization,512,512,127,229,0.40668,0.576172,0.056641,2
confirmation-1761,confirmation,brainstorming,512,512,141,231,0.440079,0.570312,0.105469,2
confirmation-1762,confirmation,information_extraction,512,512,150,299,0.153242,0.507812,0.039062,2
confirmation-1763,confirmation,closed_qa,512,512,167,349,0.096267,0.507812,0.042969,2
confirmation-1764,confirmation,general_qa,512,512,43,87,0.667976,0.861328,0.076172,2
confirmation-1765,confirmation,brainstorming,512,512,148,266,0.214145,0.554688,0.064453,2
confirmation-1766,confirmation,classification,512,512,188,332,0.174853,0.542969,0.119141,2
confirmation-1767,confirmation,general_qa,512,512,86,143,0.624754,0.585938,0.025391,2
confirmation-1768,confirmation,brainstorming,512,512,85,137,0.689587,0.544922,0.054688,2
confirmation-1769,confirmation,closed_qa,512,512,105,164,0.591356,0.521484,0.052734,2
confirmation-1770,confirmation,closed_qa,512,512,113,189,0.54224,0.539062,0.042969,2
confirmation-1771,confirmation,summarization,512,512,215,394,0.043222,0.429688,0.037109,2
confirmation-1772,confirmation,open_qa,512,512,74,122,0.59332,0.810547,0.212891,2
confirmation-1773,confirmation,classification,512,512,196,368,0.098232,0.464844,0.050781,2
confirmation-1774,confirmation,information_extraction,512,512,155,309,0.18664,0.503906,0.044922,2
confirmation-1775,confirmation,brainstorming,512,512,111,233,0.318271,0.619141,0.023438,2
confirmation-1776,confirmation,general_qa,512,512,93,181,0.396857,0.660156,0.142578,2
confirmation-1777,confirmation,brainstorming,512,512,133,269,0.220039,0.554688,0.074219,2
confirmation-1778,confirmation,classification,512,512,170,296,0.298625,0.570312,0.144531,2
confirmation-1779,confirmation,information_extraction,512,512,107,191,0.45776,0.666016,0.097656,2
confirmation-1780,confirmation,open_qa,512,512,66,112,0.72888,0.636719,0.044922,2
confirmation-1781,confirmation,open_qa,512,512,232,396,0.064833,0.416016,0.027344,2
confirmation-1782,confirmation,open_qa,512,512,200,370,0.074656,0.496094,0.03125,2
confirmation-1783,confirmation,general_qa,512,512,219,409,0.039293,0.431641,0.041016,2
confirmation-1784,confirmation,open_qa,512,512,167,366,0.045187,0.490234,0.039062,2
confirmation-1785,confirmation,general_qa,512,512,110,215,0.341847,0.580078,0.035156,2
confirmation-1786,confirmation,classification,512,512,186,327,0.204322,0.398438,0.058594,2
confirmation-1787,confirmation,open_qa,512,512,57,90,0.762279,0.771484,0.128906,2
confirmation-1788,confirmation,open_qa,512,512,190,354,0.113949,0.441406,0.070312,2
confirmation-1789,confirmation,open_qa,512,512,204,383,0.062868,0.455078,0.044922,2
confirmation-1790,confirmation,general_qa,512,512,208,391,0.056974,0.4375,0.058594,2
confirmation-1791,confirmation,information_extraction,512,512,97,161,0.54224,0.775391,0.115234,3
confirmation-1792,confirmation,summarization,512,512,210,376,0.092338,0.431641,0.050781,2
confirmation-1793,confirmation,open_qa,512,512,134,267,0.231827,0.546875,0.011719,1
confirmation-1794,confirmation,summarization,512,512,106,176,0.609037,0.789062,0.015625,2
confirmation-1795,confirmation,open_qa,512,512,153,316,0.125737,0.546875,0.056641,3
confirmation-1796,confirmation,classification,512,512,64,107,0.691552,0.847656,0.160156,2
confirmation-1797,confirmation,open_qa,512,512,76,140,0.573674,0.720703,0.066406,2
confirmation-1798,confirmation,closed_qa,512,512,100,191,0.43222,0.693359,0.076172,2
confirmation-1799,confirmation,classification,512,512,54,86,0.768173,0.761719,0.091797,1
confirmation-1800,confirmation,open_qa,512,512,121,219,0.410609,0.703125,0.160156,2
confirmation-1801,confirmation,general_qa,512,512,159,320,0.151277,0.509766,0.027344,2
confirmation-1802,confirmation,classification,512,512,51,142,0.37721,0.931641,0.003906,3
confirmation-1803,confirmation,information_extraction,512,512,188,367,0.058939,0.441406,0.013672,2
confirmation-1804,confirmation,open_qa,512,512,110,221,0.359528,0.574219,0.039062,2
confirmation-1805,confirmation,open_qa,512,512,176,356,0.074656,0.458984,0.0625,2
confirmation-1806,confirmation,closed_qa,512,512,145,278,0.286837,0.511719,0.044922,2
confirmation-1807,confirmation,general_qa,512,512,187,357,0.149312,0.503906,0.078125,2
confirmation-1808,confirmation,open_qa,512,512,181,294,0.337917,0.46875,0.03125,2
confirmation-1809,confirmation,closed_qa,512,512,136,294,0.1611,0.585938,0.019531,3
confirmation-1810,confirmation,brainstorming,512,512,231,427,0.021611,0.439453,0.054688,2
confirmation-1811,confirmation,summarization,512,512,133,257,0.273084,0.542969,0.033203,2
confirmation-1812,confirmation,closed_qa,512,512,151,293,0.225933,0.482422,0.050781,3
confirmation-1813,confirmation,closed_qa,512,512,234,421,0.041257,0.445312,0.009766,2
confirmation-1814,confirmation,open_qa,512,512,212,401,0.05501,0.447266,0.042969,2
confirmation-1815,confirmation,closed_qa,512,512,118,201,0.465619,0.689453,0.068359,2
confirmation-1816,confirmation,brainstorming,512,512,129,226,0.385069,0.482422,0.019531,2
confirmation-1817,confirmation,general_qa,512,512,181,352,0.104126,0.482422,0.042969,2
confirmation-1818,confirmation,general_qa,512,512,179,279,0.381139,0.486328,0.117188,2
confirmation-1819,confirmation,brainstorming,512,512,57,71,0.8389,0.927734,0.439453,4
confirmation-1820,confirmation,closed_qa,512,512,190,358,0.078585,0.511719,0.039062,2
confirmation-1821,confirmation,brainstorming,512,512,147,261,0.32613,0.533203,0.060547,2
confirmation-1822,confirmation,summarization,512,512,134,227,0.447937,0.46875,0.039062,2
confirmation-1823,confirmation,closed_qa,512,512,132,234,0.408644,0.507812,0.042969,2
confirmation-1824,confirmation,information_extraction,512,512,152,256,0.345776,0.482422,0.037109,2
confirmation-1825,confirmation,brainstorming,512,512,31,63,0.789784,0.978516,0.0,1
confirmation-1826,confirmation,closed_qa,512,512,150,229,0.483301,0.646484,0.1875,2
confirmation-1827,confirmation,summarization,512,512,98,138,0.666012,0.451172,0.054688,2
confirmation-1828,confirmation,brainstorming,512,512,176,338,0.108055,0.472656,0.03125,2
confirmation-1829,confirmation,information_extraction,512,512,112,237,0.302554,0.652344,0.058594,2
confirmation-1830,confirmation,information_extraction,512,512,136,236,0.388998,0.505859,0.044922,2
confirmation-1831,confirmation,open_qa,512,512,215,411,0.062868,0.410156,0.015625,2
confirmation-1832,confirmation,closed_qa,512,512,161,303,0.172888,0.519531,0.060547,2
confirmation-1833,confirmation,brainstorming,512,512,153,267,0.404715,0.646484,0.126953,2
confirmation-1834,confirmation,summarization,512,512,59,89,0.779961,0.910156,0.068359,2
confirmation-1835,confirmation,summarization,512,512,158,306,0.163065,0.533203,0.019531,2
confirmation-1836,confirmation,brainstorming,512,512,184,364,0.111984,0.449219,0.052734,2
confirmation-1837,confirmation,creative_writing,512,512,209,406,0.013752,0.453125,0.039062,2
confirmation-1838,confirmation,open_qa,512,512,191,361,0.092338,0.466797,0.0625,2
confirmation-1839,confirmation,open_qa,512,512,105,201,0.449902,0.660156,0.121094,3
confirmation-1840,confirmation,open_qa,512,512,130,273,0.239686,0.582031,0.048828,2
confirmation-1841,confirmation,classification,512,512,161,363,0.056974,0.474609,0.042969,2
confirmation-1842,confirmation,general_qa,512,512,150,327,0.145383,0.515625,0.0625,2
confirmation-1843,confirmation,information_extraction,512,512,159,291,0.261297,0.494141,0.03125,2
confirmation-1844,confirmation,open_qa,512,512,206,387,0.047151,0.466797,0.09375,2
confirmation-1845,confirmation,general_qa,512,512,84,163,0.465619,0.818359,0.121094,2
confirmation-1846,confirmation,brainstorming,512,512,88,175,0.485265,0.679688,0.050781,2
confirmation-1847,confirmation,general_qa,512,512,182,350,0.10609,0.5,0.074219,2
confirmation-1848,confirmation,information_extraction,512,512,175,311,0.184676,0.523438,0.115234,3
confirmation-1849,confirmation,open_qa,512,512,197,349,0.13556,0.490234,0.044922,2
confirmation-1850,confirmation,brainstorming,512,512,207,355,0.088409,0.513672,0.025391,2
confirmation-1851,confirmation,open_qa,512,512,118,260,0.21611,0.625,0.042969,2
confirmation-1852,confirmation,information_extraction,512,512,177,326,0.165029,0.486328,0.044922,3
confirmation-1853,confirmation,classification,512,512,172,275,0.347741,0.599609,0.023438,2
confirmation-1854,confirmation,brainstorming,512,512,209,388,0.070727,0.384766,0.056641,2
confirmation-1855,confirmation,information_extraction,512,512,153,304,0.19057,0.560547,0.042969,2
confirmation-1856,confirmation,open_qa,512,512,89,166,0.499018,0.548828,0.041016,2
confirmation-1857,confirmation,open_qa,512,512,159,296,0.312377,0.492188,0.029297,2
confirmation-1858,confirmation,information_extraction,512,512,114,210,0.416503,0.644531,0.048828,2
confirmation-1859,confirmation,information_extraction,512,512,191,324,0.227898,0.476562,0.054688,2
confirmation-1860,confirmation,information_extraction,512,512,179,344,0.133595,0.476562,0.015625,2
confirmation-1861,confirmation,classification,512,512,218,420,0.041257,0.433594,0.042969,2
confirmation-1862,confirmation,closed_qa,512,512,145,276,0.249509,0.626953,0.09375,2
confirmation-1863,confirmation,information_extraction,512,512,157,282,0.284872,0.470703,0.070312,2
confirmation-1864,confirmation,summarization,512,512,128,252,0.341847,0.574219,0.097656,2
confirmation-1865,confirmation,summarization,512,512,165,304,0.198428,0.492188,0.085938,2
confirmation-1866,confirmation,open_qa,512,512,109,188,0.53831,0.503906,0.09375,2
confirmation-1867,confirmation,brainstorming,512,512,220,410,0.043222,0.427734,0.017578,2
confirmation-1868,confirmation,open_qa,512,512,142,249,0.420432,0.507812,0.046875,2
confirmation-1869,confirmation,classification,512,512,132,231,0.414538,0.515625,0.068359,2
confirmation-1870,confirmation,closed_qa,512,512,116,237,0.332024,0.654297,0.09375,2
confirmation-1871,confirmation,summarization,512,512,164,327,0.108055,0.509766,0.050781,2
confirmation-1872,confirmation,open_qa,512,512,53,73,0.8389,0.931641,0.005859,1
confirmation-1873,confirmation,brainstorming,512,512,82,114,0.748527,0.755859,0.126953,2
confirmation-1874,confirmation,information_extraction,512,512,168,333,0.153242,0.462891,0.056641,2
confirmation-1875,confirmation,classification,512,512,73,106,0.689587,0.677734,0.023438,1
confirmation-1876,confirmation,general_qa,512,512,192,380,0.092338,0.453125,0.035156,2
confirmation-1877,confirmation,open_qa,512,512,145,291,0.225933,0.511719,0.023438,2
confirmation-1878,confirmation,classification,512,512,118,174,0.555992,0.740234,0.208984,2
confirmation-1879,confirmation,creative_writing,512,512,199,372,0.096267,0.445312,0.064453,2
confirmation-1880,confirmation,open_qa,512,512,86,158,0.524558,0.566406,0.080078,2
confirmation-1881,confirmation,general_qa,512,512,121,198,0.447937,0.626953,0.082031,2
confirmation-1882,confirmation,general_qa,512,512,153,302,0.21611,0.451172,0.109375,2
confirmation-1883,confirmation,open_qa,512,512,155,318,0.174853,0.533203,0.039062,2
confirmation-1884,confirmation,general_qa,512,512,48,71,0.836935,0.943359,0.128906,1
confirmation-1885,confirmation,creative_writing,512,512,180,327,0.18664,0.453125,0.058594,2
confirmation-1886,confirmation,closed_qa,512,512,206,355,0.131631,0.46875,0.070312,2
confirmation-1887,confirmation,brainstorming,512,512,132,286,0.163065,0.613281,0.066406,2
confirmation-1888,confirmation,classification,512,512,137,258,0.267191,0.492188,0.033203,2
confirmation-1889,confirmation,open_qa,512,512,50,79,0.799607,0.876953,0.056641,2
confirmation-1890,confirmation,closed_qa,512,512,139,243,0.418468,0.441406,0.050781,2
confirmation-1891,confirmation,classification,512,512,120,195,0.428291,0.603516,0.103516,2
confirmation-1892,confirmation,open_qa,512,512,162,325,0.157171,0.466797,0.052734,2
confirmation-1893,confirmation,brainstorming,512,512,115,172,0.601179,0.619141,0.074219,2
confirmation-1894,confirmation,general_qa,512,512,124,249,0.288802,0.5625,0.039062,2
confirmation-1895,confirmation,open_qa,512,512,219,406,0.043222,0.458984,0.039062,2
confirmation-1896,confirmation,open_qa,512,512,173,342,0.098232,0.472656,0.039062,2
confirmation-1897,confirmation,closed_qa,512,512,98,176,0.514735,0.708984,0.132812,2
confirmation-1898,confirmation,open_qa,512,512,46,139,0.522593,0.886719,0.011719,2
confirmation-1899,confirmation,open_qa,512,512,85,158,0.491159,0.707031,0.128906,2
confirmation-1900,confirmation,summarization,512,512,182,340,0.125737,0.486328,0.056641,2
confirmation-1901,confirmation,classification,512,512,31,51,0.848723,0.978516,0.0,1
confirmation-1902,confirmation,open_qa,512,512,187,369,0.084479,0.439453,0.0625,2
confirmation-1903,confirmation,brainstorming,512,512,176,356,0.102161,0.498047,0.056641,2
confirmation-1904,confirmation,open_qa,512,512,191,362,0.08055,0.472656,0.050781,2
confirmation-1905,confirmation,closed_qa,512,512,149,296,0.180747,0.554688,0.037109,2
confirmation-1906,confirmation,creative_writing,512,512,218,403,0.051081,0.486328,0.074219,2
confirmation-1907,confirmation,closed_qa,512,512,96,160,0.616896,0.714844,0.054688,2
confirmation-1908,confirmation,information_extraction,512,512,69,114,0.579568,0.871094,0.007812,2
confirmation-1909,confirmation,closed_qa,512,512,139,250,0.388998,0.484375,0.052734,3
confirmation-1910,confirmation,brainstorming,512,512,106,165,0.518664,0.695312,0.089844,2
confirmation-1911,confirmation,creative_writing,512,512,178,366,0.068762,0.466797,0.046875,2
confirmation-1912,confirmation,brainstorming,512,512,73,166,0.400786,0.869141,0.019531,2
confirmation-1913,confirmation,classification,512,512,171,334,0.178782,0.492188,0.021484,1
confirmation-1914,confirmation,open_qa,512,512,131,200,0.520629,0.548828,0.082031,2
confirmation-1915,confirmation,closed_qa,512,512,91,145,0.624754,0.654297,0.037109,2
confirmation-1916,confirmation,open_qa,512,512,175,352,0.125737,0.458984,0.041016,2
confirmation-1917,confirmation,classification,512,512,123,200,0.506876,0.494141,0.0625,2
confirmation-1918,confirmation,general_qa,512,512,203,403,0.045187,0.5,0.035156,2
confirmation-1919,confirmation,open_qa,512,512,159,299,0.24165,0.5,0.09375,2
confirmation-1920,confirmation,general_qa,512,512,176,341,0.127701,0.466797,0.042969,2
confirmation-1921,confirmation,summarization,512,512,147,284,0.280943,0.474609,0.042969,2
confirmation-1922,confirmation,open_qa,512,512,191,332,0.198428,0.441406,0.068359,2
confirmation-1923,confirmation,information_extraction,512,512,81,134,0.62279,0.822266,0.041016,230
confirmation-1924,confirmation,brainstorming,512,512,76,154,0.516699,0.722656,0.046875,3
confirmation-1925,confirmation,summarization,512,512,76,145,0.554028,0.6875,0.076172,2
confirmation-1926,confirmation,general_qa,512,512,179,391,0.02947,0.482422,0.03125,2
confirmation-1927,confirmation,open_qa,512,512,215,385,0.043222,0.46875,0.03125,2
confirmation-1928,confirmation,open_qa,512,512,225,411,0.045187,0.425781,0.066406,2
confirmation-1929,confirmation,brainstorming,512,512,142,253,0.339882,0.613281,0.164062,2
confirmation-1930,confirmation,general_qa,512,512,162,303,0.218075,0.488281,0.068359,2
confirmation-1931,confirmation,closed_qa,512,512,75,130,0.626719,0.613281,0.070312,3
confirmation-1932,confirmation,classification,512,512,109,228,0.259332,0.660156,0.042969,2
confirmation-1933,confirmation,open_qa,512,512,39,57,0.836935,0.962891,0.003906,1
confirmation-1934,confirmation,brainstorming,512,512,89,152,0.601179,0.732422,0.050781,2
confirmation-1935,confirmation,general_qa,512,512,92,177,0.514735,0.662109,0.125,2
confirmation-1936,confirmation,brainstorming,512,512,113,225,0.404715,0.677734,0.0,1
confirmation-1937,confirmation,general_qa,512,512,191,375,0.064833,0.458984,0.058594,2
confirmation-1938,confirmation,open_qa,512,512,104,161,0.614931,0.808594,0.318359,2
confirmation-1939,confirmation,information_extraction,512,512,21,134,0.339882,0.998047,0.097656,2
confirmation-1940,confirmation,closed_qa,512,512,83,159,0.504912,0.720703,0.09375,3
confirmation-1941,confirmation,brainstorming,512,512,102,170,0.563851,0.697266,0.085938,2
confirmation-1942,confirmation,summarization,512,512,128,254,0.337917,0.572266,0.03125,2
confirmation-1943,confirmation,summarization,512,512,159,286,0.277014,0.490234,0.042969,2
confirmation-1944,confirmation,open_qa,512,512,144,254,0.333988,0.564453,0.019531,2
confirmation-1945,confirmation,general_qa,512,512,219,395,0.053045,0.419922,0.054688,2
confirmation-1946,confirmation,classification,512,512,17,30,0.891945,1.0,0.0,1
confirmation-1947,confirmation,brainstorming,512,512,184,368,0.098232,0.507812,0.027344,2
confirmation-1948,confirmation,classification,512,512,195,364,0.11002,0.494141,0.041016,2
confirmation-1949,confirmation,general_qa,512,512,184,330,0.176817,0.46875,0.066406,2
confirmation-1950,confirmation,open_qa,512,512,208,374,0.131631,0.408203,0.058594,2
confirmation-1951,confirmation,general_qa,512,512,118,192,0.550098,0.5,0.042969,2
confirmation-1952,confirmation,classification,512,512,153,279,0.261297,0.541016,0.060547,2
confirmation-1953,confirmation,open_qa,512,512,173,368,0.062868,0.484375,0.035156,2
confirmation-1954,confirmation,general_qa,512,512,73,126,0.620825,0.855469,0.087891,1
confirmation-1955,confirmation,summarization,512,512,125,189,0.565815,0.445312,0.056641,2
confirmation-1956,confirmation,brainstorming,512,512,202,382,0.076621,0.429688,0.035156,2
confirmation-1957,confirmation,brainstorming,512,512,173,364,0.10609,0.474609,0.013672,1
confirmation-1958,confirmation,open_qa,512,512,172,345,0.129666,0.496094,0.035156,2
confirmation-1959,confirmation,information_extraction,512,512,154,298,0.24165,0.519531,0.050781,2
confirmation-1960,confirmation,open_qa,512,512,148,286,0.229862,0.480469,0.035156,2
confirmation-1961,confirmation,information_extraction,512,512,148,244,0.404715,0.529297,0.0625,2
confirmation-1962,confirmation,open_qa,512,512,198,374,0.08055,0.474609,0.048828,2
confirmation-1963,confirmation,general_qa,512,512,147,262,0.35167,0.626953,0.128906,2
confirmation-1964,confirmation,summarization,512,512,16,60,0.724951,1.0,0.095703,2
confirmation-1965,confirmation,closed_qa,512,512,136,252,0.308448,0.544922,0.033203,2
confirmation-1966,confirmation,closed_qa,512,512,103,183,0.485265,0.541016,0.087891,2
confirmation-1967,confirmation,open_qa,512,512,208,377,0.082515,0.470703,0.056641,2
confirmation-1968,confirmation,summarization,512,512,134,223,0.424361,0.568359,0.103516,3
confirmation-1969,confirmation,creative_writing,512,512,223,416,0.033399,0.441406,0.042969,2
confirmation-1970,confirmation,general_qa,512,512,212,364,0.149312,0.423828,0.066406,2
confirmation-1971,confirmation,open_qa,512,512,20,49,0.811395,1.0,0.001953,1
confirmation-1972,confirmation,open_qa,512,512,228,422,0.037328,0.443359,0.033203,2
confirmation-1973,confirmation,classification,512,512,144,239,0.43222,0.484375,0.113281,2
confirmation-1974,confirmation,classification,512,512,142,236,0.436149,0.554688,0.089844,3
confirmation-1975,confirmation,brainstorming,512,512,137,262,0.335953,0.529297,0.041016,2
confirmation-1976,confirmation,brainstorming,512,512,71,145,0.493124,0.708984,0.041016,2
confirmation-1977,confirmation,open_qa,512,512,153,317,0.145383,0.501953,0.082031,2
confirmation-1978,confirmation,open_qa,512,512,26,45,0.846758,0.988281,0.105469,1
confirmation-1979,confirmation,brainstorming,512,512,244,413,0.033399,0.392578,0.0625,2
confirmation-1980,confirmation,classification,512,512,165,273,0.32613,0.46875,0.050781,2
confirmation-1981,confirmation,information_extraction,512,512,111,233,0.174853,0.699219,0.042969,2
confirmation-1982,confirmation,closed_qa,512,512,70,122,0.634578,0.755859,0.091797,2
confirmation-1983,confirmation,open_qa,512,512,198,368,0.070727,0.464844,0.015625,2
confirmation-1984,confirmation,brainstorming,512,512,185,364,0.084479,0.478516,0.027344,2
confirmation-1985,confirmation,classification,512,512,171,336,0.111984,0.486328,0.029297,3
confirmation-1986,confirmation,general_qa,512,512,132,238,0.318271,0.589844,0.105469,2
confirmation-1987,confirmation,brainstorming,512,512,183,343,0.133595,0.443359,0.085938,2
confirmation-1988,confirmation,summarization,512,512,147,275,0.328094,0.492188,0.023438,2
confirmation-1989,confirmation,general_qa,512,512,177,313,0.273084,0.421875,0.046875,2
confirmation-1990,confirmation,open_qa,512,512,171,319,0.180747,0.458984,0.050781,2
confirmation-1991,confirmation,summarization,512,512,249,440,0.009823,0.400391,0.021484,2
confirmation-1992,confirmation,general_qa,512,512,187,345,0.155206,0.435547,0.068359,2
confirmation-1993,confirmation,closed_qa,512,512,188,294,0.286837,0.447266,0.046875,2
confirmation-1994,confirmation,open_qa,512,512,163,325,0.139489,0.503906,0.029297,2
confirmation-1995,confirmation,general_qa,512,512,108,170,0.548134,0.697266,0.095703,2
confirmation-1996,confirmation,classification,512,512,162,293,0.255403,0.492188,0.058594,2
confirmation-1997,confirmation,information_extraction,512,512,212,396,0.058939,0.423828,0.019531,3
confirmation-1998,confirmation,open_qa,512,512,170,328,0.119843,0.576172,0.046875,2
confirmation-1999,confirmation,brainstorming,512,512,55,87,0.738703,0.759766,0.064453,2
confirmation-2000,confirmation,classification,512,512,207,391,0.053045,0.443359,0.052734,2
confirmation-2001,confirmation,classification,512,512,72,134,0.510806,0.744141,0.101562,2
confirmation-2002,confirmation,classification,512,512,213,400,0.045187,0.478516,0.044922,2
confirmation-2003,confirmation,closed_qa,512,512,147,264,0.288802,0.505859,0.021484,2
confirmation-2004,confirmation,open_qa,512,512,75,158,0.447937,0.791016,0.113281,3
confirmation-2005,confirmation,information_extraction,512,512,142,240,0.353635,0.589844,0.044922,2
confirmation-2006,confirmation,general_qa,512,512,210,413,0.021611,0.455078,0.033203,2
confirmation-2007,confirmation,brainstorming,512,512,6,8,0.984283,1.0,0.398438,2
confirmation-2008,confirmation,creative_writing,512,512,176,294,0.349705,0.623047,0.154297,2
confirmation-2009,confirmation,open_qa,512,512,99,170,0.599214,0.550781,0.035156,2
confirmation-2010,confirmation,summarization,512,512,145,282,0.220039,0.515625,0.078125,2
confirmation-2011,confirmation,open_qa,512,512,204,392,0.082515,0.414062,0.042969,2
confirmation-2012,confirmation,open_qa,512,512,186,355,0.076621,0.496094,0.085938,2
confirmation-2013,confirmation,summarization,512,512,142,222,0.483301,0.675781,0.222656,2
confirmation-2014,confirmation,general_qa,512,512,186,337,0.131631,0.46875,0.066406,2
confirmation-2015,confirmation,summarization,512,512,171,308,0.200393,0.451172,0.052734,2
confirmation-2016,confirmation,open_qa,512,512,150,314,0.174853,0.556641,0.019531,2
confirmation-2017,confirmation,general_qa,512,512,151,308,0.212181,0.533203,0.046875,2
confirmation-2018,confirmation,brainstorming,512,512,222,397,0.066798,0.460938,0.041016,2
confirmation-2019,confirmation,general_qa,512,512,195,387,0.035363,0.505859,0.023438,2
confirmation-2020,confirmation,closed_qa,512,512,198,373,0.098232,0.466797,0.019531,2
confirmation-2021,confirmation,information_extraction,512,512,120,247,0.288802,0.574219,0.046875,3
confirmation-2022,confirmation,open_qa,512,512,180,353,0.119843,0.455078,0.058594,2
confirmation-2023,confirmation,closed_qa,512,512,117,205,0.436149,0.648438,0.070312,3
confirmation-2024,confirmation,brainstorming,512,512,65,102,0.75442,0.888672,0.171875,2
confirmation-2025,confirmation,brainstorming,512,512,223,409,0.060904,0.417969,0.050781,2
confirmation-2026,confirmation,general_qa,512,512,138,235,0.367387,0.587891,0.105469,2
confirmation-2027,confirmation,information_extraction,512,512,192,329,0.214145,0.455078,0.033203,2
confirmation-2028,confirmation,general_qa,512,512,201,367,0.137525,0.386719,0.058594,2
confirmation-2029,confirmation,brainstorming,512,512,132,244,0.310413,0.574219,0.123047,2
confirmation-2030,confirmation,classification,512,512,88,148,0.53831,0.791016,0.076172,2
confirmation-2031,confirmation,open_qa,512,512,176,368,0.090373,0.451172,0.066406,2
confirmation-2032,confirmation,general_qa,512,512,152,298,0.168959,0.519531,0.023438,2
confirmation-2033,confirmation,information_extraction,512,512,39,49,0.891945,0.962891,0.191406,2
confirmation-2034,confirmation,classification,512,512,157,293,0.231827,0.525391,0.070312,2
confirmation-2035,confirmation,general_qa,512,512,96,213,0.288802,0.621094,0.046875,2
confirmation-2036,confirmation,information_extraction,512,512,120,239,0.267191,0.548828,0.080078,2
confirmation-2037,confirmation,closed_qa,512,512,194,348,0.166994,0.457031,0.050781,2
confirmation-2038,confirmation,open_qa,512,512,216,401,0.019646,0.451172,0.039062,2
confirmation-2039,confirmation,creative_writing,512,512,218,386,0.113949,0.439453,0.050781,2
confirmation-2040,confirmation,open_qa,512,512,162,304,0.235756,0.509766,0.052734,2
confirmation-2041,confirmation,closed_qa,512,512,57,105,0.669941,0.818359,0.140625,2
confirmation-2042,confirmation,open_qa,512,512,155,306,0.176817,0.501953,0.041016,3
confirmation-2043,confirmation,information_extraction,512,512,177,334,0.141454,0.490234,0.048828,2
confirmation-2044,confirmation,open_qa,512,512,193,320,0.235756,0.458984,0.015625,3
confirmation-2045,confirmation,general_qa,512,512,16,85,0.575639,1.0,0.251953,2
confirmation-2046,confirmation,open_qa,512,512,141,289,0.253438,0.626953,0.019531,3
confirmation-2047,confirmation,open_qa,512,512,90,195,0.416503,0.691406,0.023438,2
confirmation-2048,confirmation,closed_qa,512,512,120,228,0.375246,0.626953,0.015625,2
confirmation-2049,confirmation,brainstorming,512,512,48,76,0.776031,0.740234,0.025391,2
confirmation-2050,confirmation,classification,512,512,177,328,0.180747,0.466797,0.029297,1
confirmation-2051,confirmation,classification,512,512,194,355,0.100196,0.482422,0.091797,2
confirmation-2052,confirmation,open_qa,512,512,74,133,0.618861,0.8125,0.0,1
confirmation-2053,confirmation,open_qa,512,512,147,281,0.214145,0.552734,0.023438,2
confirmation-2054,confirmation,general_qa,512,512,208,383,0.086444,0.431641,0.050781,2
confirmation-2055,confirmation,classification,512,512,88,167,0.54224,0.705078,0.089844,2
confirmation-2056,confirmation,brainstorming,512,512,191,308,0.288802,0.453125,0.054688,2
confirmation-2057,confirmation,information_extraction,512,512,136,238,0.40668,0.642578,0.078125,2
confirmation-2058,confirmation,brainstorming,512,512,109,224,0.318271,0.623047,0.050781,2
confirmation-2059,confirmation,open_qa,512,512,217,397,0.078585,0.449219,0.041016,2
confirmation-2060,confirmation,classification,512,512,203,386,0.086444,0.431641,0.054688,2
confirmation-2061,confirmation,open_qa,512,512,138,260,0.29666,0.533203,0.068359,2
confirmation-2062,confirmation,general_qa,512,512,182,368,0.068762,0.490234,0.027344,2
confirmation-2063,confirmation,summarization,512,512,137,240,0.363458,0.496094,0.046875,2
confirmation-2064,confirmation,general_qa,512,512,216,407,0.02947,0.472656,0.039062,2
confirmation-2065,confirmation,general_qa,512,512,126,228,0.381139,0.638672,0.064453,2
confirmation-2066,confirmation,information_extraction,512,512,77,119,0.6778,0.650391,0.095703,2
confirmation-2067,confirmation,open_qa,512,512,161,265,0.416503,0.492188,0.09375,2
confirmation-2068,confirmation,classification,512,512,211,406,0.051081,0.412109,0.054688,2
confirmation-2069,confirmation,creative_writing,512,512,36,92,0.70334,0.859375,0.085938,3
confirmation-2070,confirmation,closed_qa,512,512,147,329,0.088409,0.519531,0.021484,2
confirmation-2071,confirmation,summarization,512,512,208,373,0.096267,0.402344,0.042969,2
confirmation-2072,confirmation,information_extraction,512,512,157,327,0.123772,0.544922,0.015625,2
confirmation-2073,confirmation,summarization,512,512,171,293,0.218075,0.539062,0.085938,2
confirmation-2074,confirmation,information_extraction,512,512,223,393,0.074656,0.443359,0.015625,3
confirmation-2075,confirmation,information_extraction,512,512,235,405,0.035363,0.4375,0.017578,2
confirmation-2076,confirmation,classification,512,512,138,291,0.229862,0.533203,0.117188,2
confirmation-2077,confirmation,general_qa,512,512,207,402,0.051081,0.472656,0.058594,2
confirmation-2078,confirmation,open_qa,512,512,156,314,0.180747,0.515625,0.078125,2
confirmation-2079,confirmation,open_qa,512,512,207,380,0.064833,0.431641,0.033203,2
confirmation-2080,confirmation,open_qa,512,512,165,332,0.1611,0.458984,0.056641,2
confirmation-2081,confirmation,information_extraction,512,512,159,282,0.275049,0.548828,0.085938,2
confirmation-2082,confirmation,general_qa,512,512,218,412,0.041257,0.464844,0.03125,2
confirmation-2083,confirmation,open_qa,512,512,181,378,0.060904,0.480469,0.060547,2
confirmation-2084,confirmation,classification,512,512,49,69,0.844794,0.943359,0.214844,2
confirmation-2085,confirmation,closed_qa,512,512,188,359,0.098232,0.433594,0.048828,2
confirmation-2086,confirmation,creative_writing,512,512,88,133,0.695481,0.796875,0.148438,2
confirmation-2087,confirmation,open_qa,512,512,155,302,0.225933,0.476562,0.015625,1
confirmation-2088,confirmation,summarization,512,512,134,203,0.514735,0.466797,0.035156,2
confirmation-2089,confirmation,brainstorming,512,512,208,388,0.066798,0.490234,0.042969,2
confirmation-2090,confirmation,classification,512,512,104,197,0.479371,0.595703,0.033203,2
confirmation-2091,confirmation,creative_writing,512,512,162,308,0.172888,0.527344,0.101562,2
confirmation-2092,confirmation,open_qa,512,512,166,289,0.229862,0.537109,0.0625,2
confirmation-2093,confirmation,classification,512,512,171,303,0.223969,0.445312,0.070312,2
confirmation-2094,confirmation,open_qa,512,512,189,356,0.119843,0.484375,0.041016,2
confirmation-2095,confirmation,open_qa,512,512,119,210,0.43222,0.662109,0.125,2
confirmation-2096,confirmation,information_extraction,512,512,181,338,0.1611,0.486328,0.033203,2
confirmation-2097,confirmation,classification,512,512,70,107,0.72888,0.851562,0.136719,1
confirmation-2098,confirmation,open_qa,512,512,121,249,0.371316,0.546875,0.056641,2
confirmation-2099,confirmation,closed_qa,512,512,169,295,0.341847,0.460938,0.009766,2
confirmation-2100,confirmation,classification,512,512,126,257,0.29666,0.607422,0.027344,2
confirmation-2101,confirmation,brainstorming,512,512,214,396,0.053045,0.433594,0.064453,2
confirmation-2102,confirmation,summarization,512,512,41,53,0.876228,0.958984,0.236328,2
confirmation-2103,confirmation,general_qa,512,512,54,98,0.683694,0.818359,0.072266,2
confirmation-2104,confirmation,general_qa,512,512,213,393,0.078585,0.414062,0.052734,2
confirmation-2105,confirmation,classification,512,512,94,156,0.550098,0.693359,0.080078,2
confirmation-2106,confirmation,summarization,512,512,127,246,0.312377,0.550781,0.058594,2
confirmation-2107,confirmation,brainstorming,512,512,224,402,0.037328,0.414062,0.056641,2
confirmation-2108,confirmation,information_extraction,512,512,94,149,0.624754,0.574219,0.080078,2
confirmation-2109,confirmation,general_qa,512,512,222,401,0.019646,0.462891,0.087891,2
confirmation-2110,confirmation,summarization,512,512,156,292,0.210216,0.587891,0.021484,2
confirmation-2111,confirmation,open_qa,512,512,97,190,0.422397,0.632812,0.027344,2
confirmation-2112,confirmation,classification,512,512,97,181,0.459725,0.662109,0.074219,2
confirmation-2113,confirmation,general_qa,512,512,180,323,0.184676,0.476562,0.099609,2
confirmation-2114,confirmation,closed_qa,512,512,203,349,0.194499,0.410156,0.056641,2
confirmation-2115,confirmation,closed_qa,512,512,141,289,0.176817,0.503906,0.027344,2
confirmation-2116,confirmation,classification,512,512,147,249,0.341847,0.580078,0.072266,3
confirmation-2117,confirmation,closed_qa,512,512,159,303,0.231827,0.505859,0.058594,2
confirmation-2118,confirmation,general_qa,512,512,104,186,0.479371,0.710938,0.087891,5
confirmation-2119,confirmation,open_qa,512,512,144,283,0.204322,0.529297,0.041016,2
confirmation-2120,confirmation,brainstorming,512,512,197,342,0.147348,0.513672,0.0625,2
confirmation-2121,confirmation,closed_qa,512,512,121,258,0.290766,0.626953,0.042969,2
confirmation-2122,confirmation,creative_writing,512,512,168,363,0.064833,0.519531,0.03125,2
confirmation-2123,confirmation,general_qa,512,512,211,399,0.058939,0.453125,0.041016,2
confirmation-2124,confirmation,information_extraction,512,512,122,195,0.546169,0.476562,0.064453,2
confirmation-2125,confirmation,open_qa,512,512,113,173,0.579568,0.521484,0.09375,2
confirmation-2126,confirmation,open_qa,512,512,133,258,0.288802,0.570312,0.009766,2
confirmation-2127,confirmation,brainstorming,512,512,153,250,0.445972,0.640625,0.080078,2
confirmation-2128,confirmation,closed_qa,512,512,166,308,0.233792,0.511719,0.046875,2
confirmation-2129,confirmation,open_qa,512,512,257,411,0.060904,0.394531,0.066406,2
confirmation-2130,confirmation,open_qa,512,512,159,305,0.255403,0.578125,0.193359,3
confirmation-2131,confirmation,closed_qa,512,512,129,221,0.430255,0.53125,0.03125,2
confirmation-2132,confirmation,information_extraction,512,512,82,133,0.640472,0.607422,0.095703,2
confirmation-2133,confirmation,classification,512,512,102,185,0.500982,0.646484,0.091797,2
confirmation-2134,confirmation,general_qa,512,512,146,285,0.24165,0.517578,0.021484,2
confirmation-2135,confirmation,general_qa,512,512,205,386,0.072692,0.449219,0.03125,2
confirmation-2136,confirmation,general_qa,512,512,54,103,0.679764,0.890625,0.058594,2
confirmation-2137,confirmation,open_qa,512,512,177,322,0.225933,0.441406,0.035156,2
confirmation-2138,confirmation,classification,512,512,61,130,0.605108,0.863281,0.052734,3
confirmation-2139,confirmation,creative_writing,512,512,181,330,0.202358,0.484375,0.089844,2
confirmation-2140,confirmation,general_qa,512,512,107,216,0.35167,0.724609,0.027344,2
confirmation-2141,confirmation,closed_qa,512,512,131,257,0.237721,0.568359,0.027344,3
confirmation-2142,confirmation,open_qa,512,512,190,392,0.049116,0.445312,0.042969,2
confirmation-2143,confirmation,classification,512,512,90,148,0.579568,0.753906,0.050781,1
confirmation-2144,confirmation,general_qa,512,512,193,340,0.220039,0.425781,0.052734,2
confirmation-2145,confirmation,closed_qa,512,512,191,357,0.092338,0.517578,0.015625,3
confirmation-2146,confirmation,closed_qa,512,512,187,360,0.056974,0.480469,0.066406,2
confirmation-2147,confirmation,closed_qa,512,512,143,232,0.355599,0.550781,0.105469,2
confirmation-2148,confirmation,summarization,512,512,139,242,0.371316,0.546875,0.109375,2
confirmation-2149,confirmation,open_qa,512,512,155,281,0.314342,0.503906,0.097656,2
confirmation-2150,confirmation,summarization,512,512,114,215,0.40275,0.578125,0.025391,1
confirmation-2151,confirmation,closed_qa,512,512,170,308,0.29666,0.433594,0.052734,2
confirmation-2152,confirmation,brainstorming,512,512,155,299,0.308448,0.533203,0.011719,2
confirmation-2153,confirmation,open_qa,512,512,137,245,0.239686,0.558594,0.03125,2
confirmation-2154,confirmation,open_qa,512,512,190,363,0.072692,0.455078,0.052734,2
confirmation-2155,confirmation,open_qa,512,512,64,149,0.526523,0.804688,0.042969,2
confirmation-2156,confirmation,brainstorming,512,512,182,352,0.117878,0.515625,0.056641,2
confirmation-2157,confirmation,creative_writing,512,512,183,337,0.1611,0.474609,0.041016,2
confirmation-2158,confirmation,open_qa,512,512,196,377,0.100196,0.435547,0.046875,2
confirmation-2159,confirmation,brainstorming,512,512,61,107,0.669941,0.75,0.130859,2
confirmation-2160,confirmation,creative_writing,512,512,212,392,0.060904,0.470703,0.050781,2
confirmation-2161,confirmation,closed_qa,512,512,163,299,0.210216,0.537109,0.080078,3
confirmation-2162,confirmation,open_qa,512,512,141,269,0.243615,0.5625,0.0,1
confirmation-2163,confirmation,summarization,512,512,141,283,0.255403,0.59375,0.101562,2
confirmation-2164,confirmation,creative_writing,512,512,114,228,0.400786,0.564453,0.041016,1
confirmation-2165,confirmation,open_qa,512,512,175,307,0.233792,0.570312,0.054688,2
confirmation-2166,confirmation,open_qa,512,512,176,320,0.184676,0.460938,0.054688,2
confirmation-2167,confirmation,brainstorming,512,512,141,225,0.43222,0.546875,0.117188,2
confirmation-2168,confirmation,open_qa,512,512,129,244,0.300589,0.566406,0.035156,2
confirmation-2169,confirmation,closed_qa,512,512,162,332,0.129666,0.541016,0.027344,3
confirmation-2170,confirmation,general_qa,512,512,170,318,0.182711,0.478516,0.027344,2
confirmation-2171,confirmation,information_extraction,512,512,109,238,0.294695,0.609375,0.070312,2
confirmation-2172,confirmation,classification,512,512,162,280,0.375246,0.466797,0.029297,2
confirmation-2173,confirmation,classification,512,512,186,378,0.049116,0.462891,0.019531,2
confirmation-2174,confirmation,classification,512,512,202,392,0.058939,0.455078,0.029297,2
confirmation-2175,confirmation,information_extraction,512,512,119,245,0.288802,0.560547,0.044922,2
confirmation-2176,confirmation,open_qa,512,512,199,386,0.068762,0.453125,0.041016,2
confirmation-2177,confirmation,closed_qa,512,512,44,62,0.856582,0.9375,0.123047,2
confirmation-2178,confirmation,classification,512,512,131,220,0.367387,0.476562,0.044922,2
confirmation-2179,confirmation,general_qa,512,512,208,370,0.141454,0.425781,0.058594,2
confirmation-2180,confirmation,general_qa,512,512,189,345,0.115914,0.458984,0.007812,2
confirmation-2181,confirmation,information_extraction,512,512,98,156,0.642436,0.646484,0.089844,2
confirmation-2182,confirmation,brainstorming,512,512,202,390,0.060904,0.435547,0.068359,2
confirmation-2183,confirmation,information_extraction,512,512,182,361,0.072692,0.478516,0.035156,3
confirmation-2184,confirmation,classification,512,512,9,15,0.97053,1.0,0.0,1
confirmation-2185,confirmation,brainstorming,512,512,94,179,0.524558,0.755859,0.039062,2
confirmation-2186,confirmation,classification,512,512,175,336,0.131631,0.455078,0.068359,2
confirmation-2187,confirmation,open_qa,512,512,148,298,0.182711,0.53125,0.095703,2
confirmation-2188,confirmation,general_qa,512,512,61,114,0.620825,0.857422,0.048828,2
confirmation-2189,confirmation,general_qa,512,512,235,416,0.037328,0.416016,0.042969,2
confirmation-2190,confirmation,brainstorming,512,512,192,369,0.070727,0.484375,0.037109,2
confirmation-2191,confirmation,open_qa,512,512,174,319,0.220039,0.447266,0.042969,2
confirmation-2192,confirmation,brainstorming,512,512,181,354,0.133595,0.486328,0.033203,2
confirmation-2193,confirmation,summarization,512,512,70,109,0.719057,0.640625,0.072266,2
confirmation-2194,confirmation,closed_qa,512,512,146,285,0.239686,0.544922,0.097656,2
confirmation-2195,confirmation,open_qa,512,512,106,200,0.420432,0.660156,0.083984,2
confirmation-2196,confirmation,general_qa,512,512,109,188,0.500982,0.644531,0.03125,2
confirmation-2197,confirmation,summarization,512,512,128,245,0.298625,0.582031,0.083984,2
confirmation-2198,confirmation,brainstorming,512,512,192,365,0.113949,0.451172,0.039062,2
confirmation-2199,confirmation,classification,512,512,64,127,0.577603,0.792969,0.091797,2
confirmation-2200,confirmation,closed_qa,512,512,160,329,0.139489,0.546875,0.0625,3
confirmation-2201,confirmation,classification,512,512,105,199,0.463654,0.666016,0.0625,2
confirmation-2202,confirmation,summarization,512,512,183,360,0.092338,0.482422,0.033203,2
confirmation-2203,confirmation,open_qa,512,512,123,209,0.508841,0.537109,0.132812,2
confirmation-2204,confirmation,general_qa,512,512,90,156,0.609037,0.755859,0.050781,2
confirmation-2205,confirmation,open_qa,512,512,134,240,0.388998,0.527344,0.052734,2
confirmation-2206,confirmation,closed_qa,512,512,159,297,0.194499,0.496094,0.035156,3
confirmation-2207,confirmation,open_qa,512,512,179,326,0.163065,0.53125,0.041016,2
confirmation-2208,confirmation,general_qa,512,512,132,265,0.302554,0.525391,0.103516,2
confirmation-2209,confirmation,classification,512,512,39,73,0.681729,0.9375,0.113281,2
confirmation-2210,confirmation,classification,512,512,95,198,0.361493,0.742188,0.080078,2
confirmation-2211,confirmation,closed_qa,512,512,121,205,0.387033,0.597656,0.121094,2
confirmation-2212,confirmation,brainstorming,512,512,189,325,0.172888,0.523438,0.068359,2
confirmation-2213,confirmation,closed_qa,512,512,50,121,0.447937,0.896484,0.009766,2
confirmation-2214,confirmation,brainstorming,512,512,174,341,0.113949,0.503906,0.035156,2
confirmation-2215,confirmation,open_qa,512,512,132,261,0.308448,0.5625,0.029297,2
confirmation-2216,confirmation,information_extraction,512,512,179,309,0.214145,0.546875,0.091797,2
confirmation-2217,confirmation,closed_qa,512,512,117,185,0.575639,0.697266,0.085938,2
confirmation-2218,confirmation,open_qa,512,512,101,212,0.379175,0.605469,0.050781,2
confirmation-2219,confirmation,open_qa,512,512,99,176,0.510806,0.529297,0.054688,2
confirmation-2220,confirmation,general_qa,512,512,86,131,0.679764,0.732422,0.080078,1
confirmation-2221,confirmation,closed_qa,512,512,103,199,0.45776,0.560547,0.080078,2
confirmation-2222,confirmation,brainstorming,512,512,190,383,0.070727,0.464844,0.019531,2
confirmation-2223,confirmation,general_qa,512,512,52,79,0.774067,0.849609,0.058594,1
confirmation-2224,confirmation,closed_qa,512,512,164,309,0.210216,0.478516,0.039062,2
confirmation-2225,confirmation,classification,512,512,15,37,0.862475,1.0,0.0,3
confirmation-2226,confirmation,classification,512,512,139,266,0.200393,0.505859,0.017578,3
confirmation-2227,confirmation,brainstorming,512,512,146,305,0.166994,0.542969,0.058594,2
confirmation-2228,confirmation,closed_qa,512,512,111,165,0.56778,0.484375,0.056641,2
confirmation-2229,confirmation,general_qa,512,512,141,315,0.143418,0.603516,0.023438,2
confirmation-2230,confirmation,general_qa,512,512,152,246,0.444008,0.445312,0.064453,2
confirmation-2231,confirmation,brainstorming,512,512,162,279,0.339882,0.488281,0.076172,2
confirmation-2232,confirmation,summarization,512,512,112,242,0.318271,0.5625,0.015625,2
confirmation-2233,confirmation,classification,512,512,197,371,0.090373,0.455078,0.050781,2
confirmation-2234,confirmation,brainstorming,512,512,194,363,0.113949,0.435547,0.064453,2
confirmation-2235,confirmation,general_qa,512,512,165,302,0.249509,0.462891,0.056641,2
confirmation-2236,confirmation,open_qa,512,512,170,338,0.137525,0.498047,0.048828,2
confirmation-2237,confirmation,brainstorming,512,512,158,345,0.090373,0.525391,0.046875,2
confirmation-2238,confirmation,closed_qa,512,512,138,226,0.420432,0.601562,0.064453,2
confirmation-2239,confirmation,closed_qa,512,512,174,331,0.159136,0.494141,0.050781,2
confirmation-2240,confirmation,open_qa,512,512,181,264,0.278978,0.556641,0.113281,2
confirmation-2241,confirmation,general_qa,512,512,199,393,0.066798,0.470703,0.027344,2
confirmation-2242,confirmation,classification,512,512,195,337,0.129666,0.447266,0.039062,2
confirmation-2243,confirmation,open_qa,512,512,34,64,0.785855,0.857422,0.083984,2
confirmation-2244,confirmation,open_qa,512,512,89,178,0.497053,0.730469,0.044922,5
confirmation-2245,confirmation,information_extraction,512,512,102,178,0.544204,0.605469,0.074219,2
confirmation-2246,confirmation,classification,512,512,60,101,0.740668,0.873047,0.128906,2
confirmation-2247,confirmation,open_qa,512,512,193,351,0.141454,0.496094,0.058594,2
confirmation-2248,confirmation,classification,512,512,174,319,0.206287,0.566406,0.056641,2
confirmation-2249,confirmation,closed_qa,512,512,158,312,0.180747,0.472656,0.058594,2
confirmation-2250,confirmation,general_qa,512,512,200,394,0.041257,0.464844,0.048828,2
confirmation-2251,confirmation,brainstorming,512,512,126,260,0.239686,0.634766,0.095703,2
confirmation-2252,confirmation,classification,512,512,176,362,0.068762,0.486328,0.060547,2
confirmation-2253,confirmation,information_extraction,512,512,172,325,0.139489,0.474609,0.085938,2
confirmation-2254,confirmation,general_qa,512,512,201,392,0.053045,0.470703,0.058594,2
confirmation-2255,confirmation,brainstorming,512,512,210,411,0.056974,0.447266,0.023438,2
confirmation-2256,confirmation,classification,512,512,185,337,0.168959,0.484375,0.039062,2
confirmation-2257,confirmation,closed_qa,512,512,162,336,0.123772,0.498047,0.039062,2
confirmation-2258,confirmation,summarization,512,512,198,353,0.117878,0.453125,0.027344,2
confirmation-2259,confirmation,brainstorming,512,512,182,322,0.174853,0.457031,0.044922,2
confirmation-2260,confirmation,classification,512,512,79,142,0.607073,0.5625,0.064453,2
confirmation-2261,confirmation,open_qa,512,512,133,283,0.21611,0.603516,0.027344,2
confirmation-2262,confirmation,information_extraction,512,512,136,268,0.233792,0.517578,0.03125,2
confirmation-2263,confirmation,closed_qa,512,512,147,289,0.21611,0.574219,0.03125,2
confirmation-2264,confirmation,closed_qa,512,512,120,244,0.308448,0.617188,0.076172,5
confirmation-2265,confirmation,open_qa,512,512,202,359,0.147348,0.453125,0.037109,2
confirmation-2266,confirmation,closed_qa,512,512,179,328,0.192534,0.470703,0.044922,2
confirmation-2267,confirmation,brainstorming,512,512,179,353,0.092338,0.480469,0.064453,2
confirmation-2268,confirmation,open_qa,512,512,126,258,0.324165,0.607422,0.074219,2
confirmation-2269,confirmation,brainstorming,512,512,66,138,0.595285,0.744141,0.070312,2
confirmation-2270,confirmation,closed_qa,512,512,93,162,0.628684,0.548828,0.021484,2
confirmation-2271,confirmation,general_qa,512,512,125,226,0.463654,0.693359,0.115234,2
confirmation-2272,confirmation,information_extraction,512,512,101,183,0.473477,0.644531,0.046875,2
confirmation-2273,confirmation,classification,512,512,161,300,0.290766,0.529297,0.064453,2
confirmation-2274,confirmation,open_qa,512,512,197,370,0.102161,0.431641,0.027344,2
confirmation-2275,confirmation,open_qa,512,512,201,383,0.072692,0.455078,0.0625,2
confirmation-2276,confirmation,open_qa,512,512,46,87,0.701375,0.916016,0.091797,2
confirmation-2277,confirmation,information_extraction,512,512,117,215,0.436149,0.580078,0.09375,2
confirmation-2278,confirmation,information_extraction,512,512,62,115,0.658153,0.839844,0.136719,2
confirmation-2279,confirmation,closed_qa,512,512,78,117,0.681729,0.601562,0.052734,2
confirmation-2280,confirmation,open_qa,512,512,167,327,0.129666,0.533203,0.027344,2
confirmation-2281,confirmation,closed_qa,512,512,66,106,0.697446,0.691406,0.058594,2
confirmation-2282,confirmation,open_qa,512,512,123,227,0.398821,0.585938,0.125,2
confirmation-2283,confirmation,classification,512,512,183,332,0.155206,0.449219,0.042969,2
confirmation-2284,confirmation,open_qa,512,512,161,309,0.172888,0.585938,0.076172,2
confirmation-2285,confirmation,brainstorming,512,512,234,424,0.027505,0.402344,0.015625,2
confirmation-2286,confirmation,open_qa,512,512,162,323,0.149312,0.505859,0.03125,2
confirmation-2287,confirmation,brainstorming,512,512,37,158,0.125737,0.960938,0.009766,2
confirmation-2288,confirmation,closed_qa,512,512,133,257,0.324165,0.623047,0.080078,2
confirmation-2289,confirmation,open_qa,512,512,223,411,0.037328,0.425781,0.03125,2
confirmation-2290,confirmation,brainstorming,512,512,204,368,0.104126,0.445312,0.013672,2
confirmation-2291,confirmation,general_qa,512,512,178,341,0.180747,0.480469,0.058594,2
confirmation-2292,confirmation,general_qa,512,512,194,366,0.111984,0.455078,0.050781,2
confirmation-2293,confirmation,open_qa,512,512,112,195,0.489194,0.560547,0.042969,2
confirmation-2294,confirmation,information_extraction,512,512,72,139,0.530452,0.833984,0.083984,3
confirmation-2295,confirmation,open_qa,512,512,197,388,0.060904,0.455078,0.050781,2
confirmation-2296,confirmation,open_qa,512,512,211,420,0.019646,0.433594,0.035156,4
confirmation-2297,confirmation,classification,512,512,95,178,0.434185,0.552734,0.072266,3
confirmation-2298,confirmation,classification,512,512,183,352,0.113949,0.447266,0.060547,2
confirmation-2299,confirmation,open_qa,512,512,164,337,0.096267,0.494141,0.03125,2
confirmation-2300,confirmation,general_qa,512,512,79,113,0.732809,0.853516,0.205078,2
confirmation-2301,confirmation,open_qa,512,512,194,372,0.11002,0.435547,0.041016,2
confirmation-2302,confirmation,open_qa,512,512,199,360,0.104126,0.541016,0.023438,2
confirmation-2303,confirmation,general_qa,512,512,214,415,0.011788,0.416016,0.033203,2
confirmation-2304,confirmation,information_extraction,512,512,136,262,0.308448,0.529297,0.056641,2
confirmation-2305,confirmation,brainstorming,512,512,167,329,0.131631,0.494141,0.052734,2
confirmation-2306,confirmation,brainstorming,512,512,145,282,0.314342,0.494141,0.044922,9
confirmation-2307,confirmation,closed_qa,512,512,95,154,0.612967,0.628906,0.082031,2
confirmation-2308,confirmation,closed_qa,512,512,215,364,0.139489,0.414062,0.033203,2
confirmation-2309,confirmation,general_qa,512,512,141,273,0.292731,0.470703,0.021484,2
confirmation-2310,confirmation,classification,512,512,136,221,0.491159,0.576172,0.046875,1
confirmation-2311,confirmation,open_qa,512,512,213,365,0.090373,0.457031,0.027344,2
confirmation-2312,confirmation,information_extraction,512,512,82,130,0.646365,0.671875,0.03125,2
confirmation-2313,confirmation,open_qa,512,512,155,277,0.316306,0.46875,0.068359,2
confirmation-2314,confirmation,open_qa,512,512,56,136,0.491159,0.875,0.078125,2
confirmation-2315,confirmation,summarization,512,512,68,203,0.198428,0.875,0.117188,2
confirmation-2316,confirmation,open_qa,512,512,178,352,0.094303,0.501953,0.037109,2
confirmation-2317,confirmation,brainstorming,512,512,192,360,0.092338,0.435547,0.072266,2
confirmation-2318,confirmation,brainstorming,512,512,83,140,0.642436,0.8125,0.027344,2
confirmation-2319,confirmation,open_qa,512,512,110,225,0.363458,0.546875,0.050781,2
confirmation-2320,confirmation,open_qa,512,512,97,219,0.280943,0.701172,0.023438,2
confirmation-2321,confirmation,information_extraction,512,512,100,190,0.506876,0.779297,0.107422,3
confirmation-2322,confirmation,information_extraction,512,512,127,254,0.282908,0.605469,0.042969,2
confirmation-2323,confirmation,general_qa,512,512,208,363,0.125737,0.435547,0.072266,2
confirmation-2324,confirmation,information_extraction,512,512,116,263,0.247544,0.677734,0.058594,2
confirmation-2325,confirmation,closed_qa,512,512,172,306,0.249509,0.427734,0.044922,2
confirmation-2326,confirmation,open_qa,512,512,81,159,0.518664,0.677734,0.099609,2
confirmation-2327,confirmation,classification,512,512,119,238,0.318271,0.597656,0.003906,1
confirmation-2328,confirmation,summarization,512,512,224,384,0.086444,0.453125,0.019531,3
confirmation-2329,confirmation,open_qa,512,512,205,353,0.133595,0.503906,0.027344,2
confirmation-2330,confirmation,brainstorming,512,512,211,403,0.027505,0.480469,0.052734,2
confirmation-2331,confirmation,open_qa,512,512,107,216,0.35167,0.615234,0.048828,2
confirmation-2332,confirmation,creative_writing,512,512,230,402,0.064833,0.412109,0.019531,2
confirmation-2333,confirmation,open_qa,512,512,209,407,0.017682,0.464844,0.019531,2
confirmation-2334,confirmation,information_extraction,512,512,134,254,0.310413,0.515625,0.019531,2
confirmation-2335,confirmation,open_qa,512,512,108,207,0.280943,0.638672,0.121094,3
confirmation-2336,confirmation,information_extraction,512,512,145,260,0.333988,0.529297,0.058594,2
confirmation-2337,confirmation,open_qa,512,512,183,340,0.176817,0.46875,0.023438,2
confirmation-2338,confirmation,classification,512,512,126,245,0.320236,0.59375,0.019531,2
confirmation-2339,confirmation,classification,512,512,113,241,0.330059,0.607422,0.056641,2
confirmation-2340,confirmation,open_qa,512,512,215,409,0.043222,0.441406,0.035156,2
confirmation-2341,confirmation,open_qa,512,512,179,313,0.229862,0.445312,0.0625,2
confirmation-2342,confirmation,open_qa,512,512,145,271,0.318271,0.525391,0.052734,2
confirmation-2343,confirmation,classification,512,512,191,383,0.058939,0.447266,0.054688,2
confirmation-2344,confirmation,open_qa,512,512,201,383,0.053045,0.46875,0.005859,2
confirmation-2345,confirmation,summarization,512,512,130,241,0.357564,0.601562,0.074219,2
confirmation-2346,confirmation,closed_qa,512,512,153,328,0.131631,0.509766,0.035156,2
confirmation-2347,confirmation,classification,512,512,117,222,0.335953,0.650391,0.142578,2
confirmation-2348,confirmation,brainstorming,512,512,175,356,0.113949,0.451172,0.023438,2
confirmation-2349,confirmation,open_qa,512,512,191,348,0.129666,0.429688,0.058594,2
confirmation-2350,confirmation,open_qa,512,512,228,415,0.045187,0.400391,0.050781,2
confirmation-2351,confirmation,classification,512,512,110,195,0.420432,0.675781,0.117188,2
confirmation-2352,confirmation,classification,512,512,168,334,0.113949,0.501953,0.041016,2
confirmation-2353,confirmation,information_extraction,512,512,132,241,0.359528,0.539062,0.078125,3
confirmation-2354,confirmation,brainstorming,512,512,111,184,0.51277,0.513672,0.109375,2
confirmation-2355,confirmation,general_qa,512,512,192,375,0.104126,0.433594,0.064453,2
confirmation-2356,confirmation,open_qa,512,512,89,177,0.369352,0.646484,0.09375,2
confirmation-2357,confirmation,general_qa,512,512,232,426,0.037328,0.443359,0.050781,2
confirmation-2358,confirmation,information_extraction,512,512,171,329,0.102161,0.537109,0.044922,2
confirmation-2359,confirmation,open_qa,512,512,74,152,0.534381,0.685547,0.058594,2
confirmation-2360,confirmation,summarization,512,512,160,303,0.168959,0.554688,0.019531,2
confirmation-2361,confirmation,creative_writing,512,512,116,226,0.353635,0.53125,0.029297,2
confirmation-2362,confirmation,open_qa,512,512,148,218,0.416503,0.666016,0.066406,2
confirmation-2363,confirmation,general_qa,512,512,119,236,0.292731,0.617188,0.058594,2
confirmation-2364,confirmation,closed_qa,512,512,194,335,0.180747,0.427734,0.066406,2
confirmation-2365,confirmation,closed_qa,512,512,114,244,0.288802,0.609375,0.060547,2
confirmation-2366,confirmation,brainstorming,512,512,183,324,0.21611,0.542969,0.130859,2
confirmation-2367,confirmation,summarization,512,512,214,380,0.041257,0.435547,0.068359,2
confirmation-2368,confirmation,closed_qa,512,512,219,393,0.064833,0.451172,0.023438,2
confirmation-2369,confirmation,general_qa,512,512,178,308,0.24165,0.445312,0.052734,2
confirmation-2370,confirmation,summarization,512,512,155,344,0.078585,0.591797,0.039062,2
confirmation-2371,confirmation,general_qa,512,512,193,348,0.082515,0.492188,0.078125,2
confirmation-2372,confirmation,open_qa,512,512,123,224,0.473477,0.498047,0.064453,2
confirmation-2373,confirmation,summarization,512,512,210,393,0.041257,0.431641,0.019531,2
confirmation-2374,confirmation,open_qa,512,512,105,210,0.365422,0.638672,0.013672,2
confirmation-2375,confirmation,open_qa,512,512,233,408,0.047151,0.419922,0.03125,2
confirmation-2376,confirmation,open_qa,512,512,182,322,0.155206,0.533203,0.117188,2
confirmation-2377,confirmation,classification,512,512,189,373,0.058939,0.464844,0.048828,2
confirmation-2378,confirmation,classification,512,512,58,82,0.75835,0.914062,0.005859,2
confirmation-2379,confirmation,open_qa,512,512,204,389,0.05501,0.435547,0.025391,2
confirmation-2380,confirmation,information_extraction,512,512,90,141,0.636542,0.837891,0.136719,2
confirmation-2381,confirmation,classification,512,512,181,356,0.08055,0.470703,0.048828,2
confirmation-2382,confirmation,open_qa,512,512,226,392,0.070727,0.46875,0.060547,2
confirmation-2383,confirmation,classification,512,512,145,287,0.192534,0.537109,0.064453,2
confirmation-2384,confirmation,summarization,512,512,189,318,0.172888,0.515625,0.056641,2
confirmation-2385,confirmation,creative_writing,512,512,209,398,0.035363,0.470703,0.054688,3
confirmation-2386,confirmation,summarization,512,512,207,382,0.074656,0.474609,0.023438,3
confirmation-2387,confirmation,brainstorming,512,512,105,179,0.524558,0.552734,0.060547,2
confirmation-2388,confirmation,closed_qa,512,512,121,204,0.438114,0.541016,0.050781,2
confirmation-2389,confirmation,brainstorming,512,512,191,345,0.163065,0.410156,0.050781,2
confirmation-2390,confirmation,general_qa,512,512,155,302,0.155206,0.492188,0.074219,5
confirmation-2391,confirmation,brainstorming,512,512,123,225,0.302554,0.632812,0.101562,3
confirmation-2392,confirmation,summarization,512,512,41,65,0.742633,0.927734,0.048828,2
confirmation-2393,confirmation,summarization,512,512,189,354,0.137525,0.429688,0.087891,2
confirmation-2394,confirmation,open_qa,512,512,100,190,0.434185,0.621094,0.064453,2
confirmation-2395,confirmation,open_qa,512,512,176,344,0.131631,0.484375,0.041016,2
confirmation-2396,confirmation,open_qa,512,512,170,312,0.235756,0.478516,0.0625,2
confirmation-2397,confirmation,classification,512,512,216,413,0.05501,0.439453,0.046875,2
confirmation-2398,confirmation,classification,512,512,95,141,0.601179,0.810547,0.0,1
confirmation-2399,confirmation,open_qa,512,512,181,326,0.206287,0.486328,0.042969,2
confirmation-2400,confirmation,general_qa,512,512,205,386,0.058939,0.466797,0.046875,2
confirmation-2401,confirmation,open_qa,512,512,81,159,0.577603,0.712891,0.089844,2
confirmation-2402,confirmation,creative_writing,512,512,153,300,0.180747,0.568359,0.105469,2
confirmation-2403,confirmation,open_qa,512,512,109,201,0.495088,0.585938,0.074219,3
confirmation-2404,confirmation,open_qa,512,512,185,361,0.074656,0.441406,0.052734,3
confirmation-2405,confirmation,classification,512,512,158,307,0.147348,0.578125,0.035156,2
confirmation-2406,confirmation,general_qa,512,512,215,380,0.058939,0.427734,0.015625,2
confirmation-2407,confirmation,brainstorming,512,512,99,153,0.575639,0.523438,0.076172,2
confirmation-2408,confirmation,open_qa,512,512,173,362,0.076621,0.439453,0.080078,2
confirmation-2409,confirmation,general_qa,512,512,132,255,0.255403,0.566406,0.109375,2
confirmation-2410,confirmation,general_qa,512,512,181,313,0.275049,0.5,0.035156,2
confirmation-2411,confirmation,open_qa,512,512,173,323,0.229862,0.453125,0.039062,2
confirmation-2412,confirmation,information_extraction,512,512,178,336,0.119843,0.5,0.03125,2
confirmation-2413,confirmation,creative_writing,512,512,78,115,0.717092,0.816406,0.212891,2
confirmation-2414,confirmation,brainstorming,512,512,210,408,0.039293,0.455078,0.039062,2
confirmation-2415,confirmation,summarization,512,512,189,339,0.182711,0.484375,0.126953,2
confirmation-2416,confirmation,classification,512,512,161,306,0.178782,0.505859,0.046875,2
confirmation-2417,confirmation,open_qa,512,512,134,286,0.168959,0.585938,0.044922,4
confirmation-2418,confirmation,open_qa,512,512,26,36,0.905697,0.908203,0.042969,3
confirmation-2419,confirmation,brainstorming,512,512,165,347,0.123772,0.498047,0.027344,1
confirmation-2420,confirmation,open_qa,512,512,214,397,0.023576,0.455078,0.035156,2
confirmation-2421,confirmation,information_extraction,512,512,134,269,0.263261,0.470703,0.015625,2
confirmation-2422,confirmation,summarization,512,512,151,294,0.222004,0.439453,0.019531,3
confirmation-2423,confirmation,brainstorming,512,512,191,387,0.051081,0.458984,0.035156,2
confirmation-2424,confirmation,classification,512,512,152,303,0.163065,0.533203,0.105469,2
confirmation-2425,confirmation,general_qa,512,512,208,353,0.168959,0.451172,0.060547,2
confirmation-2426,confirmation,information_extraction,512,512,109,212,0.447937,0.568359,0.029297,3
confirmation-2427,confirmation,open_qa,512,512,178,322,0.166994,0.537109,0.029297,2
confirmation-2428,confirmation,information_extraction,512,512,93,169,0.485265,0.697266,0.019531,2
confirmation-2429,confirmation,open_qa,512,512,69,116,0.713163,0.638672,0.089844,2
confirmation-2430,confirmation,closed_qa,512,512,123,260,0.227898,0.617188,0.052734,2
confirmation-2431,confirmation,brainstorming,512,512,105,187,0.48723,0.558594,0.0,2
confirmation-2432,confirmation,information_extraction,512,512,183,309,0.168959,0.460938,0.107422,2
confirmation-2433,confirmation,information_extraction,512,512,99,171,0.555992,0.583984,0.066406,2
confirmation-2434,confirmation,brainstorming,512,512,174,278,0.263261,0.505859,0.037109,2
confirmation-2435,confirmation,summarization,512,512,39,59,0.862475,0.734375,0.029297,2
confirmation-2436,confirmation,open_qa,512,512,110,198,0.388998,0.710938,0.050781,2
confirmation-2437,confirmation,summarization,512,512,185,304,0.275049,0.460938,0.035156,3
confirmation-2438,confirmation,open_qa,512,512,233,437,0.007859,0.429688,0.027344,2
confirmation-2439,confirmation,information_extraction,512,512,141,316,0.100196,0.605469,0.015625,1
confirmation-2440,confirmation,summarization,512,512,113,168,0.559921,0.669922,0.089844,2
confirmation-2441,confirmation,creative_writing,512,512,102,191,0.408644,0.611328,0.054688,2
confirmation-2442,confirmation,open_qa,512,512,132,274,0.188605,0.65625,0.035156,2
confirmation-2443,confirmation,closed_qa,512,512,157,255,0.357564,0.537109,0.066406,2
confirmation-2444,confirmation,classification,512,512,135,285,0.212181,0.556641,0.027344,2
confirmation-2445,confirmation,information_extraction,512,512,69,119,0.675835,0.628906,0.070312,2
confirmation-2446,confirmation,classification,512,512,182,343,0.113949,0.519531,0.025391,2
confirmation-2447,confirmation,brainstorming,512,512,78,114,0.734774,0.683594,0.138672,2
confirmation-2448,confirmation,open_qa,512,512,205,380,0.082515,0.476562,0.066406,2
confirmation-2449,confirmation,open_qa,512,512,75,152,0.410609,0.785156,0.060547,2
confirmation-2450,confirmation,open_qa,512,512,187,340,0.168959,0.46875,0.046875,2
confirmation-2451,confirmation,classification,512,512,144,287,0.192534,0.552734,0.037109,2
confirmation-2452,confirmation,general_qa,512,512,169,328,0.170923,0.492188,0.033203,2
confirmation-2453,confirmation,summarization,512,512,163,349,0.096267,0.466797,0.017578,2
confirmation-2454,confirmation,creative_writing,512,512,151,320,0.168959,0.507812,0.054688,2
confirmation-2455,confirmation,classification,512,512,127,213,0.453831,0.589844,0.082031,1
confirmation-2456,confirmation,classification,512,512,216,340,0.229862,0.396484,0.03125,2
confirmation-2457,confirmation,classification,512,512,183,368,0.094303,0.443359,0.074219,2
confirmation-2458,confirmation,open_qa,512,512,67,104,0.72888,0.826172,0.105469,2
confirmation-2459,confirmation,general_qa,512,512,251,417,0.033399,0.390625,0.027344,2
confirmation-2460,confirmation,open_qa,512,512,63,111,0.544204,0.775391,0.162109,2
confirmation-2461,confirmation,summarization,512,512,180,317,0.269155,0.417969,0.037109,2
confirmation-2462,confirmation,classification,512,512,193,365,0.102161,0.455078,0.041016,2
confirmation-2463,confirmation,open_qa,512,512,84,149,0.554028,0.71875,0.132812,3
confirmation-2464,confirmation,general_qa,512,512,224,428,0.009823,0.455078,0.039062,2
confirmation-2465,confirmation,open_qa,512,512,159,255,0.43222,0.445312,0.041016,2
confirmation-2466,confirmation,classification,512,512,142,263,0.286837,0.558594,0.072266,2
confirmation-2467,confirmation,general_qa,512,512,230,412,0.02554,0.460938,0.015625,2
confirmation-2468,confirmation,open_qa,512,512,187,382,0.041257,0.503906,0.0625,2
confirmation-2469,confirmation,open_qa,512,512,206,374,0.086444,0.410156,0.011719,2
confirmation-2470,confirmation,classification,512,512,25,36,0.858546,0.988281,0.0,1
confirmation-2471,confirmation,general_qa,512,512,186,376,0.094303,0.464844,0.078125,2
confirmation-2472,confirmation,open_qa,512,512,201,359,0.123772,0.513672,0.039062,2
confirmation-2473,confirmation,open_qa,512,512,143,281,0.223969,0.560547,0.066406,4
confirmation-2474,confirmation,classification,512,512,152,269,0.253438,0.533203,0.023438,2
confirmation-2475,confirmation,brainstorming,512,512,173,306,0.227898,0.447266,0.095703,2
confirmation-2476,confirmation,summarization,512,512,148,332,0.119843,0.544922,0.03125,2
confirmation-2477,confirmation,classification,512,512,78,159,0.485265,0.708984,0.068359,2
confirmation-2478,confirmation,classification,512,512,198,329,0.243615,0.439453,0.0625,2
confirmation-2479,confirmation,open_qa,512,512,187,366,0.064833,0.492188,0.037109,2
confirmation-2480,confirmation,open_qa,512,512,136,249,0.363458,0.671875,0.148438,2
confirmation-2481,confirmation,open_qa,512,512,172,381,0.043222,0.511719,0.021484,2
confirmation-2482,confirmation,open_qa,512,512,188,369,0.064833,0.455078,0.058594,2
confirmation-2483,confirmation,brainstorming,512,512,54,77,0.811395,0.621094,0.037109,1
confirmation-2484,confirmation,closed_qa,512,512,160,305,0.18664,0.507812,0.027344,2
confirmation-2485,confirmation,information_extraction,512,512,219,403,0.056974,0.472656,0.046875,3
confirmation-2486,confirmation,brainstorming,512,512,154,335,0.082515,0.542969,0.03125,2
confirmation-2487,confirmation,classification,512,512,102,149,0.666012,0.59375,0.085938,2
confirmation-2488,confirmation,summarization,512,512,110,205,0.440079,0.509766,0.046875,2
confirmation-2489,confirmation,summarization,512,512,137,280,0.227898,0.521484,0.0625,3
confirmation-2490,confirmation,creative_writing,512,512,112,261,0.165029,0.615234,0.066406,2
confirmation-2491,confirmation,general_qa,512,512,122,236,0.398821,0.550781,0.035156,2
confirmation-2492,confirmation,general_qa,512,512,125,224,0.414538,0.478516,0.044922,2
confirmation-2493,confirmation,open_qa,512,512,147,338,0.076621,0.576172,0.029297,2
confirmation-2494,confirmation,general_qa,512,512,113,228,0.335953,0.703125,0.037109,24
confirmation-2495,confirmation,brainstorming,512,512,219,411,0.031434,0.425781,0.078125,2
confirmation-2496,confirmation,brainstorming,512,512,79,154,0.485265,0.695312,0.154297,2
confirmation-2497,confirmation,brainstorming,512,512,186,378,0.062868,0.480469,0.056641,2
confirmation-2498,confirmation,open_qa,512,512,168,320,0.182711,0.445312,0.035156,2
confirmation-2499,confirmation,closed_qa,512,512,139,276,0.273084,0.525391,0.046875,2
confirmation-2500,confirmation,brainstorming,512,512,100,183,0.430255,0.701172,0.050781,2
confirmation-2501,confirmation,general_qa,512,512,147,256,0.371316,0.470703,0.082031,2
confirmation-2502,confirmation,closed_qa,512,512,216,389,0.047151,0.453125,0.058594,2
confirmation-2503,confirmation,open_qa,512,512,155,308,0.194499,0.519531,0.050781,2
confirmation-2504,confirmation,classification,512,512,208,403,0.02554,0.427734,0.044922,2
confirmation-2505,confirmation,information_extraction,512,512,142,258,0.316306,0.548828,0.042969,2
confirmation-2506,confirmation,classification,512,512,89,151,0.557957,0.576172,0.015625,1
confirmation-2507,confirmation,classification,512,512,199,397,0.033399,0.476562,0.033203,2
confirmation-2508,confirmation,open_qa,512,512,219,436,0.015717,0.408203,0.03125,2
confirmation-2509,confirmation,closed_qa,512,512,189,377,0.070727,0.525391,0.033203,2
confirmation-2510,confirmation,general_qa,512,512,131,255,0.273084,0.523438,0.072266,2
confirmation-2511,confirmation,information_extraction,512,512,142,254,0.369352,0.498047,0.074219,2
confirmation-2512,confirmation,open_qa,512,512,135,239,0.253438,0.580078,0.115234,2
confirmation-2513,confirmation,open_qa,512,512,150,257,0.324165,0.484375,0.121094,2
confirmation-2514,confirmation,creative_writing,512,512,178,311,0.212181,0.525391,0.105469,2
confirmation-2515,confirmation,information_extraction,512,512,124,238,0.365422,0.591797,0.039062,2
confirmation-2516,confirmation,general_qa,512,512,92,173,0.559921,0.630859,0.089844,2
confirmation-2517,confirmation,brainstorming,512,512,108,159,0.607073,0.587891,0.042969,2
confirmation-2518,confirmation,information_extraction,512,512,130,285,0.155206,0.617188,0.015625,2
confirmation-2519,confirmation,brainstorming,512,512,166,330,0.129666,0.488281,0.044922,2
confirmation-2520,confirmation,open_qa,512,512,135,235,0.388998,0.496094,0.101562,2
confirmation-2521,confirmation,brainstorming,512,512,204,375,0.060904,0.439453,0.064453,2
confirmation-2522,confirmation,classification,512,512,187,329,0.172888,0.408203,0.070312,2
confirmation-2523,confirmation,open_qa,512,512,83,130,0.652259,0.769531,0.068359,2
confirmation-2524,confirmation,general_qa,512,512,79,136,0.640472,0.556641,0.058594,2
confirmation-2525,confirmation,summarization,512,512,44,62,0.846758,0.925781,0.052734,1
confirmation-2526,confirmation,closed_qa,512,512,187,367,0.086444,0.464844,0.037109,2
confirmation-2527,confirmation,information_extraction,512,512,82,123,0.709234,0.583984,0.107422,2
confirmation-2528,confirmation,classification,512,512,171,323,0.166994,0.496094,0.105469,2
confirmation-2529,confirmation,information_extraction,512,512,150,260,0.363458,0.480469,0.058594,2
confirmation-2530,confirmation,classification,512,512,56,153,0.320236,0.876953,0.011719,3
confirmation-2531,confirmation,summarization,512,512,147,282,0.239686,0.519531,0.033203,2
confirmation-2532,confirmation,open_qa,512,512,110,158,0.585462,0.724609,0.064453,3
confirmation-2533,confirmation,summarization,512,512,195,327,0.267191,0.423828,0.03125,2
confirmation-2534,confirmation,open_qa,512,512,145,265,0.332024,0.507812,0.083984,2
confirmation-2535,confirmation,classification,512,512,127,233,0.337917,0.644531,0.0625,2
confirmation-2536,confirmation,classification,512,512,73,145,0.451866,0.707031,0.146484,2
confirmation-2537,confirmation,information_extraction,512,512,214,380,0.064833,0.492188,0.035156,2
confirmation-2538,confirmation,closed_qa,512,512,149,299,0.178782,0.578125,0.052734,2
confirmation-2539,confirmation,creative_writing,512,512,191,347,0.147348,0.466797,0.050781,2
confirmation-2540,confirmation,open_qa,512,512,197,375,0.076621,0.482422,0.050781,2
confirmation-2541,confirmation,general_qa,512,512,166,350,0.131631,0.494141,0.050781,2
confirmation-2542,confirmation,information_extraction,512,512,180,342,0.090373,0.519531,0.011719,2
confirmation-2543,confirmation,classification,512,512,131,240,0.332024,0.652344,0.15625,2
confirmation-2544,confirmation,classification,512,512,200,382,0.08055,0.447266,0.039062,2
confirmation-2545,confirmation,open_qa,512,512,219,380,0.092338,0.412109,0.058594,2
confirmation-2546,confirmation,general_qa,512,512,204,397,0.017682,0.455078,0.009766,1
confirmation-2547,confirmation,creative_writing,512,512,175,334,0.131631,0.507812,0.03125,2
confirmation-2548,confirmation,information_extraction,512,512,160,328,0.117878,0.498047,0.029297,2
confirmation-2549,confirmation,closed_qa,512,512,165,329,0.094303,0.519531,0.027344,2
confirmation-2550,confirmation,creative_writing,512,512,199,341,0.19057,0.441406,0.021484,2
confirmation-2551,confirmation,brainstorming,512,512,188,326,0.210216,0.5,0.076172,2
confirmation-2552,confirmation,open_qa,512,512,69,148,0.550098,0.699219,0.095703,2
confirmation-2553,confirmation,classification,512,512,81,117,0.738703,0.869141,0.015625,2
confirmation-2554,confirmation,creative_writing,512,512,176,359,0.08055,0.490234,0.050781,2
confirmation-2555,confirmation,open_qa,512,512,194,341,0.168959,0.488281,0.054688,2
confirmation-2556,confirmation,creative_writing,512,512,207,409,0.031434,0.419922,0.044922,2
confirmation-2557,confirmation,general_qa,512,512,135,260,0.282908,0.568359,0.058594,2
confirmation-2558,confirmation,classification,512,512,133,262,0.286837,0.519531,0.019531,2
confirmation-2559,confirmation,brainstorming,512,512,155,327,0.119843,0.529297,0.083984,2
confirmation-2560,confirmation,classification,512,512,165,269,0.408644,0.646484,0.089844,3
confirmation-2561,confirmation,classification,512,512,135,275,0.269155,0.597656,0.054688,2
confirmation-2562,confirmation,general_qa,512,512,216,417,0.011788,0.431641,0.050781,2
confirmation-2563,confirmation,summarization,512,512,196,376,0.068762,0.496094,0.023438,2
confirmation-2564,confirmation,information_extraction,512,512,152,280,0.265226,0.513672,0.03125,2
confirmation-2565,confirmation,open_qa,512,512,119,186,0.522593,0.65625,0.136719,2
confirmation-2566,confirmation,classification,512,512,183,379,0.039293,0.472656,0.044922,2
confirmation-2567,confirmation,brainstorming,512,512,112,219,0.35167,0.695312,0.050781,2
confirmation-2568,confirmation,brainstorming,512,512,173,262,0.387033,0.431641,0.046875,2
confirmation-2569,confirmation,summarization,512,512,155,296,0.263261,0.548828,0.072266,2
confirmation-2570,confirmation,classification,512,512,181,343,0.176817,0.457031,0.066406,2
confirmation-2571,confirmation,information_extraction,512,512,160,268,0.3222,0.486328,0.105469,2
confirmation-2572,confirmation,classification,512,512,106,214,0.371316,0.664062,0.132812,2
confirmation-2573,confirmation,open_qa,512,512,170,329,0.119843,0.505859,0.080078,2
confirmation-2574,confirmation,open_qa,512,512,133,251,0.35167,0.505859,0.085938,2
confirmation-2575,confirmation,classification,512,512,175,348,0.123772,0.474609,0.033203,2
confirmation-2576,confirmation,open_qa,512,512,130,234,0.375246,0.511719,0.074219,2
confirmation-2577,confirmation,closed_qa,512,512,142,239,0.412574,0.667969,0.117188,2
confirmation-2578,confirmation,classification,512,512,193,366,0.102161,0.482422,0.041016,2
confirmation-2579,confirmation,information_extraction,512,512,148,287,0.237721,0.455078,0.035156,2
confirmation-2580,confirmation,classification,512,512,119,228,0.381139,0.689453,0.074219,3
confirmation-2581,confirmation,information_extraction,512,512,114,175,0.601179,0.427734,0.052734,2
confirmation-2582,confirmation,information_extraction,512,512,151,303,0.178782,0.541016,0.037109,2
confirmation-2583,confirmation,creative_writing,512,512,135,271,0.29666,0.548828,0.052734,2
confirmation-2584,confirmation,brainstorming,512,512,216,383,0.094303,0.488281,0.105469,2
confirmation-2585,confirmation,closed_qa,512,512,182,340,0.113949,0.494141,0.025391,2
confirmation-2586,confirmation,summarization,512,512,106,193,0.45776,0.601562,0.050781,2
confirmation-2587,confirmation,open_qa,512,512,219,388,0.08055,0.433594,0.011719,2
confirmation-2588,confirmation,classification,512,512,126,259,0.263261,0.574219,0.056641,2
confirmation-2589,confirmation,information_extraction,512,512,112,178,0.585462,0.591797,0.09375,2
confirmation-2590,confirmation,general_qa,512,512,144,271,0.235756,0.613281,0.074219,2
confirmation-2591,confirmation,classification,512,512,191,348,0.166994,0.394531,0.042969,2
confirmation-2592,confirmation,general_qa,512,512,150,228,0.410609,0.556641,0.117188,2
confirmation-2593,confirmation,open_qa,512,512,168,298,0.273084,0.449219,0.080078,2
confirmation-2594,confirmation,open_qa,512,512,41,115,0.595285,0.931641,0.0,1
confirmation-2595,confirmation,closed_qa,512,512,214,398,0.047151,0.474609,0.048828,2
confirmation-2596,confirmation,closed_qa,512,512,153,286,0.259332,0.488281,0.054688,2
confirmation-2597,confirmation,general_qa,512,512,178,319,0.263261,0.480469,0.050781,2
confirmation-2598,confirmation,classification,512,512,92,202,0.308448,0.710938,0.074219,2
confirmation-2599,confirmation,general_qa,512,512,190,381,0.045187,0.449219,0.0,2
confirmation-2600,confirmation,closed_qa,512,512,214,393,0.027505,0.464844,0.039062,2
confirmation-2601,confirmation,open_qa,512,512,182,345,0.143418,0.505859,0.044922,2
confirmation-2602,confirmation,open_qa,512,512,187,361,0.086444,0.488281,0.046875,2
confirmation-2603,confirmation,classification,512,512,182,297,0.324165,0.460938,0.078125,2
confirmation-2604,confirmation,open_qa,512,512,92,161,0.518664,0.603516,0.082031,3
confirmation-2605,confirmation,classification,512,512,191,353,0.121807,0.462891,0.080078,2
confirmation-2606,confirmation,general_qa,512,512,158,294,0.222004,0.509766,0.099609,2
confirmation-2607,confirmation,open_qa,512,512,192,376,0.074656,0.457031,0.029297,2
confirmation-2608,confirmation,open_qa,512,512,205,379,0.051081,0.470703,0.027344,2
confirmation-2609,confirmation,open_qa,512,512,156,303,0.19057,0.554688,0.064453,2
confirmation-2610,confirmation,open_qa,512,512,208,398,0.041257,0.462891,0.042969,2
confirmation-2611,confirmation,closed_qa,512,512,208,398,0.031434,0.466797,0.087891,2
confirmation-2612,confirmation,open_qa,512,512,90,145,0.650295,0.541016,0.037109,2
confirmation-2613,confirmation,brainstorming,512,512,222,408,0.05501,0.453125,0.041016,2
confirmation-2614,confirmation,open_qa,512,512,219,403,0.041257,0.412109,0.070312,2
confirmation-2615,confirmation,general_qa,512,512,78,118,0.734774,0.814453,0.152344,2
confirmation-2616,confirmation,classification,512,512,85,161,0.479371,0.800781,0.042969,5
confirmation-2617,confirmation,open_qa,512,512,38,50,0.876228,0.943359,0.238281,2
confirmation-2618,confirmation,brainstorming,512,512,142,248,0.381139,0.476562,0.078125,2
confirmation-2619,confirmation,classification,512,512,76,131,0.624754,0.675781,0.103516,2
confirmation-2620,confirmation,brainstorming,512,512,151,296,0.204322,0.541016,0.074219,2
confirmation-2621,confirmation,classification,512,512,111,196,0.479371,0.666016,0.087891,1
confirmation-2622,confirmation,open_qa,512,512,162,311,0.170923,0.494141,0.035156,2
confirmation-2623,confirmation,closed_qa,512,512,119,205,0.502947,0.523438,0.03125,2
confirmation-2624,confirmation,open_qa,512,512,43,76,0.764244,0.947266,0.195312,2
confirmation-2625,confirmation,summarization,512,512,140,256,0.278978,0.544922,0.052734,2
confirmation-2626,confirmation,classification,512,512,220,360,0.123772,0.4375,0.058594,2
confirmation-2627,confirmation,closed_qa,512,512,120,248,0.257367,0.613281,0.015625,2
confirmation-2628,confirmation,closed_qa,512,512,68,120,0.654224,0.789062,0.023438,2
confirmation-2629,confirmation,open_qa,512,512,125,202,0.499018,0.619141,0.109375,2
confirmation-2630,confirmation,classification,512,512,75,154,0.534381,0.808594,0.060547,2
confirmation-2631,confirmation,open_qa,512,512,188,382,0.076621,0.5,0.089844,2
confirmation-2632,confirmation,general_qa,512,512,96,157,0.618861,0.611328,0.052734,2
confirmation-2633,confirmation,information_extraction,512,512,108,185,0.473477,0.617188,0.140625,2
confirmation-2634,confirmation,brainstorming,512,512,194,369,0.086444,0.458984,0.054688,2
confirmation-2635,confirmation,open_qa,512,512,194,383,0.056974,0.517578,0.039062,3
confirmation-2636,confirmation,general_qa,512,512,235,430,0.019646,0.439453,0.042969,2
confirmation-2637,confirmation,classification,512,512,187,326,0.196464,0.464844,0.023438,2
confirmation-2638,confirmation,summarization,512,512,216,394,0.086444,0.427734,0.029297,2
confirmation-2639,confirmation,closed_qa,512,512,180,370,0.062868,0.455078,0.0625,2
confirmation-2640,confirmation,closed_qa,512,512,167,311,0.184676,0.505859,0.03125,2
confirmation-2641,confirmation,open_qa,512,512,102,169,0.510806,0.679688,0.050781,3
confirmation-2642,confirmation,creative_writing,512,512,169,313,0.178782,0.496094,0.052734,2
confirmation-2643,confirmation,open_qa,512,512,60,123,0.628684,0.849609,0.087891,2
confirmation-2644,confirmation,classification,512,512,38,61,0.825147,0.951172,0.0,1
confirmation-2645,confirmation,creative_writing,512,512,137,250,0.390963,0.666016,0.066406,1
confirmation-2646,confirmation,open_qa,512,512,122,202,0.528487,0.519531,0.050781,2
confirmation-2647,confirmation,information_extraction,512,512,121,214,0.473477,0.472656,0.066406,2
confirmation-2648,confirmation,open_qa,512,512,16,26,0.933202,1.0,0.242188,2
confirmation-2649,confirmation,summarization,512,512,154,338,0.08055,0.5,0.023438,2
confirmation-2650,confirmation,general_qa,512,512,112,250,0.255403,0.638672,0.046875,2
confirmation-2651,confirmation,brainstorming,512,512,80,170,0.481336,0.720703,0.082031,2
confirmation-2652,confirmation,open_qa,512,512,220,405,0.02554,0.46875,0.035156,2
confirmation-2653,confirmation,closed_qa,512,512,141,250,0.40275,0.673828,0.021484,2
confirmation-2654,confirmation,information_extraction,512,512,95,182,0.495088,0.691406,0.066406,2
confirmation-2655,confirmation,general_qa,512,512,165,306,0.237721,0.478516,0.09375,2
confirmation-2656,confirmation,closed_qa,512,512,151,309,0.176817,0.529297,0.019531,2
confirmation-2657,confirmation,general_qa,512,512,119,221,0.449902,0.5625,0.046875,2
confirmation-2658,confirmation,brainstorming,512,512,204,376,0.090373,0.476562,0.041016,2
confirmation-2659,confirmation,general_qa,512,512,125,194,0.514735,0.519531,0.082031,2
confirmation-2660,confirmation,information_extraction,512,512,192,356,0.115914,0.451172,0.048828,2
confirmation-2661,confirmation,brainstorming,512,512,187,355,0.115914,0.458984,0.048828,2
confirmation-2662,confirmation,classification,512,512,200,341,0.210216,0.419922,0.066406,2
confirmation-2663,confirmation,brainstorming,512,512,118,217,0.493124,0.740234,0.171875,2
confirmation-2664,confirmation,information_extraction,512,512,173,339,0.111984,0.492188,0.035156,3
confirmation-2665,confirmation,classification,512,512,184,298,0.320236,0.595703,0.099609,2
confirmation-2666,confirmation,general_qa,512,512,215,361,0.182711,0.419922,0.052734,2
confirmation-2667,confirmation,closed_qa,512,512,117,263,0.204322,0.585938,0.083984,2
confirmation-2668,confirmation,summarization,512,512,185,375,0.033399,0.466797,0.007812,2
confirmation-2669,confirmation,general_qa,512,512,211,350,0.139489,0.464844,0.074219,2
confirmation-2670,confirmation,creative_writing,512,512,188,375,0.082515,0.503906,0.044922,3
confirmation-2671,confirmation,classification,512,512,127,197,0.555992,0.515625,0.056641,2
confirmation-2672,confirmation,open_qa,512,512,98,195,0.477407,0.640625,0.007812,2
confirmation-2673,confirmation,open_qa,512,512,130,249,0.310413,0.585938,0.087891,3
confirmation-2674,confirmation,general_qa,512,512,181,329,0.204322,0.464844,0.050781,2
confirmation-2675,confirmation,open_qa,512,512,171,301,0.286837,0.474609,0.064453,2
confirmation-2676,confirmation,brainstorming,512,512,230,393,0.098232,0.404297,0.054688,2
confirmation-2677,confirmation,information_extraction,512,512,168,304,0.206287,0.482422,0.066406,2
confirmation-2678,confirmation,creative_writing,512,512,169,349,0.090373,0.501953,0.083984,2
confirmation-2679,confirmation,summarization,512,512,124,228,0.361493,0.630859,0.15625,2
confirmation-2680,confirmation,general_qa,512,512,163,319,0.174853,0.523438,0.083984,2
confirmation-2681,confirmation,summarization,512,512,142,273,0.257367,0.541016,0.029297,3
confirmation-2682,confirmation,closed_qa,512,512,152,307,0.1611,0.525391,0.042969,2
confirmation-2683,confirmation,brainstorming,512,512,104,191,0.387033,0.560547,0.111328,2
confirmation-2684,confirmation,general_qa,512,512,127,259,0.21611,0.619141,0.050781,4
confirmation-2685,confirmation,brainstorming,512,512,138,230,0.381139,0.621094,0.078125,2
confirmation-2686,confirmation,creative_writing,512,512,94,182,0.404715,0.675781,0.0625,2
confirmation-2687,confirmation,closed_qa,512,512,223,404,0.056974,0.417969,0.027344,2
confirmation-2688,confirmation,general_qa,512,512,28,39,0.913556,0.984375,0.0,1
confirmation-2689,confirmation,information_extraction,512,512,133,284,0.21611,0.544922,0.050781,2
confirmation-2690,confirmation,general_qa,512,512,168,319,0.214145,0.578125,0.046875,3
confirmation-2691,confirmation,general_qa,512,512,90,158,0.569745,0.71875,0.068359,2
confirmation-2692,confirmation,brainstorming,512,512,245,429,0.005894,0.408203,0.056641,2
confirmation-2693,confirmation,general_qa,512,512,213,390,0.084479,0.417969,0.054688,2
confirmation-2694,confirmation,classification,512,512,144,297,0.180747,0.554688,0.039062,2
confirmation-2695,confirmation,open_qa,512,512,77,125,0.666012,0.660156,0.076172,3
confirmation-2696,confirmation,closed_qa,512,512,235,412,0.053045,0.396484,0.044922,2
confirmation-2697,confirmation,classification,512,512,168,334,0.123772,0.507812,0.033203,2
confirmation-2698,confirmation,general_qa,512,512,162,332,0.115914,0.457031,0.042969,2
confirmation-2699,confirmation,classification,512,512,67,81,0.823183,0.908203,0.007812,2
confirmation-2700,confirmation,open_qa,512,512,224,433,0.015717,0.394531,0.019531,2
confirmation-2701,confirmation,classification,512,512,183,366,0.064833,0.472656,0.080078,2
confirmation-2702,confirmation,open_qa,512,512,206,326,0.214145,0.441406,0.035156,2
confirmation-2703,confirmation,classification,512,512,89,183,0.438114,0.726562,0.001953,2
confirmation-2704,confirmation,classification,512,512,211,419,0.031434,0.441406,0.011719,2
confirmation-2705,confirmation,summarization,512,512,188,342,0.151277,0.474609,0.037109,2
confirmation-2706,confirmation,information_extraction,512,512,150,318,0.108055,0.605469,0.013672,1
confirmation-2707,confirmation,general_qa,512,512,213,383,0.068762,0.435547,0.046875,2
confirmation-2708,confirmation,closed_qa,512,512,143,249,0.369352,0.46875,0.050781,2
confirmation-2709,confirmation,brainstorming,512,512,202,403,0.011788,0.490234,0.076172,2
confirmation-2710,confirmation,open_qa,512,512,94,190,0.341847,0.591797,0.142578,2
confirmation-2711,confirmation,creative_writing,512,512,177,321,0.227898,0.457031,0.056641,2
confirmation-2712,confirmation,summarization,512,512,160,312,0.21611,0.525391,0.03125,2
confirmation-2713,confirmation,closed_qa,512,512,132,222,0.444008,0.535156,0.046875,3
confirmation-2714,confirmation,general_qa,512,512,196,338,0.192534,0.394531,0.058594,2
confirmation-2715,confirmation,closed_qa,512,512,175,312,0.237721,0.445312,0.019531,2
confirmation-2716,confirmation,classification,512,512,207,383,0.088409,0.447266,0.064453,2
confirmation-2717,confirmation,closed_qa,512,512,174,274,0.349705,0.402344,0.046875,2
confirmation-2718,confirmation,open_qa,512,512,195,382,0.049116,0.523438,0.035156,3
confirmation-2719,confirmation,closed_qa,512,512,137,270,0.235756,0.607422,0.009766,2
confirmation-2720,confirmation,closed_qa,512,512,120,245,0.292731,0.542969,0.060547,2
confirmation-2721,confirmation,open_qa,512,512,193,370,0.084479,0.521484,0.027344,2
confirmation-2722,confirmation,summarization,512,512,209,382,0.10609,0.425781,0.042969,2
confirmation-2723,confirmation,open_qa,512,512,207,413,0.02947,0.480469,0.037109,2
confirmation-2724,confirmation,classification,512,512,99,189,0.396857,0.685547,0.128906,1
confirmation-2725,confirmation,classification,512,512,166,340,0.123772,0.519531,0.080078,2
confirmation-2726,confirmation,information_extraction,512,512,185,376,0.074656,0.5,0.023438,3
confirmation-2727,confirmation,closed_qa,512,512,135,238,0.426326,0.521484,0.017578,2
confirmation-2728,confirmation,information_extraction,512,512,115,211,0.414538,0.558594,0.033203,2
confirmation-2729,confirmation,information_extraction,512,512,200,377,0.082515,0.443359,0.056641,2
confirmation-2730,confirmation,open_qa,512,512,160,292,0.273084,0.484375,0.050781,2
confirmation-2731,confirmation,summarization,512,512,145,239,0.335953,0.472656,0.078125,2
confirmation-2732,confirmation,brainstorming,512,512,113,171,0.603143,0.642578,0.070312,2
confirmation-2733,confirmation,brainstorming,512,512,151,270,0.277014,0.494141,0.09375,2
confirmation-2734,confirmation,brainstorming,512,512,123,229,0.29666,0.671875,0.152344,2
confirmation-2735,confirmation,summarization,512,512,140,243,0.353635,0.558594,0.037109,2
confirmation-2736,confirmation,information_extraction,512,512,95,152,0.59332,0.59375,0.042969,2
confirmation-2737,confirmation,information_extraction,512,512,127,241,0.333988,0.580078,0.044922,3
confirmation-2738,confirmation,general_qa,512,512,127,264,0.286837,0.597656,0.03125,2
confirmation-2739,confirmation,creative_writing,512,512,135,261,0.273084,0.585938,0.042969,2
confirmation-2740,confirmation,open_qa,512,512,66,129,0.548134,0.826172,0.193359,2
confirmation-2741,confirmation,brainstorming,512,512,186,319,0.21611,0.482422,0.101562,2
confirmation-2742,confirmation,brainstorming,512,512,226,398,0.049116,0.462891,0.037109,2
confirmation-2743,confirmation,closed_qa,512,512,172,311,0.19057,0.470703,0.039062,3
confirmation-2744,confirmation,open_qa,512,512,184,356,0.13556,0.447266,0.03125,2
confirmation-2745,confirmation,brainstorming,512,512,181,298,0.302554,0.496094,0.060547,2
confirmation-2746,confirmation,classification,512,512,212,383,0.090373,0.419922,0.046875,2
confirmation-2747,confirmation,closed_qa,512,512,61,97,0.750491,0.8125,0.078125,2
confirmation-2748,confirmation,open_qa,512,512,99,185,0.502947,0.607422,0.082031,2
confirmation-2749,confirmation,open_qa,512,512,153,278,0.194499,0.546875,0.027344,2
confirmation-2750,confirmation,brainstorming,512,512,161,304,0.198428,0.525391,0.033203,2
confirmation-2751,confirmation,general_qa,512,512,149,262,0.255403,0.453125,0.070312,2
confirmation-2752,confirmation,summarization,512,512,186,377,0.047151,0.460938,0.019531,2
confirmation-2753,confirmation,general_qa,512,512,119,217,0.438114,0.529297,0.052734,2
confirmation-2754,confirmation,summarization,512,512,143,261,0.306483,0.615234,0.027344,2
confirmation-2755,confirmation,closed_qa,512,512,161,274,0.373281,0.5,0.03125,2
confirmation-2756,confirmation,classification,512,512,104,199,0.347741,0.628906,0.076172,2
confirmation-2757,confirmation,information_extraction,512,512,177,346,0.072692,0.507812,0.035156,2
confirmation-2758,confirmation,creative_writing,512,512,211,408,0.047151,0.458984,0.023438,2
confirmation-2759,confirmation,brainstorming,512,512,185,323,0.227898,0.441406,0.111328,2
confirmation-2760,confirmation,open_qa,512,512,176,333,0.166994,0.472656,0.046875,2
confirmation-2761,confirmation,general_qa,512,512,224,395,0.064833,0.443359,0.066406,2
confirmation-2762,confirmation,information_extraction,512,512,150,272,0.29666,0.527344,0.029297,2
confirmation-2763,confirmation,open_qa,512,512,175,346,0.100196,0.505859,0.027344,2
confirmation-2764,confirmation,open_qa,512,512,192,383,0.08055,0.439453,0.046875,2
confirmation-2765,confirmation,general_qa,512,512,162,318,0.174853,0.550781,0.058594,2
confirmation-2766,confirmation,information_extraction,512,512,107,211,0.365422,0.636719,0.064453,2
confirmation-2767,confirmation,information_extraction,512,512,132,222,0.442043,0.580078,0.142578,2
confirmation-2768,confirmation,general_qa,512,512,241,426,0.047151,0.414062,0.048828,2
confirmation-2769,confirmation,information_extraction,512,512,181,386,0.05501,0.470703,0.027344,2
confirmation-2770,confirmation,closed_qa,512,512,224,393,0.062868,0.46875,0.048828,2
confirmation-2771,confirmation,general_qa,512,512,182,358,0.104126,0.503906,0.066406,2
confirmation-2772,confirmation,creative_writing,512,512,217,404,0.037328,0.423828,0.056641,2
confirmation-2773,confirmation,summarization,512,512,161,311,0.251473,0.5,0.085938,2
confirmation-2774,confirmation,general_qa,512,512,202,408,0.031434,0.466797,0.048828,2
confirmation-2775,confirmation,open_qa,512,512,204,396,0.058939,0.443359,0.03125,2
confirmation-2776,confirmation,brainstorming,512,512,179,353,0.133595,0.478516,0.054688,2
confirmation-2777,confirmation,classification,512,512,42,143,0.131631,0.957031,0.107422,3
confirmation-2778,confirmation,open_qa,512,512,158,330,0.088409,0.521484,0.03125,2
confirmation-2779,confirmation,information_extraction,512,512,202,353,0.174853,0.460938,0.025391,2
confirmation-2780,confirmation,open_qa,512,512,170,334,0.102161,0.574219,0.052734,2
confirmation-2781,confirmation,information_extraction,512,512,124,226,0.434185,0.523438,0.083984,2
confirmation-2782,confirmation,classification,512,512,209,415,0.023576,0.455078,0.015625,2
confirmation-2783,confirmation,open_qa,512,512,149,300,0.141454,0.535156,0.046875,3
confirmation-2784,confirmation,brainstorming,512,512,209,347,0.133595,0.429688,0.023438,2
confirmation-2785,confirmation,open_qa,512,512,213,368,0.070727,0.498047,0.066406,2
confirmation-2786,confirmation,general_qa,512,512,82,157,0.522593,0.705078,0.046875,2
confirmation-2787,confirmation,open_qa,512,512,192,350,0.145383,0.404297,0.011719,3
confirmation-2788,confirmation,open_qa,512,512,177,344,0.119843,0.488281,0.027344,2
confirmation-2789,confirmation,general_qa,512,512,34,50,0.88998,0.972656,0.085938,1
confirmation-2790,confirmation,closed_qa,512,512,165,317,0.204322,0.511719,0.015625,3
confirmation-2791,confirmation,closed_qa,512,512,151,267,0.278978,0.494141,0.078125,2
confirmation-2792,confirmation,open_qa,512,512,229,427,0.031434,0.435547,0.046875,2
confirmation-2793,confirmation,classification,512,512,182,351,0.139489,0.466797,0.041016,2
confirmation-2794,confirmation,brainstorming,512,512,180,354,0.115914,0.5,0.039062,2
confirmation-2795,confirmation,summarization,512,512,197,374,0.062868,0.443359,0.035156,2
confirmation-2796,confirmation,open_qa,512,512,122,242,0.278978,0.642578,0.052734,2
confirmation-2797,confirmation,closed_qa,512,512,179,342,0.115914,0.515625,0.029297,2
confirmation-2798,confirmation,classification,512,512,138,237,0.387033,0.550781,0.066406,2
confirmation-2799,confirmation,open_qa,512,512,190,356,0.113949,0.431641,0.048828,2
confirmation-2800,confirmation,brainstorming,512,512,248,406,0.039293,0.433594,0.003906,2
confirmation-2801,confirmation,summarization,512,512,155,285,0.249509,0.427734,0.078125,3
confirmation-2802,confirmation,open_qa,512,512,119,204,0.335953,0.591797,0.152344,2
confirmation-2803,confirmation,classification,512,512,41,67,0.781925,0.916016,0.158203,2
confirmation-2804,confirmation,information_extraction,512,512,196,339,0.239686,0.4375,0.037109,2
confirmation-2805,confirmation,information_extraction,512,512,201,373,0.139489,0.451172,0.03125,3
confirmation-2806,confirmation,open_qa,512,512,163,333,0.127701,0.453125,0.029297,3
confirmation-2807,confirmation,open_qa,512,512,183,353,0.096267,0.474609,0.033203,2
confirmation-2808,confirmation,open_qa,512,512,133,243,0.302554,0.650391,0.085938,2
confirmation-2809,confirmation,classification,512,512,123,217,0.428291,0.5,0.027344,3
confirmation-2810,confirmation,open_qa,512,512,182,336,0.141454,0.457031,0.070312,2
confirmation-2811,confirmation,open_qa,512,512,160,297,0.269155,0.511719,0.017578,2
confirmation-2812,confirmation,open_qa,512,512,207,392,0.094303,0.380859,0.033203,2
confirmation-2813,confirmation,brainstorming,512,512,174,349,0.121807,0.451172,0.072266,2
confirmation-2814,confirmation,general_qa,512,512,76,162,0.471513,0.707031,0.044922,2
confirmation-2815,confirmation,general_qa,512,512,215,393,0.058939,0.476562,0.003906,2
confirmation-2816,confirmation,closed_qa,512,512,192,352,0.145383,0.455078,0.039062,2
confirmation-2817,confirmation,open_qa,512,512,161,319,0.176817,0.539062,0.056641,2
confirmation-2818,confirmation,general_qa,512,512,65,104,0.695481,0.654297,0.035156,2
confirmation-2819,confirmation,general_qa,512,512,166,318,0.153242,0.539062,0.058594,2
confirmation-2820,confirmation,classification,512,512,144,272,0.255403,0.535156,0.052734,1
confirmation-2821,confirmation,classification,512,512,66,130,0.595285,0.761719,0.035156,1
confirmation-2822,confirmation,summarization,512,512,110,214,0.438114,0.566406,0.101562,2
confirmation-2823,confirmation,open_qa,512,512,31,37,0.917485,0.869141,0.033203,3
confirmation-2824,confirmation,brainstorming,512,512,233,411,0.035363,0.398438,0.044922,2
confirmation-2825,confirmation,brainstorming,512,512,191,363,0.121807,0.431641,0.060547,2
confirmation-2826,confirmation,brainstorming,512,512,129,214,0.481336,0.623047,0.158203,2
confirmation-2827,confirmation,open_qa,512,512,171,359,0.074656,0.486328,0.03125,2
confirmation-2828,confirmation,open_qa,512,512,89,124,0.70334,0.865234,0.011719,2
confirmation-2829,confirmation,closed_qa,512,512,185,350,0.115914,0.429688,0.054688,2
confirmation-2830,confirmation,brainstorming,512,512,220,404,0.066798,0.388672,0.046875,2
confirmation-2831,confirmation,open_qa,512,512,195,361,0.064833,0.460938,0.056641,2
confirmation-2832,confirmation,information_extraction,512,512,226,415,0.02947,0.478516,0.017578,2
confirmation-2833,confirmation,open_qa,512,512,207,398,0.064833,0.503906,0.052734,2
confirmation-2834,confirmation,open_qa,512,512,49,70,0.829077,0.621094,0.121094,2
confirmation-2835,confirmation,open_qa,512,512,199,352,0.147348,0.464844,0.021484,2
confirmation-2836,confirmation,general_qa,512,512,138,231,0.385069,0.71875,0.150391,2
confirmation-2837,confirmation,general_qa,512,512,220,381,0.062868,0.466797,0.048828,2
confirmation-2838,confirmation,classification,512,512,131,267,0.237721,0.574219,0.044922,3
confirmation-2839,confirmation,open_qa,512,512,113,187,0.561886,0.494141,0.076172,2
confirmation-2840,confirmation,open_qa,512,512,102,253,0.249509,0.619141,0.054688,2
confirmation-2841,confirmation,open_qa,512,512,77,124,0.664047,0.84375,0.027344,2
confirmation-2842,confirmation,summarization,512,512,188,367,0.08055,0.494141,0.044922,2
confirmation-2843,confirmation,general_qa,512,512,232,412,0.045187,0.410156,0.039062,2
confirmation-2844,confirmation,general_qa,512,512,105,210,0.392927,0.619141,0.015625,2
confirmation-2845,confirmation,closed_qa,512,512,146,277,0.302554,0.535156,0.017578,2
confirmation-2846,confirmation,open_qa,512,512,228,416,0.062868,0.408203,0.03125,2
confirmation-2847,confirmation,classification,512,512,192,348,0.129666,0.488281,0.03125,2
confirmation-2848,confirmation,open_qa,512,512,202,373,0.090373,0.423828,0.068359,2
confirmation-2849,confirmation,closed_qa,512,512,134,224,0.485265,0.488281,0.027344,3
confirmation-2850,confirmation,open_qa,512,512,109,167,0.607073,0.564453,0.138672,2
confirmation-2851,confirmation,information_extraction,512,512,185,338,0.165029,0.523438,0.087891,3
confirmation-2852,confirmation,open_qa,512,512,217,401,0.058939,0.4375,0.064453,2
confirmation-2853,confirmation,classification,512,512,202,389,0.05501,0.474609,0.046875,2
confirmation-2854,confirmation,brainstorming,512,512,126,237,0.387033,0.535156,0.085938,2
confirmation-2855,confirmation,open_qa,512,512,157,296,0.247544,0.462891,0.019531,2
confirmation-2856,confirmation,open_qa,512,512,179,308,0.208251,0.509766,0.037109,2
confirmation-2857,confirmation,information_extraction,512,512,109,204,0.394892,0.646484,0.113281,2
confirmation-2858,confirmation,creative_writing,512,512,120,257,0.225933,0.662109,0.058594,3
confirmation-2859,confirmation,summarization,512,512,170,349,0.094303,0.544922,0.066406,2
confirmation-2860,confirmation,open_qa,512,512,100,170,0.536346,0.789062,0.107422,2
confirmation-2861,confirmation,open_qa,512,512,101,174,0.550098,0.640625,0.052734,2
confirmation-2862,confirmation,brainstorming,512,512,166,305,0.253438,0.458984,0.041016,2
confirmation-2863,confirmation,general_qa,512,512,105,193,0.45776,0.642578,0.058594,2
confirmation-2864,confirmation,classification,512,512,120,209,0.416503,0.574219,0.035156,2
confirmation-2865,confirmation,summarization,512,512,145,238,0.412574,0.443359,0.052734,2
confirmation-2866,confirmation,open_qa,512,512,163,346,0.092338,0.490234,0.021484,1
confirmation-2867,confirmation,closed_qa,512,512,180,331,0.214145,0.4375,0.042969,3
confirmation-2868,confirmation,closed_qa,512,512,126,246,0.337917,0.503906,0.048828,2
confirmation-2869,confirmation,summarization,512,512,119,199,0.463654,0.666016,0.105469,2
confirmation-2870,confirmation,general_qa,512,512,120,217,0.414538,0.546875,0.076172,2
confirmation-2871,confirmation,classification,512,512,47,97,0.632613,0.861328,0.007812,3
confirmation-2872,confirmation,summarization,512,512,74,113,0.675835,0.882812,0.167969,2
confirmation-2873,confirmation,classification,512,512,223,430,0.023576,0.404297,0.041016,2
confirmation-2874,confirmation,open_qa,512,512,197,368,0.072692,0.492188,0.019531,3
confirmation-2875,confirmation,summarization,512,512,174,319,0.275049,0.443359,0.019531,2
confirmation-2876,confirmation,brainstorming,512,512,59,86,0.779961,0.873047,0.023438,2
confirmation-2877,confirmation,open_qa,512,512,34,49,0.86444,0.837891,0.244141,2
confirmation-2878,confirmation,summarization,512,512,174,271,0.300589,0.449219,0.003906,2
confirmation-2879,confirmation,open_qa,512,512,207,396,0.031434,0.480469,0.039062,2
confirmation-2880,confirmation,information_extraction,512,512,191,340,0.174853,0.501953,0.044922,3
confirmation-2881,confirmation,classification,512,512,186,324,0.180747,0.550781,0.080078,3
confirmation-2882,confirmation,classification,512,512,188,348,0.10609,0.507812,0.054688,2
confirmation-2883,confirmation,open_qa,512,512,156,329,0.104126,0.511719,0.042969,3
confirmation-2884,confirmation,summarization,512,512,176,328,0.233792,0.449219,0.048828,2
confirmation-2885,confirmation,classification,512,512,153,308,0.198428,0.556641,0.076172,2
confirmation-2886,confirmation,information_extraction,512,512,192,385,0.049116,0.472656,0.058594,2
confirmation-2887,confirmation,open_qa,512,512,130,245,0.369352,0.574219,0.0625,2
confirmation-2888,confirmation,creative_writing,512,512,150,289,0.233792,0.488281,0.042969,2
confirmation-2889,confirmation,classification,512,512,6,7,0.986248,1.0,0.003906,2
confirmation-2890,confirmation,classification,512,512,71,111,0.713163,0.767578,0.162109,2
confirmation-2891,confirmation,open_qa,512,512,98,188,0.420432,0.701172,0.042969,2
confirmation-2892,confirmation,summarization,512,512,100,172,0.528487,0.757812,0.136719,2
confirmation-2893,confirmation,information_extraction,512,512,144,254,0.225933,0.558594,0.007812,2
confirmation-2894,confirmation,open_qa,512,512,172,356,0.096267,0.478516,0.03125,2
confirmation-2895,confirmation,open_qa,512,512,108,188,0.483301,0.669922,0.052734,2
confirmation-2896,confirmation,brainstorming,512,512,170,334,0.100196,0.460938,0.027344,2
confirmation-2897,confirmation,brainstorming,512,512,203,383,0.076621,0.457031,0.054688,2
confirmation-2898,confirmation,closed_qa,512,512,177,345,0.123772,0.488281,0.03125,2
confirmation-2899,confirmation,summarization,512,512,201,367,0.123772,0.449219,0.037109,2
confirmation-2900,confirmation,information_extraction,512,512,117,195,0.504912,0.705078,0.085938,3
confirmation-2901,confirmation,information_extraction,512,512,116,233,0.318271,0.568359,0.03125,2
confirmation-2902,confirmation,summarization,512,512,155,295,0.227898,0.480469,0.039062,2
confirmation-2903,confirmation,brainstorming,512,512,162,268,0.330059,0.570312,0.027344,2
confirmation-2904,confirmation,open_qa,512,512,160,279,0.337917,0.541016,0.03125,2
confirmation-2905,confirmation,classification,512,512,61,115,0.620825,0.859375,0.078125,5
confirmation-2906,confirmation,classification,512,512,210,374,0.082515,0.480469,0.035156,3
confirmation-2907,confirmation,open_qa,512,512,174,364,0.088409,0.494141,0.03125,2
confirmation-2908,confirmation,brainstorming,512,512,104,165,0.62279,0.820312,0.441406,2
confirmation-2909,confirmation,creative_writing,512,512,99,158,0.59725,0.603516,0.09375,2
confirmation-2910,confirmation,summarization,512,512,151,301,0.168959,0.572266,0.041016,2
confirmation-2911,confirmation,classification,512,512,186,342,0.111984,0.472656,0.080078,2
confirmation-2912,confirmation,general_qa,512,512,138,306,0.159136,0.585938,0.019531,2
confirmation-2913,confirmation,closed_qa,512,512,200,358,0.143418,0.498047,0.013672,3
confirmation-2914,confirmation,brainstorming,512,512,152,316,0.176817,0.53125,0.123047,2
confirmation-2915,confirmation,creative_writing,512,512,177,324,0.239686,0.433594,0.068359,3
confirmation-2916,confirmation,open_qa,512,512,64,114,0.611002,0.884766,0.009766,54
confirmation-2917,confirmation,brainstorming,512,512,81,100,0.770138,0.861328,0.109375,2
confirmation-2918,confirmation,general_qa,512,512,188,377,0.068762,0.482422,0.039062,2
confirmation-2919,confirmation,open_qa,512,512,221,412,0.021611,0.439453,0.037109,2
confirmation-2920,confirmation,general_qa,512,512,190,370,0.094303,0.451172,0.072266,3
confirmation-2921,confirmation,open_qa,512,512,131,212,0.540275,0.494141,0.082031,2
confirmation-2922,confirmation,closed_qa,512,512,160,288,0.308448,0.466797,0.064453,2
confirmation-2923,confirmation,information_extraction,512,512,119,230,0.347741,0.591797,0.007812,2
confirmation-2924,confirmation,open_qa,512,512,148,273,0.255403,0.521484,0.087891,2
confirmation-2925,confirmation,general_qa,512,512,155,280,0.259332,0.519531,0.054688,2
confirmation-2926,confirmation,classification,512,512,49,134,0.328094,0.855469,0.027344,3
confirmation-2927,confirmation,information_extraction,512,512,84,157,0.561886,0.634766,0.011719,2
confirmation-2928,confirmation,closed_qa,512,512,134,242,0.416503,0.441406,0.015625,2
confirmation-2929,confirmation,open_qa,512,512,137,281,0.172888,0.613281,0.023438,3
confirmation-2930,confirmation,creative_writing,512,512,180,359,0.078585,0.507812,0.03125,2
confirmation-2931,confirmation,closed_qa,512,512,121,222,0.40275,0.59375,0.03125,2
confirmation-2932,confirmation,classification,512,512,185,312,0.21611,0.486328,0.041016,2
confirmation-2933,confirmation,general_qa,512,512,201,374,0.090373,0.484375,0.023438,2
confirmation-2934,confirmation,open_qa,512,512,103,173,0.544204,0.664062,0.152344,2
confirmation-2935,confirmation,classification,512,512,191,375,0.070727,0.46875,0.078125,2
confirmation-2936,confirmation,open_qa,512,512,220,386,0.104126,0.451172,0.054688,2
confirmation-2937,confirmation,open_qa,512,512,210,386,0.066798,0.421875,0.044922,2
confirmation-2938,confirmation,open_qa,512,512,163,316,0.233792,0.503906,0.050781,2
confirmation-2939,confirmation,general_qa,512,512,125,269,0.227898,0.595703,0.068359,2
confirmation-2940,confirmation,classification,512,512,204,402,0.031434,0.455078,0.054688,2
confirmation-2941,confirmation,open_qa,512,512,185,335,0.13556,0.480469,0.076172,2
confirmation-2942,confirmation,closed_qa,512,512,142,273,0.247544,0.498047,0.042969,2
confirmation-2943,confirmation,open_qa,512,512,238,405,0.082515,0.412109,0.070312,2
confirmation-2944,confirmation,classification,512,512,202,416,0.015717,0.476562,0.039062,2
confirmation-2945,confirmation,classification,512,512,272,443,0.021611,0.40625,0.044922,2
confirmation-2946,confirmation,brainstorming,512,512,119,187,0.565815,0.757812,0.392578,2
confirmation-2947,confirmation,closed_qa,512,512,160,316,0.151277,0.490234,0.076172,2
confirmation-2948,confirmation,open_qa,512,512,140,232,0.477407,0.457031,0.048828,2
confirmation-2949,confirmation,closed_qa,512,512,92,148,0.59332,0.511719,0.017578,2
confirmation-2950,confirmation,closed_qa,512,512,195,357,0.094303,0.474609,0.039062,2
confirmation-2951,confirmation,classification,512,512,20,28,0.927308,1.0,0.0,2
confirmation-2952,confirmation,general_qa,512,512,218,414,0.023576,0.408203,0.039062,2
confirmation-2953,confirmation,classification,512,512,95,143,0.646365,0.820312,0.007812,2
confirmation-2954,confirmation,information_extraction,512,512,178,345,0.104126,0.46875,0.035156,2
confirmation-2955,confirmation,classification,512,512,235,407,0.068762,0.388672,0.064453,2
confirmation-2956,confirmation,brainstorming,512,512,194,341,0.121807,0.433594,0.03125,2
confirmation-2957,confirmation,open_qa,512,512,192,341,0.149312,0.445312,0.085938,2
confirmation-2958,confirmation,classification,512,512,212,404,0.035363,0.439453,0.041016,2
confirmation-2959,confirmation,classification,512,512,153,278,0.286837,0.533203,0.03125,2
confirmation-2960,confirmation,open_qa,512,512,128,240,0.320236,0.515625,0.019531,2
confirmation-2961,confirmation,open_qa,512,512,207,390,0.062868,0.464844,0.019531,1
confirmation-2962,confirmation,brainstorming,512,512,212,386,0.072692,0.419922,0.068359,2
confirmation-2963,confirmation,open_qa,512,512,114,196,0.442043,0.564453,0.046875,2
confirmation-2964,confirmation,closed_qa,512,512,184,374,0.041257,0.478516,0.011719,2
confirmation-2965,confirmation,open_qa,512,512,153,300,0.165029,0.544922,0.019531,2
confirmation-2966,confirmation,brainstorming,512,512,191,374,0.072692,0.464844,0.070312,2
confirmation-2967,confirmation,summarization,512,512,165,319,0.172888,0.509766,0.068359,2
confirmation-2968,confirmation,closed_qa,512,512,138,235,0.463654,0.455078,0.005859,2
confirmation-2969,confirmation,information_extraction,512,512,85,182,0.442043,0.685547,0.058594,2
confirmation-2970,confirmation,closed_qa,512,512,208,398,0.047151,0.443359,0.015625,2
confirmation-2971,confirmation,general_qa,512,512,182,358,0.094303,0.486328,0.035156,2
confirmation-2972,confirmation,classification,512,512,177,332,0.159136,0.486328,0.048828,2
confirmation-2973,confirmation,classification,512,512,171,351,0.111984,0.470703,0.029297,2
confirmation-2974,confirmation,classification,512,512,194,369,0.094303,0.472656,0.076172,2
confirmation-2975,confirmation,creative_writing,512,512,208,362,0.125737,0.462891,0.037109,2
confirmation-2976,confirmation,classification,512,512,11,13,0.962672,1.0,0.0,1
confirmation-2977,confirmation,closed_qa,512,512,65,132,0.555992,0.808594,0.056641,2
confirmation-2978,confirmation,brainstorming,512,512,216,389,0.068762,0.451172,0.072266,2
confirmation-2979,confirmation,open_qa,512,512,176,359,0.076621,0.501953,0.033203,2
confirmation-2980,confirmation,classification,512,512,161,276,0.333988,0.466797,0.095703,2
confirmation-2981,confirmation,open_qa,512,512,13,17,0.954813,1.0,0.289062,2
confirmation-2982,confirmation,closed_qa,512,512,159,328,0.166994,0.539062,0.041016,2
confirmation-2983,confirmation,open_qa,512,512,87,129,0.701375,0.835938,0.261719,2
confirmation-2984,confirmation,general_qa,512,512,186,344,0.178782,0.46875,0.039062,2
confirmation-2985,confirmation,information_extraction,512,512,43,86,0.750491,0.953125,0.013672,2
confirmation-2986,confirmation,general_qa,512,512,159,276,0.357564,0.476562,0.050781,2
confirmation-2987,confirmation,brainstorming,512,512,193,363,0.05501,0.433594,0.011719,2
confirmation-2988,confirmation,open_qa,512,512,171,332,0.19057,0.5,0.089844,2
confirmation-2989,confirmation,general_qa,512,512,106,190,0.508841,0.638672,0.066406,2
confirmation-2990,confirmation,open_qa,512,512,168,297,0.269155,0.496094,0.039062,2
confirmation-2991,confirmation,open_qa,512,512,127,226,0.442043,0.679688,0.03125,2
confirmation-2992,confirmation,open_qa,512,512,114,227,0.357564,0.566406,0.003906,1
confirmation-2993,confirmation,brainstorming,512,512,194,367,0.088409,0.445312,0.035156,2
confirmation-2994,confirmation,closed_qa,512,512,135,283,0.200393,0.519531,0.0625,3
confirmation-2995,confirmation,creative_writing,512,512,219,388,0.119843,0.419922,0.052734,2
confirmation-2996,confirmation,general_qa,512,512,169,300,0.24558,0.488281,0.066406,2
confirmation-2997,confirmation,brainstorming,512,512,161,280,0.27112,0.501953,0.037109,2
confirmation-2998,confirmation,open_qa,512,512,178,296,0.292731,0.455078,0.042969,2
confirmation-2999,confirmation,open_qa,512,512,182,327,0.149312,0.478516,0.074219,2
confirmation-3000,confirmation,brainstorming,512,512,223,416,0.037328,0.423828,0.015625,2
confirmation-3001,confirmation,open_qa,512,512,200,408,0.031434,0.4375,0.048828,2
confirmation-3002,confirmation,open_qa,512,512,76,142,0.607073,0.611328,0.035156,2
confirmation-3003,confirmation,open_qa,512,512,108,233,0.330059,0.558594,0.0,1
confirmation-3004,confirmation,open_qa,512,512,75,181,0.392927,0.732422,0.111328,2
confirmation-3005,confirmation,open_qa,512,512,88,143,0.644401,0.556641,0.132812,2
confirmation-3006,confirmation,classification,512,512,209,380,0.100196,0.453125,0.025391,2
confirmation-3007,confirmation,open_qa,512,512,169,276,0.363458,0.458984,0.046875,2
confirmation-3008,confirmation,information_extraction,512,512,162,300,0.233792,0.554688,0.113281,2
confirmation-3009,confirmation,classification,512,512,210,390,0.070727,0.46875,0.064453,2
confirmation-3010,confirmation,classification,512,512,134,256,0.318271,0.544922,0.060547,2
confirmation-3011,confirmation,open_qa,512,512,42,67,0.831041,0.707031,0.042969,2
confirmation-3012,confirmation,information_extraction,512,512,121,210,0.447937,0.619141,0.046875,3
confirmation-3013,confirmation,brainstorming,512,512,167,320,0.137525,0.550781,0.027344,2
confirmation-3014,confirmation,information_extraction,512,512,114,200,0.46169,0.535156,0.050781,2
confirmation-3015,confirmation,closed_qa,512,512,217,401,0.053045,0.458984,0.023438,2
confirmation-3016,confirmation,open_qa,512,512,166,341,0.078585,0.480469,0.015625,2
confirmation-3017,confirmation,brainstorming,512,512,181,329,0.198428,0.447266,0.083984,2
confirmation-3018,confirmation,information_extraction,512,512,147,281,0.284872,0.484375,0.041016,2
confirmation-3019,confirmation,general_qa,512,512,201,369,0.078585,0.46875,0.085938,2
confirmation-3020,confirmation,creative_writing,512,512,185,353,0.108055,0.498047,0.037109,2
confirmation-3021,confirmation,general_qa,512,512,51,71,0.833006,0.818359,0.068359,1
confirmation-3022,confirmation,classification,512,512,165,325,0.202358,0.484375,0.037109,2
confirmation-3023,confirmation,summarization,512,512,96,170,0.524558,0.630859,0.027344,2
confirmation-3024,confirmation,open_qa,512,512,146,286,0.265226,0.566406,0.080078,2
confirmation-3025,confirmation,classification,512,512,152,275,0.251473,0.501953,0.007812,2
confirmation-3026,confirmation,general_qa,512,512,153,291,0.229862,0.5,0.082031,2
confirmation-3027,confirmation,closed_qa,512,512,179,268,0.414538,0.388672,0.039062,2
confirmation-3028,confirmation,brainstorming,512,512,187,356,0.10609,0.492188,0.064453,2
confirmation-3029,confirmation,brainstorming,512,512,187,318,0.231827,0.492188,0.029297,2
confirmation-3030,confirmation,open_qa,512,512,64,114,0.679764,0.632812,0.132812,2
confirmation-3031,confirmation,general_qa,512,512,159,321,0.137525,0.535156,0.044922,2
confirmation-3032,confirmation,open_qa,512,512,147,294,0.184676,0.574219,0.035156,2
confirmation-3033,confirmation,summarization,512,512,134,243,0.392927,0.498047,0.021484,2
confirmation-3034,confirmation,information_extraction,512,512,158,341,0.086444,0.519531,0.017578,2
confirmation-3035,confirmation,classification,512,512,182,352,0.117878,0.435547,0.050781,2
confirmation-3036,confirmation,information_extraction,512,512,168,280,0.21611,0.509766,0.107422,2
confirmation-3037,confirmation,brainstorming,512,512,197,369,0.090373,0.447266,0.064453,2
confirmation-3038,confirmation,creative_writing,512,512,188,335,0.233792,0.433594,0.064453,2
confirmation-3039,confirmation,general_qa,512,512,186,362,0.068762,0.523438,0.048828,2
confirmation-3040,confirmation,information_extraction,512,512,125,229,0.349705,0.609375,0.148438,2
confirmation-3041,confirmation,open_qa,512,512,173,355,0.092338,0.511719,0.068359,2
confirmation-3042,confirmation,closed_qa,512,512,117,188,0.552063,0.5625,0.042969,3
confirmation-3043,confirmation,general_qa,512,512,110,184,0.557957,0.705078,0.089844,2
confirmation-3044,confirmation,brainstorming,512,512,72,90,0.819253,0.898438,0.347656,2
confirmation-3045,confirmation,summarization,512,512,190,339,0.170923,0.498047,0.048828,2
confirmation-3046,confirmation,open_qa,512,512,82,136,0.605108,0.716797,0.164062,2
confirmation-3047,confirmation,summarization,512,512,134,217,0.445972,0.509766,0.09375,2
confirmation-3048,confirmation,open_qa,512,512,123,193,0.552063,0.517578,0.070312,2
confirmation-3049,confirmation,brainstorming,512,512,195,383,0.072692,0.464844,0.035156,2
confirmation-3050,confirmation,open_qa,512,512,204,377,0.045187,0.466797,0.033203,2
confirmation-3051,confirmation,information_extraction,512,512,124,251,0.290766,0.572266,0.052734,2
confirmation-3052,confirmation,classification,512,512,193,366,0.090373,0.46875,0.066406,2
confirmation-3053,confirmation,summarization,512,512,37,54,0.848723,0.960938,0.253906,2
confirmation-3054,confirmation,closed_qa,512,512,148,223,0.508841,0.392578,0.027344,2
confirmation-3055,confirmation,open_qa,512,512,124,238,0.3222,0.525391,0.083984,2
confirmation-3056,confirmation,brainstorming,512,512,173,358,0.084479,0.494141,0.027344,2
confirmation-3057,confirmation,general_qa,512,512,155,327,0.098232,0.523438,0.027344,2
confirmation-3058,confirmation,brainstorming,512,512,192,350,0.133595,0.451172,0.046875,2
confirmation-3059,confirmation,open_qa,512,512,221,385,0.060904,0.429688,0.046875,2
confirmation-3060,confirmation,closed_qa,512,512,110,192,0.540275,0.59375,0.070312,3
confirmation-3061,confirmation,classification,512,512,140,286,0.249509,0.509766,0.087891,2
confirmation-3062,confirmation,classification,512,512,88,154,0.583497,0.685547,0.060547,2
confirmation-3063,confirmation,open_qa,512,512,182,343,0.133595,0.441406,0.017578,1
confirmation-3064,confirmation,classification,512,512,196,375,0.090373,0.474609,0.056641,2
confirmation-3065,confirmation,classification,512,512,215,412,0.027505,0.429688,0.052734,2
confirmation-3066,confirmation,open_qa,512,512,172,339,0.147348,0.464844,0.083984,2
confirmation-3067,confirmation,open_qa,512,512,156,285,0.300589,0.5,0.070312,2
confirmation-3068,confirmation,brainstorming,512,512,213,396,0.045187,0.414062,0.03125,2
confirmation-3069,confirmation,brainstorming,512,512,130,216,0.489194,0.605469,0.105469,2
confirmation-3070,confirmation,open_qa,512,512,230,409,0.021611,0.417969,0.068359,2
confirmation-3071,confirmation,open_qa,512,512,91,199,0.451866,0.541016,0.056641,2
confirmation-3072,confirmation,open_qa,512,512,185,375,0.068762,0.466797,0.068359,2
confirmation-3073,confirmation,information_extraction,512,512,123,244,0.318271,0.578125,0.056641,2
confirmation-3074,confirmation,general_qa,512,512,126,237,0.361493,0.560547,0.044922,2
confirmation-3075,confirmation,classification,512,512,179,344,0.094303,0.498047,0.058594,2
confirmation-3076,confirmation,classification,512,512,200,387,0.035363,0.488281,0.054688,2
confirmation-3077,confirmation,closed_qa,512,512,135,224,0.473477,0.498047,0.021484,2
confirmation-3078,confirmation,classification,512,512,17,26,0.909627,1.0,0.0,1
confirmation-3079,confirmation,general_qa,512,512,156,326,0.139489,0.533203,0.019531,2
confirmation-3080,confirmation,summarization,512,512,66,186,0.430255,0.835938,0.005859,2
confirmation-3081,confirmation,classification,512,512,165,278,0.302554,0.582031,0.074219,2
confirmation-3082,confirmation,classification,512,512,83,138,0.664047,0.572266,0.035156,5
confirmation-3083,confirmation,open_qa,512,512,160,301,0.27112,0.578125,0.064453,2
confirmation-3084,confirmation,general_qa,512,512,176,334,0.151277,0.484375,0.029297,2
confirmation-3085,confirmation,information_extraction,512,512,100,149,0.656189,0.533203,0.058594,2
confirmation-3086,confirmation,brainstorming,512,512,121,236,0.373281,0.546875,0.0625,2
confirmation-3087,confirmation,closed_qa,512,512,171,361,0.10609,0.464844,0.023438,3
confirmation-3088,confirmation,classification,512,512,162,340,0.13556,0.525391,0.068359,2
confirmation-3089,confirmation,information_extraction,512,512,117,199,0.489194,0.509766,0.056641,2
confirmation-3090,confirmation,closed_qa,512,512,122,230,0.335953,0.566406,0.023438,2
confirmation-3091,confirmation,open_qa,512,512,61,112,0.62279,0.644531,0.138672,2
confirmation-3092,confirmation,open_qa,512,512,184,361,0.086444,0.494141,0.035156,2
confirmation-3093,confirmation,summarization,512,512,86,147,0.650295,0.662109,0.082031,2
confirmation-3094,confirmation,creative_writing,512,512,211,392,0.045187,0.441406,0.076172,2
confirmation-3095,confirmation,creative_writing,512,512,181,323,0.163065,0.484375,0.042969,2
confirmation-3096,confirmation,classification,512,512,110,202,0.45776,0.513672,0.044922,2
confirmation-3097,confirmation,closed_qa,512,512,104,211,0.298625,0.621094,0.033203,3
confirmation-3098,confirmation,open_qa,512,512,190,352,0.145383,0.484375,0.048828,2
confirmation-3099,confirmation,open_qa,512,512,88,163,0.548134,0.6875,0.128906,2
confirmation-3100,confirmation,open_qa,512,512,216,395,0.060904,0.392578,0.035156,2
confirmation-3101,confirmation,open_qa,512,512,159,360,0.060904,0.515625,0.011719,2
confirmation-3102,confirmation,summarization,512,512,138,287,0.220039,0.541016,0.058594,2
confirmation-3103,confirmation,information_extraction,512,512,88,184,0.438114,0.71875,0.066406,2
confirmation-3104,confirmation,open_qa,512,512,152,290,0.255403,0.492188,0.017578,2
confirmation-3105,confirmation,information_extraction,512,512,110,172,0.59725,0.742188,0.044922,2
confirmation-3106,confirmation,brainstorming,512,512,140,270,0.339882,0.466797,0.03125,2
confirmation-3107,confirmation,general_qa,512,512,155,274,0.333988,0.605469,0.152344,2
confirmation-3108,confirmation,general_qa,512,512,177,343,0.125737,0.449219,0.037109,2
confirmation-3109,confirmation,general_qa,512,512,235,432,0.019646,0.462891,0.03125,2
confirmation-3110,confirmation,general_qa,512,512,200,370,0.096267,0.472656,0.042969,2
confirmation-3111,confirmation,information_extraction,512,512,163,251,0.40668,0.503906,0.037109,2
confirmation-3112,confirmation,open_qa,512,512,136,232,0.445972,0.654297,0.105469,2
confirmation-3113,confirmation,general_qa,512,512,66,129,0.618861,0.71875,0.042969,2
confirmation-3114,confirmation,classification,512,512,167,358,0.058939,0.53125,0.027344,2
confirmation-3115,confirmation,summarization,512,512,142,248,0.361493,0.478516,0.046875,2
confirmation-3116,confirmation,open_qa,512,512,69,94,0.797642,0.613281,0.107422,2
confirmation-3117,confirmation,closed_qa,512,512,201,339,0.202358,0.429688,0.017578,2
confirmation-3118,confirmation,classification,512,512,142,284,0.208251,0.601562,0.019531,2
confirmation-3119,confirmation,open_qa,512,512,152,301,0.182711,0.5,0.027344,15
confirmation-3120,confirmation,creative_writing,512,512,157,269,0.357564,0.470703,0.058594,2
confirmation-3121,confirmation,information_extraction,512,512,162,274,0.379175,0.425781,0.027344,2
confirmation-3122,confirmation,classification,512,512,101,219,0.267191,0.703125,0.095703,2
confirmation-3123,confirmation,information_extraction,512,512,146,236,0.43222,0.621094,0.134766,2
confirmation-3124,confirmation,closed_qa,512,512,173,335,0.129666,0.466797,0.072266,2
confirmation-3125,confirmation,classification,512,512,126,192,0.483301,0.740234,0.0,1
confirmation-3126,confirmation,open_qa,512,512,156,310,0.227898,0.457031,0.078125,2
confirmation-3127,confirmation,open_qa,512,512,105,222,0.333988,0.675781,0.048828,2
confirmation-3128,confirmation,open_qa,512,512,156,315,0.188605,0.5,0.070312,2
confirmation-3129,confirmation,summarization,512,512,175,302,0.247544,0.455078,0.058594,2
confirmation-3130,confirmation,information_extraction,512,512,150,288,0.170923,0.521484,0.101562,2
confirmation-3131,confirmation,classification,512,512,15,20,0.950884,1.0,0.298828,1
confirmation-3132,confirmation,information_extraction,512,512,151,259,0.343811,0.480469,0.095703,2
confirmation-3133,confirmation,classification,512,512,108,199,0.40668,0.544922,0.019531,2
confirmation-3134,confirmation,brainstorming,512,512,202,397,0.035363,0.410156,0.056641,2
confirmation-3135,confirmation,summarization,512,512,29,46,0.807466,0.976562,0.162109,2
confirmation-3136,confirmation,brainstorming,512,512,131,249,0.365422,0.490234,0.082031,2
confirmation-3137,confirmation,open_qa,512,512,30,54,0.717092,0.960938,0.228516,2
confirmation-3138,confirmation,classification,512,512,181,352,0.070727,0.478516,0.087891,2
confirmation-3139,confirmation,brainstorming,512,512,197,372,0.092338,0.439453,0.027344,2
confirmation-3140,confirmation,open_qa,512,512,152,310,0.180747,0.517578,0.027344,2
confirmation-3141,confirmation,closed_qa,512,512,161,292,0.286837,0.466797,0.007812,2
confirmation-3142,confirmation,brainstorming,512,512,171,336,0.147348,0.474609,0.060547,2
confirmation-3143,confirmation,summarization,512,512,71,163,0.414538,0.857422,0.009766,2
confirmation-3144,confirmation,summarization,512,512,56,77,0.842829,0.929688,0.425781,2
confirmation-3145,confirmation,classification,512,512,155,302,0.168959,0.496094,0.068359,2
confirmation-3146,confirmation,summarization,512,512,194,366,0.11002,0.435547,0.027344,2
confirmation-3147,confirmation,closed_qa,512,512,134,229,0.400786,0.628906,0.052734,2
confirmation-3148,confirmation,information_extraction,512,512,117,209,0.455796,0.537109,0.066406,2
confirmation-3149,confirmation,open_qa,512,512,204,374,0.082515,0.486328,0.087891,2
confirmation-3150,confirmation,closed_qa,512,512,163,289,0.282908,0.515625,0.048828,2
confirmation-3151,confirmation,brainstorming,512,512,182,354,0.100196,0.441406,0.03125,2
confirmation-3152,confirmation,closed_qa,512,512,180,362,0.084479,0.486328,0.037109,2
confirmation-3153,confirmation,creative_writing,512,512,114,193,0.51277,0.533203,0.058594,2
confirmation-3154,confirmation,brainstorming,512,512,166,319,0.159136,0.513672,0.037109,2
confirmation-3155,confirmation,general_qa,512,512,180,373,0.068762,0.492188,0.048828,2
confirmation-3156,confirmation,general_qa,512,512,209,376,0.076621,0.423828,0.046875,2
confirmation-3157,confirmation,closed_qa,512,512,107,172,0.587426,0.496094,0.039062,2
confirmation-3158,confirmation,general_qa,512,512,150,296,0.194499,0.539062,0.042969,3
confirmation-3159,confirmation,closed_qa,512,512,191,361,0.117878,0.466797,0.046875,2
confirmation-3160,confirmation,classification,512,512,80,166,0.388998,0.748047,0.046875,3
confirmation-3161,confirmation,open_qa,512,512,171,335,0.1611,0.507812,0.03125,2
confirmation-3162,confirmation,general_qa,512,512,165,265,0.390963,0.544922,0.140625,2
confirmation-3163,confirmation,creative_writing,512,512,234,423,0.02947,0.472656,0.064453,2
confirmation-3164,confirmation,open_qa,512,512,165,313,0.155206,0.486328,0.019531,2
confirmation-3165,confirmation,open_qa,512,512,42,55,0.884086,0.613281,0.074219,2
confirmation-3166,confirmation,general_qa,512,512,158,297,0.192534,0.509766,0.042969,2
confirmation-3167,confirmation,open_qa,512,512,28,44,0.884086,0.822266,0.044922,1
confirmation-3168,confirmation,summarization,512,512,160,306,0.192534,0.46875,0.056641,2
confirmation-3169,confirmation,classification,512,512,208,407,0.021611,0.484375,0.044922,2
confirmation-3170,confirmation,brainstorming,512,512,201,372,0.072692,0.457031,0.085938,2
confirmation-3171,confirmation,open_qa,512,512,161,322,0.10609,0.527344,0.078125,3
confirmation-3172,confirmation,summarization,512,512,146,294,0.153242,0.550781,0.035156,2
confirmation-3173,confirmation,open_qa,512,512,126,263,0.21611,0.646484,0.021484,2
confirmation-3174,confirmation,creative_writing,512,512,153,304,0.153242,0.564453,0.050781,2
confirmation-3175,confirmation,brainstorming,512,512,216,411,0.033399,0.455078,0.023438,3
confirmation-3176,confirmation,summarization,512,512,130,277,0.237721,0.574219,0.011719,2
confirmation-3177,confirmation,open_qa,512,512,161,320,0.139489,0.474609,0.046875,2
confirmation-3178,confirmation,classification,512,512,131,286,0.212181,0.527344,0.085938,2
confirmation-3179,confirmation,general_qa,512,512,126,236,0.381139,0.544922,0.064453,2
confirmation-3180,confirmation,general_qa,512,512,116,221,0.332024,0.712891,0.070312,3
confirmation-3181,confirmation,brainstorming,512,512,42,118,0.56778,0.955078,0.101562,2
confirmation-3182,confirmation,closed_qa,512,512,123,226,0.298625,0.619141,0.083984,5
confirmation-3183,confirmation,classification,512,512,176,315,0.188605,0.46875,0.089844,2
confirmation-3184,confirmation,open_qa,512,512,241,407,0.058939,0.40625,0.037109,2
confirmation-3185,confirmation,open_qa,512,512,158,336,0.086444,0.492188,0.015625,1
confirmation-3186,confirmation,information_extraction,512,512,116,217,0.420432,0.566406,0.044922,2
confirmation-3187,confirmation,general_qa,512,512,170,289,0.277014,0.453125,0.039062,2
confirmation-3188,confirmation,brainstorming,512,512,227,419,0.02554,0.390625,0.041016,2
confirmation-3189,confirmation,general_qa,512,512,196,373,0.05501,0.509766,0.015625,2
confirmation-3190,confirmation,closed_qa,512,512,136,238,0.436149,0.511719,0.03125,3
confirmation-3191,confirmation,open_qa,512,512,40,64,0.840864,0.953125,0.261719,2
confirmation-3192,confirmation,open_qa,512,512,177,365,0.066798,0.511719,0.027344,2
confirmation-3193,confirmation,open_qa,512,512,35,64,0.797642,0.857422,0.246094,2
confirmation-3194,confirmation,open_qa,512,512,171,319,0.174853,0.523438,0.058594,2
confirmation-3195,confirmation,brainstorming,512,512,169,333,0.13556,0.525391,0.095703,2
confirmation-3196,confirmation,closed_qa,512,512,173,360,0.068762,0.539062,0.011719,2
confirmation-3197,confirmation,creative_writing,512,512,173,358,0.082515,0.492188,0.017578,2
confirmation-3198,confirmation,closed_qa,512,512,94,142,0.67387,0.546875,0.099609,2
confirmation-3199,confirmation,brainstorming,512,512,191,364,0.125737,0.478516,0.107422,2
confirmation-3200,confirmation,summarization,512,512,157,303,0.151277,0.560547,0.033203,2
confirmation-3201,confirmation,summarization,512,512,156,304,0.151277,0.542969,0.019531,2
confirmation-3202,confirmation,classification,512,512,151,293,0.194499,0.509766,0.074219,2
confirmation-3203,confirmation,information_extraction,512,512,164,275,0.273084,0.568359,0.123047,2
confirmation-3204,confirmation,classification,512,512,143,277,0.257367,0.548828,0.056641,2
confirmation-3205,confirmation,general_qa,512,512,147,268,0.332024,0.523438,0.115234,2
confirmation-3206,confirmation,classification,512,512,157,327,0.092338,0.527344,0.048828,2
confirmation-3207,confirmation,general_qa,512,512,184,348,0.094303,0.488281,0.039062,2
confirmation-3208,confirmation,general_qa,512,512,168,323,0.127701,0.470703,0.074219,2
confirmation-3209,confirmation,closed_qa,512,512,99,193,0.434185,0.542969,0.027344,2
confirmation-3210,confirmation,open_qa,512,512,176,332,0.147348,0.484375,0.074219,2
confirmation-3211,confirmation,general_qa,512,512,153,264,0.302554,0.453125,0.0625,2
confirmation-3212,confirmation,brainstorming,512,512,219,380,0.10609,0.398438,0.058594,2
confirmation-3213,confirmation,summarization,512,512,234,441,0.031434,0.417969,0.023438,2
confirmation-3214,confirmation,classification,512,512,200,393,0.035363,0.5,0.054688,2
confirmation-3215,confirmation,general_qa,512,512,143,276,0.231827,0.505859,0.023438,2
confirmation-3216,confirmation,open_qa,512,512,93,155,0.59725,0.625,0.074219,2
confirmation-3217,confirmation,classification,512,512,118,212,0.40275,0.613281,0.070312,2
confirmation-3218,confirmation,closed_qa,512,512,74,137,0.607073,0.707031,0.021484,3
confirmation-3219,confirmation,classification,512,512,102,145,0.440079,0.621094,0.0,1
confirmation-3220,confirmation,summarization,512,512,163,320,0.151277,0.488281,0.021484,2
confirmation-3221,confirmation,general_qa,512,512,179,356,0.168959,0.443359,0.060547,2
confirmation-3222,confirmation,open_qa,512,512,197,370,0.088409,0.470703,0.054688,2
confirmation-3223,confirmation,summarization,512,512,149,293,0.198428,0.539062,0.074219,2
confirmation-3224,confirmation,information_extraction,512,512,125,197,0.544204,0.523438,0.074219,2
confirmation-3225,confirmation,open_qa,512,512,247,424,0.043222,0.423828,0.027344,2
confirmation-3226,confirmation,classification,512,512,160,284,0.143418,0.525391,0.0,1
confirmation-3227,confirmation,summarization,512,512,169,320,0.165029,0.498047,0.042969,2
confirmation-3228,confirmation,summarization,512,512,151,297,0.192534,0.505859,0.041016,3
confirmation-3229,confirmation,open_qa,512,512,167,334,0.153242,0.513672,0.095703,2
confirmation-3230,confirmation,open_qa,512,512,142,287,0.231827,0.568359,0.066406,2
confirmation-3231,confirmation,classification,512,512,135,223,0.469548,0.699219,0.033203,7
confirmation-3232,confirmation,general_qa,512,512,207,367,0.113949,0.457031,0.083984,2
confirmation-3233,confirmation,creative_writing,512,512,142,300,0.198428,0.542969,0.023438,2
confirmation-3234,confirmation,general_qa,512,512,188,351,0.119843,0.460938,0.029297,2
confirmation-3235,confirmation,summarization,512,512,83,137,0.640472,0.6875,0.078125,2
confirmation-3236,confirmation,general_qa,512,512,189,359,0.11002,0.433594,0.048828,2
confirmation-3237,confirmation,brainstorming,512,512,192,355,0.082515,0.492188,0.046875,2
confirmation-3238,confirmation,classification,512,512,105,180,0.530452,0.574219,0.050781,4
confirmation-3239,confirmation,classification,512,512,162,275,0.365422,0.451172,0.029297,2
confirmation-3240,confirmation,classification,512,512,178,338,0.11002,0.513672,0.027344,2
confirmation-3241,confirmation,closed_qa,512,512,148,265,0.316306,0.513672,0.035156,2
confirmation-3242,confirmation,brainstorming,512,512,239,439,0.009823,0.419922,0.058594,2
confirmation-3243,confirmation,creative_writing,512,512,179,359,0.074656,0.496094,0.058594,2
confirmation-3244,confirmation,open_qa,512,512,168,358,0.074656,0.507812,0.027344,2
confirmation-3245,confirmation,open_qa,512,512,220,403,0.045187,0.482422,0.078125,2
confirmation-3246,confirmation,classification,512,512,191,366,0.070727,0.498047,0.048828,2
confirmation-3247,confirmation,classification,512,512,129,215,0.497053,0.488281,0.074219,2
confirmation-3248,confirmation,creative_writing,512,512,225,403,0.060904,0.4375,0.068359,2
confirmation-3249,confirmation,open_qa,512,512,163,308,0.178782,0.451172,0.03125,2
confirmation-3250,confirmation,summarization,512,512,174,370,0.068762,0.46875,0.03125,2
confirmation-3251,confirmation,brainstorming,512,512,88,139,0.618861,0.556641,0.070312,2
confirmation-3252,confirmation,creative_writing,512,512,162,315,0.163065,0.474609,0.050781,2
confirmation-3253,confirmation,open_qa,512,512,117,238,0.300589,0.65625,0.058594,2
confirmation-3254,confirmation,open_qa,512,512,166,336,0.155206,0.4375,0.029297,2
confirmation-3255,confirmation,general_qa,512,512,184,344,0.104126,0.494141,0.03125,2
confirmation-3256,confirmation,closed_qa,512,512,185,356,0.070727,0.517578,0.037109,2
confirmation-3257,confirmation,open_qa,512,512,181,347,0.159136,0.5,0.080078,2
confirmation-3258,confirmation,closed_qa,512,512,141,248,0.422397,0.667969,0.046875,2
confirmation-3259,confirmation,information_extraction,512,512,138,272,0.18664,0.580078,0.042969,2
confirmation-3260,confirmation,closed_qa,512,512,158,293,0.208251,0.533203,0.095703,2
confirmation-3261,confirmation,general_qa,512,512,195,384,0.076621,0.447266,0.041016,2
confirmation-3262,confirmation,brainstorming,512,512,203,381,0.094303,0.435547,0.048828,2
confirmation-3263,confirmation,open_qa,512,512,67,120,0.638507,0.728516,0.078125,2
confirmation-3264,confirmation,general_qa,512,512,196,371,0.062868,0.476562,0.027344,2
confirmation-3265,confirmation,creative_writing,512,512,176,306,0.21611,0.486328,0.078125,2
confirmation-3266,confirmation,general_qa,512,512,172,370,0.047151,0.513672,0.011719,2
confirmation-3267,confirmation,closed_qa,512,512,225,410,0.058939,0.433594,0.044922,2
confirmation-3268,confirmation,information_extraction,512,512,233,389,0.088409,0.382812,0.021484,2
confirmation-3269,confirmation,closed_qa,512,512,155,305,0.247544,0.505859,0.058594,2
confirmation-3270,confirmation,classification,512,512,166,287,0.265226,0.494141,0.068359,2
confirmation-3271,confirmation,closed_qa,512,512,175,298,0.210216,0.431641,0.033203,2
confirmation-3272,confirmation,brainstorming,512,512,117,168,0.601179,0.460938,0.078125,7
confirmation-3273,confirmation,closed_qa,512,512,178,348,0.111984,0.453125,0.064453,2
confirmation-3274,confirmation,brainstorming,512,512,205,383,0.072692,0.462891,0.050781,2
confirmation-3275,confirmation,summarization,512,512,167,353,0.08055,0.474609,0.029297,2
confirmation-3276,confirmation,closed_qa,512,512,155,305,0.206287,0.496094,0.064453,2
confirmation-3277,confirmation,information_extraction,512,512,125,256,0.298625,0.589844,0.019531,3
confirmation-3278,confirmation,information_extraction,512,512,126,247,0.333988,0.556641,0.0625,2
confirmation-3279,confirmation,general_qa,512,512,196,365,0.084479,0.451172,0.054688,2
confirmation-3280,confirmation,closed_qa,512,512,132,246,0.318271,0.544922,0.097656,2
confirmation-3281,confirmation,summarization,512,512,176,340,0.127701,0.486328,0.027344,3
confirmation-3282,confirmation,open_qa,512,512,185,340,0.108055,0.449219,0.074219,2
confirmation-3283,confirmation,general_qa,512,512,184,380,0.051081,0.486328,0.042969,2
confirmation-3284,confirmation,classification,512,512,143,265,0.328094,0.519531,0.056641,2
confirmation-3285,confirmation,closed_qa,512,512,167,360,0.066798,0.484375,0.037109,2
confirmation-3286,confirmation,open_qa,512,512,127,295,0.143418,0.589844,0.044922,2
confirmation-3287,confirmation,general_qa,512,512,181,378,0.066798,0.476562,0.072266,2
confirmation-3288,confirmation,general_qa,512,512,198,364,0.1611,0.445312,0.066406,2
confirmation-3289,confirmation,classification,512,512,201,345,0.149312,0.484375,0.066406,2
confirmation-3290,confirmation,brainstorming,512,512,214,412,0.039293,0.392578,0.035156,2
confirmation-3291,confirmation,closed_qa,512,512,195,364,0.082515,0.509766,0.076172,2
confirmation-3292,confirmation,creative_writing,512,512,163,315,0.239686,0.472656,0.054688,2
confirmation-3293,confirmation,general_qa,512,512,208,415,0.023576,0.416016,0.042969,2
confirmation-3294,confirmation,open_qa,512,512,191,378,0.060904,0.523438,0.048828,2
confirmation-3295,confirmation,classification,512,512,138,270,0.198428,0.570312,0.023438,2
confirmation-3296,confirmation,brainstorming,512,512,197,372,0.084479,0.455078,0.027344,2
confirmation-3297,confirmation,information_extraction,512,512,172,305,0.220039,0.462891,0.035156,3
confirmation-3298,confirmation,classification,512,512,75,126,0.614931,0.833984,0.113281,2
confirmation-3299,confirmation,classification,512,512,211,393,0.078585,0.421875,0.060547,2
confirmation-3300,confirmation,open_qa,512,512,125,248,0.286837,0.625,0.029297,2
confirmation-3301,confirmation,open_qa,512,512,67,103,0.730845,0.703125,0.044922,2
confirmation-3302,confirmation,summarization,512,512,137,267,0.263261,0.539062,0.017578,2
confirmation-3303,confirmation,general_qa,512,512,178,359,0.098232,0.523438,0.035156,2
confirmation-3304,confirmation,open_qa,512,512,201,350,0.163065,0.431641,0.050781,2
confirmation-3305,confirmation,open_qa,512,512,132,247,0.353635,0.521484,0.058594,2
confirmation-3306,confirmation,open_qa,512,512,174,363,0.076621,0.513672,0.027344,2
confirmation-3307,confirmation,closed_qa,512,512,104,170,0.514735,0.566406,0.125,2
confirmation-3308,confirmation,brainstorming,512,512,171,327,0.143418,0.462891,0.027344,2
confirmation-3309,confirmation,closed_qa,512,512,89,164,0.483301,0.757812,0.066406,3
confirmation-3310,confirmation,open_qa,512,512,161,347,0.094303,0.519531,0.027344,3
confirmation-3311,confirmation,information_extraction,512,512,182,347,0.133595,0.429688,0.021484,3
confirmation-3312,confirmation,information_extraction,512,512,198,390,0.045187,0.476562,0.054688,3
confirmation-3313,confirmation,open_qa,512,512,229,397,0.08055,0.410156,0.082031,2
confirmation-3314,confirmation,closed_qa,512,512,200,357,0.153242,0.433594,0.042969,2
confirmation-3315,confirmation,brainstorming,512,512,156,260,0.375246,0.457031,0.066406,2
confirmation-3316,confirmation,closed_qa,512,512,148,307,0.180747,0.535156,0.027344,2
confirmation-3317,confirmation,creative_writing,512,512,187,318,0.259332,0.425781,0.03125,2
confirmation-3318,confirmation,closed_qa,512,512,121,228,0.229862,0.554688,0.164062,2
confirmation-3319,confirmation,open_qa,512,512,178,357,0.090373,0.480469,0.060547,2
confirmation-3320,confirmation,open_qa,512,512,61,139,0.434185,0.736328,0.003906,2
confirmation-3321,confirmation,open_qa,512,512,226,398,0.086444,0.449219,0.089844,2
confirmation-3322,confirmation,classification,512,512,17,62,0.722986,1.0,0.0,3
confirmation-3323,confirmation,summarization,512,512,140,252,0.330059,0.578125,0.066406,2
confirmation-3324,confirmation,open_qa,512,512,169,327,0.125737,0.501953,0.054688,2
confirmation-3325,confirmation,brainstorming,512,512,151,301,0.212181,0.527344,0.039062,2
confirmation-3326,confirmation,open_qa,512,512,184,326,0.210216,0.445312,0.050781,2
confirmation-3327,confirmation,general_qa,512,512,202,367,0.078585,0.5,0.042969,2
confirmation-3328,confirmation,closed_qa,512,512,149,269,0.314342,0.498047,0.042969,2
confirmation-3329,confirmation,creative_writing,512,512,215,408,0.02947,0.425781,0.011719,2
confirmation-3330,confirmation,closed_qa,512,512,196,372,0.053045,0.482422,0.076172,2
confirmation-3331,confirmation,open_qa,512,512,154,320,0.119843,0.552734,0.037109,2
confirmation-3332,confirmation,open_qa,512,512,59,121,0.642436,0.861328,0.130859,2
confirmation-3333,confirmation,brainstorming,512,512,187,341,0.214145,0.539062,0.048828,2
confirmation-3334,confirmation,information_extraction,512,512,146,319,0.104126,0.535156,0.029297,3
confirmation-3335,confirmation,classification,512,512,94,133,0.620825,0.798828,0.046875,2
confirmation-3336,confirmation,information_extraction,512,512,218,396,0.05501,0.419922,0.029297,3
confirmation-3337,confirmation,general_qa,512,512,183,368,0.076621,0.494141,0.023438,2
confirmation-3338,confirmation,information_extraction,512,512,101,167,0.569745,0.755859,0.101562,2
confirmation-3339,confirmation,open_qa,512,512,176,324,0.147348,0.46875,0.03125,2
confirmation-3340,confirmation,summarization,512,512,192,367,0.078585,0.449219,0.015625,2
confirmation-3341,confirmation,creative_writing,512,512,240,412,0.043222,0.451172,0.03125,2
confirmation-3342,confirmation,open_qa,512,512,174,362,0.078585,0.490234,0.03125,2
confirmation-3343,confirmation,classification,512,512,181,319,0.210216,0.505859,0.066406,38
confirmation-3344,confirmation,open_qa,512,512,175,341,0.143418,0.439453,0.097656,2
confirmation-3345,confirmation,open_qa,512,512,202,395,0.051081,0.414062,0.048828,2
confirmation-3346,confirmation,classification,512,512,173,359,0.082515,0.509766,0.039062,2
confirmation-3347,confirmation,open_qa,512,512,215,387,0.035363,0.470703,0.052734,2
confirmation-3348,confirmation,creative_writing,512,512,177,370,0.05501,0.539062,0.027344,2
confirmation-3349,confirmation,general_qa,512,512,217,371,0.117878,0.421875,0.054688,2
confirmation-3350,confirmation,open_qa,512,512,173,337,0.155206,0.513672,0.058594,2
confirmation-3351,confirmation,summarization,512,512,95,135,0.685658,0.492188,0.03125,2
confirmation-3352,confirmation,brainstorming,512,512,117,210,0.471513,0.640625,0.125,2
confirmation-3353,confirmation,open_qa,512,512,191,358,0.157171,0.417969,0.064453,2
confirmation-3354,confirmation,general_qa,512,512,210,370,0.11002,0.419922,0.074219,2
confirmation-3355,confirmation,general_qa,512,512,202,359,0.117878,0.464844,0.027344,2
confirmation-3356,confirmation,general_qa,512,512,200,400,0.033399,0.478516,0.074219,2
confirmation-3357,confirmation,information_extraction,512,512,159,285,0.231827,0.537109,0.039062,2
confirmation-3358,confirmation,open_qa,512,512,109,179,0.530452,0.617188,0.039062,2
confirmation-3359,confirmation,open_qa,512,512,179,342,0.102161,0.494141,0.056641,2
confirmation-3360,confirmation,information_extraction,512,512,141,240,0.363458,0.599609,0.041016,2
confirmation-3361,confirmation,information_extraction,512,512,116,230,0.304519,0.570312,0.058594,2
confirmation-3362,confirmation,information_extraction,512,512,180,342,0.163065,0.445312,0.046875,2
confirmation-3363,confirmation,information_extraction,512,512,129,271,0.253438,0.591797,0.085938,2
confirmation-3364,confirmation,classification,512,512,87,133,0.689587,0.537109,0.105469,2
confirmation-3365,confirmation,classification,512,512,39,72,0.742633,0.957031,0.0,1
confirmation-3366,confirmation,open_qa,512,512,110,214,0.367387,0.640625,0.0625,2
confirmation-3367,confirmation,open_qa,512,512,172,335,0.121807,0.480469,0.064453,2
confirmation-3368,confirmation,open_qa,512,512,84,180,0.383104,0.699219,0.027344,2
confirmation-3369,confirmation,general_qa,512,512,239,439,0.015717,0.427734,0.044922,2
confirmation-3370,confirmation,closed_qa,512,512,199,327,0.231827,0.443359,0.015625,3
confirmation-3371,confirmation,open_qa,512,512,210,375,0.062868,0.486328,0.039062,2
confirmation-3372,confirmation,information_extraction,512,512,117,235,0.345776,0.689453,0.089844,2
confirmation-3373,confirmation,information_extraction,512,512,172,303,0.202358,0.492188,0.041016,2
confirmation-3374,confirmation,brainstorming,512,512,207,395,0.047151,0.417969,0.058594,2
confirmation-3375,confirmation,general_qa,512,512,159,300,0.233792,0.599609,0.179688,2
confirmation-3376,confirmation,information_extraction,512,512,124,249,0.253438,0.585938,0.058594,2
confirmation-3377,confirmation,open_qa,512,512,155,311,0.157171,0.501953,0.035156,2
confirmation-3378,confirmation,open_qa,512,512,196,389,0.039293,0.474609,0.021484,2
confirmation-3379,confirmation,open_qa,512,512,109,218,0.320236,0.65625,0.068359,2
confirmation-3380,confirmation,classification,512,512,168,311,0.223969,0.517578,0.025391,2
confirmation-3381,confirmation,open_qa,512,512,234,436,0.021611,0.417969,0.027344,2
confirmation-3382,confirmation,information_extraction,512,512,185,354,0.139489,0.451172,0.023438,2
confirmation-3383,confirmation,open_qa,512,512,136,251,0.310413,0.476562,0.056641,2
confirmation-3384,confirmation,open_qa,512,512,70,111,0.724951,0.878906,0.148438,2
confirmation-3385,confirmation,summarization,512,512,163,273,0.328094,0.412109,0.046875,2
confirmation-3386,confirmation,information_extraction,512,512,143,296,0.204322,0.550781,0.033203,1
confirmation-3387,confirmation,general_qa,512,512,187,358,0.074656,0.519531,0.027344,2
confirmation-3388,confirmation,creative_writing,512,512,178,353,0.13556,0.490234,0.054688,2
confirmation-3389,confirmation,general_qa,512,512,211,405,0.074656,0.474609,0.058594,2
confirmation-3390,confirmation,general_qa,512,512,168,344,0.129666,0.498047,0.058594,2
confirmation-3391,confirmation,open_qa,512,512,169,312,0.231827,0.560547,0.167969,2
confirmation-3392,confirmation,classification,512,512,142,260,0.29666,0.566406,0.060547,2
confirmation-3393,confirmation,closed_qa,512,512,214,405,0.05501,0.414062,0.03125,2
confirmation-3394,confirmation,summarization,512,512,167,294,0.318271,0.498047,0.060547,2
confirmation-3395,confirmation,general_qa,512,512,159,313,0.194499,0.53125,0.091797,2
confirmation-3396,confirmation,general_qa,512,512,152,283,0.265226,0.511719,0.078125,2
confirmation-3397,confirmation,classification,512,512,204,379,0.088409,0.494141,0.023438,2
confirmation-3398,confirmation,open_qa,512,512,78,117,0.75442,0.876953,0.382812,2
confirmation-3399,confirmation,brainstorming,512,512,87,191,0.394892,0.728516,0.0,2
confirmation-3400,confirmation,closed_qa,512,512,159,316,0.165029,0.515625,0.052734,2
confirmation-3401,confirmation,information_extraction,512,512,197,374,0.045187,0.490234,0.033203,3
confirmation-3402,confirmation,closed_qa,512,512,61,78,0.827112,0.919922,0.347656,2
confirmation-3403,confirmation,summarization,512,512,107,200,0.485265,0.546875,0.066406,2
confirmation-3404,confirmation,open_qa,512,512,175,338,0.172888,0.458984,0.039062,2
confirmation-3405,confirmation,summarization,512,512,134,250,0.341847,0.570312,0.074219,2
confirmation-3406,confirmation,closed_qa,512,512,123,209,0.485265,0.642578,0.0625,2
confirmation-3407,confirmation,open_qa,512,512,78,145,0.599214,0.625,0.105469,2
confirmation-3408,confirmation,general_qa,512,512,75,106,0.724951,0.65625,0.078125,2
confirmation-3409,confirmation,brainstorming,512,512,233,433,0.023576,0.458984,0.044922,2
confirmation-3410,confirmation,open_qa,512,512,135,266,0.312377,0.552734,0.011719,2
confirmation-3411,confirmation,general_qa,512,512,60,111,0.685658,0.802734,0.158203,2
confirmation-3412,confirmation,general_qa,512,512,189,376,0.068762,0.460938,0.03125,2
confirmation-3413,confirmation,brainstorming,512,512,159,326,0.121807,0.505859,0.042969,2
confirmation-3414,confirmation,open_qa,512,512,176,323,0.212181,0.470703,0.099609,2
confirmation-3415,confirmation,open_qa,512,512,157,258,0.308448,0.535156,0.052734,2
confirmation-3416,confirmation,information_extraction,512,512,84,167,0.475442,0.736328,0.048828,3
confirmation-3417,confirmation,classification,512,512,181,357,0.062868,0.474609,0.064453,2
confirmation-3418,confirmation,open_qa,512,512,188,395,0.017682,0.488281,0.035156,2
confirmation-3419,confirmation,open_qa,512,512,110,165,0.605108,0.498047,0.052734,2
confirmation-3420,confirmation,classification,512,512,70,152,0.46169,0.751953,0.050781,3
confirmation-3421,confirmation,creative_writing,512,512,177,332,0.166994,0.447266,0.017578,2
confirmation-3422,confirmation,information_extraction,512,512,157,297,0.249509,0.501953,0.050781,2
confirmation-3423,confirmation,classification,512,512,165,325,0.192534,0.476562,0.052734,3
confirmation-3424,confirmation,open_qa,512,512,133,285,0.249509,0.564453,0.019531,2
confirmation-3425,confirmation,brainstorming,512,512,73,97,0.748527,0.664062,0.019531,2
confirmation-3426,confirmation,closed_qa,512,512,168,277,0.365422,0.619141,0.050781,5
confirmation-3427,confirmation,brainstorming,512,512,228,419,0.033399,0.445312,0.03125,2
confirmation-3428,confirmation,closed_qa,512,512,86,161,0.489194,0.683594,0.169922,2
confirmation-3429,confirmation,open_qa,512,512,64,116,0.611002,0.791016,0.044922,1
confirmation-3430,confirmation,information_extraction,512,512,144,336,0.108055,0.507812,0.011719,3
confirmation-3431,confirmation,classification,512,512,201,381,0.082515,0.482422,0.0625,2
confirmation-3432,confirmation,classification,512,512,122,207,0.506876,0.527344,0.046875,2
confirmation-3433,confirmation,classification,512,512,31,46,0.866405,0.978516,0.0,1
confirmation-3434,confirmation,open_qa,512,512,193,383,0.068762,0.443359,0.035156,2
confirmation-3435,confirmation,classification,512,512,151,305,0.10609,0.578125,0.035156,2
confirmation-3436,confirmation,summarization,512,512,195,374,0.084479,0.425781,0.015625,2
confirmation-3437,confirmation,summarization,512,512,162,306,0.192534,0.515625,0.035156,2
confirmation-3438,confirmation,closed_qa,512,512,100,149,0.642436,0.720703,0.150391,2
confirmation-3439,confirmation,classification,512,512,188,350,0.125737,0.464844,0.060547,2
confirmation-3440,confirmation,open_qa,512,512,47,163,0.255403,0.904297,0.009766,2
confirmation-3441,confirmation,information_extraction,512,512,194,371,0.041257,0.482422,0.025391,3
confirmation-3442,confirmation,open_qa,512,512,78,133,0.634578,0.779297,0.0625,2
confirmation-3443,confirmation,summarization,512,512,180,348,0.137525,0.494141,0.050781,2
confirmation-3444,confirmation,general_qa,512,512,70,136,0.616896,0.791016,0.076172,2
confirmation-3445,confirmation,closed_qa,512,512,148,273,0.37721,0.458984,0.019531,3
confirmation-3446,confirmation,brainstorming,512,512,144,234,0.339882,0.626953,0.138672,2
confirmation-3447,confirmation,classification,512,512,131,233,0.332024,0.642578,0.017578,2
confirmation-3448,confirmation,classification,512,512,166,306,0.220039,0.564453,0.074219,2
confirmation-3449,confirmation,general_qa,512,512,188,373,0.056974,0.462891,0.019531,2
confirmation-3450,confirmation,general_qa,512,512,213,393,0.049116,0.484375,0.041016,2
confirmation-3451,confirmation,closed_qa,512,512,104,222,0.37721,0.576172,0.042969,2
confirmation-3452,confirmation,brainstorming,512,512,184,358,0.060904,0.472656,0.048828,2
confirmation-3453,confirmation,general_qa,512,512,221,419,0.037328,0.443359,0.033203,2
confirmation-3454,confirmation,information_extraction,512,512,134,211,0.477407,0.619141,0.105469,2
confirmation-3455,confirmation,classification,512,512,187,370,0.068762,0.478516,0.050781,2
confirmation-3456,confirmation,closed_qa,512,512,160,269,0.337917,0.501953,0.048828,2
confirmation-3457,confirmation,closed_qa,512,512,219,395,0.033399,0.464844,0.027344,2
confirmation-3458,confirmation,classification,512,512,173,331,0.151277,0.470703,0.064453,2
confirmation-3459,confirmation,general_qa,512,512,178,323,0.192534,0.443359,0.066406,2
confirmation-3460,confirmation,open_qa,512,512,230,398,0.043222,0.425781,0.060547,2
confirmation-3461,confirmation,closed_qa,512,512,168,304,0.174853,0.457031,0.080078,2
confirmation-3462,confirmation,creative_writing,512,512,200,386,0.041257,0.464844,0.054688,2
confirmation-3463,confirmation,closed_qa,512,512,158,310,0.159136,0.544922,0.037109,2
confirmation-3464,confirmation,classification,512,512,167,350,0.115914,0.457031,0.023438,2
confirmation-3465,confirmation,open_qa,512,512,174,322,0.149312,0.539062,0.03125,3
confirmation-3466,confirmation,open_qa,512,512,198,361,0.145383,0.435547,0.052734,2
confirmation-3467,confirmation,general_qa,512,512,219,424,0.011788,0.457031,0.042969,2
confirmation-3468,confirmation,summarization,512,512,124,234,0.343811,0.564453,0.048828,2
confirmation-3469,confirmation,closed_qa,512,512,190,350,0.129666,0.480469,0.099609,2
confirmation-3470,confirmation,closed_qa,512,512,186,351,0.121807,0.453125,0.041016,2
confirmation-3471,confirmation,general_qa,512,512,220,428,0.007859,0.423828,0.025391,2
confirmation-3472,confirmation,open_qa,512,512,102,172,0.544204,0.603516,0.029297,2
confirmation-3473,confirmation,classification,512,512,140,274,0.253438,0.556641,0.035156,2
confirmation-3474,confirmation,brainstorming,512,512,161,301,0.222004,0.498047,0.007812,2
confirmation-3475,confirmation,closed_qa,512,512,105,203,0.430255,0.533203,0.046875,2
confirmation-3476,confirmation,summarization,512,512,163,291,0.231827,0.568359,0.101562,2
confirmation-3477,confirmation,open_qa,512,512,42,58,0.846758,0.742188,0.091797,2
confirmation-3478,confirmation,information_extraction,512,512,154,294,0.223969,0.556641,0.046875,2
confirmation-3479,confirmation,classification,512,512,69,163,0.418468,0.800781,0.060547,2
confirmation-3480,confirmation,general_qa,512,512,171,290,0.304519,0.568359,0.033203,2
confirmation-3481,confirmation,open_qa,512,512,191,359,0.113949,0.414062,0.033203,2
confirmation-3482,confirmation,closed_qa,512,512,197,372,0.100196,0.453125,0.037109,2
confirmation-3483,confirmation,general_qa,512,512,162,290,0.267191,0.476562,0.0625,2
confirmation-3484,confirmation,information_extraction,512,512,207,387,0.086444,0.433594,0.039062,2
confirmation-3485,confirmation,general_qa,512,512,119,209,0.434185,0.511719,0.166016,2
confirmation-3486,confirmation,summarization,512,512,161,256,0.388998,0.570312,0.064453,2
confirmation-3487,confirmation,closed_qa,512,512,132,240,0.335953,0.523438,0.029297,3
confirmation-3488,confirmation,brainstorming,512,512,221,426,0.02554,0.433594,0.050781,2
confirmation-3489,confirmation,general_qa,512,512,190,353,0.147348,0.410156,0.052734,2
confirmation-3490,confirmation,open_qa,512,512,77,155,0.465619,0.757812,0.066406,2
confirmation-3491,confirmation,summarization,512,512,183,360,0.092338,0.507812,0.039062,2
confirmation-3492,confirmation,classification,512,512,191,356,0.119843,0.474609,0.058594,2
confirmation-3493,confirmation,general_qa,512,512,60,103,0.713163,0.712891,0.078125,2
confirmation-3494,confirmation,information_extraction,512,512,176,333,0.1611,0.462891,0.037109,1
confirmation-3495,confirmation,classification,512,512,26,32,0.929273,0.988281,0.136719,1
confirmation-3496,confirmation,creative_writing,512,512,227,375,0.11002,0.490234,0.078125,2
confirmation-3497,confirmation,closed_qa,512,512,103,161,0.540275,0.707031,0.007812,3
confirmation-3498,confirmation,brainstorming,512,512,135,250,0.339882,0.609375,0.035156,2
confirmation-3499,confirmation,general_qa,512,512,169,301,0.300589,0.453125,0.03125,2
confirmation-3500,confirmation,closed_qa,512,512,191,357,0.145383,0.488281,0.066406,2
confirmation-3501,confirmation,open_qa,512,512,63,108,0.679764,0.820312,0.128906,2
confirmation-3502,confirmation,closed_qa,512,512,186,336,0.143418,0.498047,0.054688,2
confirmation-3503,confirmation,open_qa,512,512,147,268,0.324165,0.464844,0.037109,2
confirmation-3504,confirmation,open_qa,512,512,157,307,0.18664,0.457031,0.052734,2
confirmation-3505,confirmation,general_qa,512,512,179,342,0.090373,0.470703,0.023438,2
confirmation-3506,confirmation,summarization,512,512,100,187,0.546169,0.537109,0.074219,2
confirmation-3507,confirmation,open_qa,512,512,42,57,0.856582,0.705078,0.089844,2
confirmation-3508,confirmation,brainstorming,512,512,186,352,0.137525,0.412109,0.050781,2
confirmation-3509,confirmation,information_extraction,512,512,165,293,0.24165,0.453125,0.046875,3
confirmation-3510,confirmation,open_qa,512,512,160,293,0.24558,0.529297,0.076172,2
confirmation-3511,confirmation,general_qa,512,512,139,285,0.286837,0.568359,0.033203,77
confirmation-3512,confirmation,summarization,512,512,88,134,0.664047,0.580078,0.042969,2
confirmation-3513,confirmation,information_extraction,512,512,111,187,0.575639,0.548828,0.021484,3
confirmation-3514,confirmation,summarization,512,512,172,326,0.198428,0.515625,0.072266,3
confirmation-3515,confirmation,classification,512,512,171,281,0.253438,0.595703,0.080078,2
confirmation-3516,confirmation,classification,512,512,184,374,0.084479,0.460938,0.042969,2
confirmation-3517,confirmation,brainstorming,512,512,169,330,0.172888,0.460938,0.03125,2
confirmation-3518,confirmation,closed_qa,512,512,130,259,0.320236,0.523438,0.070312,2
confirmation-3519,confirmation,closed_qa,512,512,197,337,0.206287,0.416016,0.03125,2
confirmation-3520,confirmation,open_qa,512,512,197,365,0.084479,0.5,0.019531,3
confirmation-3521,confirmation,open_qa,512,512,101,197,0.359528,0.697266,0.0,2
confirmation-3522,confirmation,information_extraction,512,512,127,242,0.335953,0.498047,0.046875,2
confirmation-3523,confirmation,general_qa,512,512,85,161,0.45776,0.681641,0.109375,2
confirmation-3524,confirmation,general_qa,512,512,169,339,0.117878,0.490234,0.021484,2
confirmation-3525,confirmation,summarization,512,512,143,271,0.269155,0.523438,0.041016,2
confirmation-3526,confirmation,open_qa,512,512,146,268,0.353635,0.544922,0.152344,2
confirmation-3527,confirmation,summarization,512,512,63,116,0.654224,0.748047,0.107422,2
confirmation-3528,confirmation,classification,512,512,84,159,0.499018,0.792969,0.167969,3
confirmation-3529,confirmation,open_qa,512,512,192,363,0.092338,0.496094,0.048828,2
confirmation-3530,confirmation,open_qa,512,512,91,149,0.607073,0.582031,0.041016,2
confirmation-3531,confirmation,closed_qa,512,512,180,350,0.108055,0.480469,0.044922,2
confirmation-3532,confirmation,general_qa,512,512,199,386,0.064833,0.458984,0.041016,2
confirmation-3533,confirmation,open_qa,512,512,84,138,0.640472,0.755859,0.109375,2
confirmation-3534,confirmation,classification,512,512,115,245,0.302554,0.613281,0.078125,2
confirmation-3535,confirmation,information_extraction,512,512,45,64,0.846758,0.945312,0.009766,2
confirmation-3536,confirmation,general_qa,512,512,221,407,0.041257,0.423828,0.037109,2
confirmation-3537,confirmation,general_qa,512,512,160,320,0.141454,0.515625,0.035156,2
confirmation-3538,confirmation,open_qa,512,512,135,281,0.247544,0.527344,0.039062,2
confirmation-3539,confirmation,information_extraction,512,512,111,194,0.504912,0.605469,0.050781,2
confirmation-3540,confirmation,open_qa,512,512,73,113,0.667976,0.753906,0.048828,2
confirmation-3541,confirmation,general_qa,512,512,134,248,0.392927,0.464844,0.048828,2
confirmation-3542,confirmation,general_qa,512,512,124,242,0.359528,0.560547,0.0625,2
confirmation-3543,confirmation,summarization,512,512,151,284,0.255403,0.539062,0.087891,2
confirmation-3544,confirmation,summarization,512,512,159,292,0.212181,0.550781,0.070312,2
confirmation-3545,confirmation,closed_qa,512,512,65,89,0.811395,0.912109,0.019531,2
confirmation-3546,confirmation,summarization,512,512,192,332,0.200393,0.466797,0.015625,2
confirmation-3547,confirmation,open_qa,512,512,162,263,0.343811,0.449219,0.060547,2
confirmation-3548,confirmation,information_extraction,512,512,168,280,0.32613,0.484375,0.070312,2
confirmation-3549,confirmation,classification,512,512,171,322,0.196464,0.466797,0.066406,2
confirmation-3550,confirmation,general_qa,512,512,249,434,0.019646,0.443359,0.054688,2
confirmation-3551,confirmation,open_qa,512,512,175,334,0.141454,0.478516,0.044922,2
confirmation-3552,confirmation,creative_writing,512,512,146,280,0.24165,0.535156,0.052734,2
confirmation-3553,confirmation,creative_writing,512,512,186,378,0.039293,0.513672,0.027344,2
confirmation-3554,confirmation,open_qa,512,512,202,368,0.133595,0.466797,0.046875,2
confirmation-3555,confirmation,creative_writing,512,512,208,367,0.168959,0.423828,0.056641,2
confirmation-3556,confirmation,summarization,512,512,50,64,0.846758,0.701172,0.035156,2
confirmation-3557,confirmation,brainstorming,512,512,186,310,0.257367,0.449219,0.109375,2
confirmation-3558,confirmation,brainstorming,512,512,214,371,0.094303,0.439453,0.068359,2
confirmation-3559,confirmation,open_qa,512,512,171,335,0.174853,0.425781,0.054688,2
confirmation-3560,confirmation,brainstorming,512,512,155,333,0.115914,0.486328,0.052734,2
confirmation-3561,confirmation,general_qa,512,512,206,386,0.049116,0.457031,0.058594,2
confirmation-3562,confirmation,open_qa,512,512,142,269,0.288802,0.525391,0.044922,2
confirmation-3563,confirmation,open_qa,512,512,94,181,0.455796,0.695312,0.042969,2
confirmation-3564,confirmation,classification,512,512,229,425,0.021611,0.429688,0.035156,2
confirmation-3565,confirmation,general_qa,512,512,98,199,0.286837,0.636719,0.138672,3
confirmation-3566,confirmation,brainstorming,512,512,160,294,0.304519,0.460938,0.072266,2
confirmation-3567,confirmation,creative_writing,512,512,205,402,0.051081,0.478516,0.03125,2
confirmation-3568,confirmation,general_qa,512,512,125,203,0.526523,0.572266,0.160156,2
confirmation-3569,confirmation,open_qa,512,512,124,254,0.316306,0.630859,0.128906,2
confirmation-3570,confirmation,classification,512,512,185,345,0.178782,0.447266,0.054688,2
confirmation-3571,confirmation,information_extraction,512,512,102,187,0.475442,0.582031,0.0625,2
confirmation-3572,confirmation,information_extraction,512,512,137,292,0.202358,0.574219,0.056641,2
confirmation-3573,confirmation,open_qa,512,512,143,279,0.223969,0.5625,0.023438,2
confirmation-3574,confirmation,summarization,512,512,181,312,0.263261,0.410156,0.035156,2
confirmation-3575,confirmation,brainstorming,512,512,218,413,0.027505,0.40625,0.03125,2
confirmation-3576,confirmation,summarization,512,512,183,363,0.094303,0.472656,0.044922,2
confirmation-3577,confirmation,open_qa,512,512,190,316,0.231827,0.498047,0.044922,2
confirmation-3578,confirmation,general_qa,512,512,159,346,0.072692,0.509766,0.003906,1
confirmation-3579,confirmation,open_qa,512,512,209,390,0.039293,0.464844,0.027344,2
confirmation-3580,confirmation,open_qa,512,512,178,312,0.223969,0.457031,0.058594,2
confirmation-3581,confirmation,open_qa,512,512,221,418,0.02554,0.445312,0.050781,2
confirmation-3582,confirmation,closed_qa,512,512,146,268,0.345776,0.457031,0.044922,2
confirmation-3583,confirmation,general_qa,512,512,167,359,0.098232,0.460938,0.068359,2
confirmation-3584,confirmation,general_qa,512,512,114,207,0.444008,0.599609,0.056641,2
confirmation-3585,confirmation,open_qa,512,512,153,263,0.292731,0.544922,0.134766,2
confirmation-3586,confirmation,general_qa,512,512,245,434,0.019646,0.425781,0.0625,2
confirmation-3587,confirmation,general_qa,512,512,104,180,0.532417,0.59375,0.091797,2
confirmation-3588,confirmation,classification,512,512,209,406,0.017682,0.482422,0.044922,2
confirmation-3589,confirmation,information_extraction,512,512,129,251,0.357564,0.464844,0.042969,2
confirmation-3590,confirmation,open_qa,512,512,220,403,0.027505,0.46875,0.050781,2
confirmation-3591,confirmation,closed_qa,512,512,113,202,0.459725,0.628906,0.048828,2
confirmation-3592,confirmation,general_qa,512,512,111,237,0.257367,0.626953,0.111328,3
confirmation-3593,confirmation,information_extraction,512,512,178,337,0.147348,0.539062,0.009766,2
confirmation-3594,confirmation,creative_writing,512,512,187,327,0.229862,0.478516,0.078125,2
confirmation-3595,confirmation,creative_writing,512,512,115,193,0.536346,0.615234,0.167969,2
confirmation-3596,confirmation,general_qa,512,512,201,367,0.121807,0.439453,0.015625,2
confirmation-3597,confirmation,creative_writing,512,512,202,407,0.041257,0.416016,0.035156,2
confirmation-3598,confirmation,classification,512,512,96,160,0.414538,0.808594,0.009766,2
confirmation-3599,confirmation,open_qa,512,512,120,223,0.337917,0.6875,0.095703,3
confirmation-3600,confirmation,brainstorming,512,512,195,372,0.078585,0.503906,0.091797,2
confirmation-3601,confirmation,closed_qa,512,512,164,299,0.267191,0.515625,0.068359,3
confirmation-3602,confirmation,closed_qa,512,512,107,176,0.563851,0.501953,0.072266,2
confirmation-3603,confirmation,summarization,512,512,135,256,0.310413,0.546875,0.042969,2
confirmation-3604,confirmation,brainstorming,512,512,190,370,0.088409,0.480469,0.072266,2
confirmation-3605,confirmation,closed_qa,512,512,59,78,0.815324,0.681641,0.033203,1
confirmation-3606,confirmation,open_qa,512,512,95,160,0.571709,0.734375,0.134766,2
confirmation-3607,confirmation,summarization,512,512,175,362,0.100196,0.498047,0.076172,2
confirmation-3608,confirmation,closed_qa,512,512,179,358,0.068762,0.527344,0.001953,3
confirmation-3609,confirmation,summarization,512,512,133,248,0.306483,0.511719,0.070312,2
confirmation-3610,confirmation,brainstorming,512,512,171,310,0.206287,0.496094,0.044922,2
confirmation-3611,confirmation,summarization,512,512,220,425,0.013752,0.439453,0.027344,2
confirmation-3612,confirmation,open_qa,512,512,168,328,0.145383,0.521484,0.056641,2
confirmation-3613,confirmation,general_qa,512,512,206,421,0.017682,0.482422,0.048828,2
confirmation-3614,confirmation,open_qa,512,512,58,84,0.807466,0.892578,0.111328,2
confirmation-3615,confirmation,open_qa,512,512,185,343,0.166994,0.466797,0.0625,3
confirmation-3616,confirmation,brainstorming,512,512,184,347,0.149312,0.398438,0.044922,3
confirmation-3617,confirmation,brainstorming,512,512,175,349,0.102161,0.53125,0.054688,2
confirmation-3618,confirmation,brainstorming,512,512,105,197,0.471513,0.603516,0.072266,2
confirmation-3619,confirmation,open_qa,512,512,205,416,0.023576,0.449219,0.054688,2
confirmation-3620,confirmation,brainstorming,512,512,170,306,0.196464,0.507812,0.117188,2
confirmation-3621,confirmation,closed_qa,512,512,118,204,0.426326,0.552734,0.103516,2
confirmation-3622,confirmation,information_extraction,512,512,156,324,0.104126,0.53125,0.019531,2
confirmation-3623,confirmation,classification,512,512,85,176,0.420432,0.675781,0.132812,3
confirmation-3624,confirmation,open_qa,512,512,198,395,0.051081,0.464844,0.056641,2
confirmation-3625,confirmation,closed_qa,512,512,158,266,0.330059,0.472656,0.064453,2
confirmation-3626,confirmation,closed_qa,512,512,130,232,0.302554,0.5625,0.023438,2
confirmation-3627,confirmation,general_qa,512,512,101,196,0.426326,0.658203,0.070312,2
confirmation-3628,confirmation,open_qa,512,512,158,304,0.18664,0.539062,0.027344,2
confirmation-3629,confirmation,open_qa,512,512,175,371,0.056974,0.464844,0.044922,2
confirmation-3630,confirmation,information_extraction,512,512,190,348,0.117878,0.501953,0.0625,2
confirmation-3631,confirmation,brainstorming,512,512,200,355,0.125737,0.513672,0.099609,2
confirmation-3632,confirmation,brainstorming,512,512,186,345,0.10609,0.496094,0.033203,2
confirmation-3633,confirmation,general_qa,512,512,166,350,0.056974,0.544922,0.070312,2
confirmation-3634,confirmation,classification,512,512,182,374,0.051081,0.488281,0.027344,2
confirmation-3635,confirmation,information_extraction,512,512,96,198,0.353635,0.654297,0.054688,3
confirmation-3636,confirmation,classification,512,512,195,383,0.066798,0.453125,0.025391,3
confirmation-3637,confirmation,general_qa,512,512,151,316,0.149312,0.478516,0.056641,2
confirmation-3638,confirmation,open_qa,512,512,197,368,0.102161,0.458984,0.064453,2
confirmation-3639,confirmation,closed_qa,512,512,128,240,0.302554,0.546875,0.033203,2
confirmation-3640,confirmation,general_qa,512,512,197,378,0.058939,0.46875,0.025391,2
confirmation-3641,confirmation,information_extraction,512,512,226,430,0.009823,0.429688,0.027344,2
confirmation-3642,confirmation,summarization,512,512,102,185,0.508841,0.607422,0.050781,2
confirmation-3643,confirmation,closed_qa,512,512,60,173,0.249509,0.890625,0.080078,2
confirmation-3644,confirmation,classification,512,512,30,78,0.664047,0.964844,0.0,2
confirmation-3645,confirmation,open_qa,512,512,214,391,0.066798,0.427734,0.0625,2
confirmation-3646,confirmation,general_qa,512,512,186,358,0.070727,0.521484,0.042969,2
confirmation-3647,confirmation,open_qa,512,512,84,141,0.662083,0.568359,0.070312,3
confirmation-3648,confirmation,classification,512,512,121,295,0.180747,0.587891,0.035156,2
confirmation-3649,confirmation,classification,512,512,29,43,0.888016,0.982422,0.318359,2
confirmation-3650,confirmation,brainstorming,512,512,224,416,0.02947,0.435547,0.037109,2
confirmation-3651,confirmation,summarization,512,512,154,302,0.229862,0.496094,0.039062,2
confirmation-3652,confirmation,brainstorming,512,512,91,139,0.652259,0.806641,0.054688,1
confirmation-3653,confirmation,brainstorming,512,512,62,116,0.711198,0.851562,0.035156,1
confirmation-3654,confirmation,open_qa,512,512,120,180,0.559921,0.482422,0.097656,2
confirmation-3655,confirmation,brainstorming,512,512,80,120,0.715128,0.849609,0.173828,2
confirmation-3656,confirmation,closed_qa,512,512,153,289,0.251473,0.435547,0.011719,2
confirmation-3657,confirmation,open_qa,512,512,177,374,0.072692,0.480469,0.054688,2
confirmation-3658,confirmation,general_qa,512,512,204,374,0.05501,0.519531,0.042969,2
confirmation-3659,confirmation,general_qa,512,512,104,205,0.445972,0.699219,0.056641,2
confirmation-3660,confirmation,open_qa,512,512,101,172,0.528487,0.574219,0.023438,2
confirmation-3661,confirmation,closed_qa,512,512,150,273,0.316306,0.484375,0.058594,2
confirmation-3662,confirmation,creative_writing,512,512,222,408,0.066798,0.439453,0.044922,2
confirmation-3663,confirmation,general_qa,512,512,217,391,0.070727,0.443359,0.058594,2
confirmation-3664,confirmation,classification,512,512,90,163,0.532417,0.630859,0.03125,2
confirmation-3665,confirmation,classification,512,512,41,75,0.695481,0.923828,0.166016,1
confirmation-3666,confirmation,summarization,512,512,95,163,0.561886,0.789062,0.078125,2
confirmation-3667,confirmation,closed_qa,512,512,64,119,0.644401,0.822266,0.089844,2
confirmation-3668,confirmation,summarization,512,512,160,316,0.172888,0.568359,0.029297,2
confirmation-3669,confirmation,brainstorming,512,512,137,241,0.444008,0.480469,0.039062,2
confirmation-3670,confirmation,information_extraction,512,512,92,167,0.522593,0.5625,0.03125,2
confirmation-3671,confirmation,brainstorming,512,512,192,388,0.041257,0.46875,0.035156,2
confirmation-3672,confirmation,brainstorming,512,512,130,277,0.237721,0.548828,0.03125,2
confirmation-3673,confirmation,open_qa,512,512,92,168,0.504912,0.632812,0.119141,2
confirmation-3674,confirmation,information_extraction,512,512,153,296,0.229862,0.533203,0.054688,74
confirmation-3675,confirmation,classification,512,512,72,134,0.587426,0.744141,0.0,2
confirmation-3676,confirmation,classification,512,512,135,274,0.235756,0.566406,0.0625,2
confirmation-3677,confirmation,information_extraction,512,512,134,267,0.267191,0.640625,0.027344,2
confirmation-3678,confirmation,brainstorming,512,512,102,201,0.444008,0.589844,0.09375,2
confirmation-3679,confirmation,creative_writing,512,512,244,447,0.013752,0.398438,0.027344,2
confirmation-3680,confirmation,closed_qa,512,512,97,158,0.591356,0.662109,0.0625,2
confirmation-3681,confirmation,general_qa,512,512,182,333,0.196464,0.482422,0.060547,2
confirmation-3682,confirmation,brainstorming,512,512,87,179,0.430255,0.664062,0.054688,2
confirmation-3683,confirmation,open_qa,512,512,152,260,0.288802,0.498047,0.048828,2
confirmation-3684,confirmation,brainstorming,512,512,74,109,0.740668,0.701172,0.150391,1
confirmation-3685,confirmation,open_qa,512,512,207,408,0.033399,0.443359,0.039062,2
confirmation-3686,confirmation,information_extraction,512,512,103,168,0.554028,0.535156,0.078125,2
confirmation-3687,confirmation,creative_writing,512,512,86,162,0.506876,0.759766,0.03125,2
confirmation-3688,confirmation,closed_qa,512,512,177,344,0.115914,0.482422,0.046875,2
confirmation-3689,confirmation,open_qa,512,512,201,402,0.023576,0.480469,0.050781,2
confirmation-3690,confirmation,creative_writing,512,512,226,404,0.076621,0.431641,0.068359,2
confirmation-3691,confirmation,classification,512,512,183,351,0.153242,0.435547,0.035156,2
confirmation-3692,confirmation,brainstorming,512,512,101,158,0.628684,0.734375,0.175781,2
confirmation-3693,confirmation,open_qa,512,512,173,339,0.133595,0.476562,0.0625,2
confirmation-3694,confirmation,brainstorming,512,512,165,319,0.178782,0.515625,0.076172,2
confirmation-3695,confirmation,brainstorming,512,512,172,343,0.143418,0.462891,0.083984,2
confirmation-3696,confirmation,brainstorming,512,512,113,229,0.292731,0.667969,0.021484,2
confirmation-3697,confirmation,general_qa,512,512,223,426,0.02554,0.404297,0.023438,2
confirmation-3698,confirmation,open_qa,512,512,180,353,0.098232,0.513672,0.064453,2
confirmation-3699,confirmation,closed_qa,512,512,187,323,0.220039,0.455078,0.060547,2
confirmation-3700,confirmation,information_extraction,512,512,170,318,0.18664,0.433594,0.013672,2
confirmation-3701,confirmation,general_qa,512,512,169,343,0.11002,0.472656,0.042969,2
confirmation-3702,confirmation,general_qa,512,512,199,364,0.119843,0.492188,0.048828,2
confirmation-3703,confirmation,general_qa,512,512,166,310,0.227898,0.541016,0.050781,2
confirmation-3704,confirmation,general_qa,512,512,229,444,0.019646,0.408203,0.027344,2
confirmation-3705,confirmation,information_extraction,512,512,154,258,0.373281,0.578125,0.074219,2
confirmation-3706,confirmation,brainstorming,512,512,204,372,0.098232,0.423828,0.035156,2
confirmation-3707,confirmation,classification,512,512,58,100,0.742633,0.808594,0.052734,1
confirmation-3708,confirmation,brainstorming,512,512,204,403,0.039293,0.451172,0.019531,2
confirmation-3709,confirmation,closed_qa,512,512,143,286,0.204322,0.529297,0.013672,2
confirmation-3710,confirmation,brainstorming,512,512,136,295,0.143418,0.550781,0.039062,2
confirmation-3711,confirmation,general_qa,512,512,207,367,0.165029,0.380859,0.037109,2
confirmation-3712,confirmation,information_extraction,512,512,195,344,0.145383,0.408203,0.044922,2
confirmation-3713,confirmation,general_qa,512,512,215,405,0.072692,0.423828,0.070312,2
confirmation-3714,confirmation,information_extraction,512,512,171,288,0.269155,0.5,0.035156,2
confirmation-3715,confirmation,information_extraction,512,512,192,311,0.178782,0.431641,0.007812,2
confirmation-3716,confirmation,open_qa,512,512,161,304,0.198428,0.544922,0.021484,2
confirmation-3717,confirmation,brainstorming,512,512,206,371,0.143418,0.451172,0.050781,2
confirmation-3718,confirmation,summarization,512,512,118,220,0.341847,0.59375,0.126953,2
confirmation-3719,confirmation,open_qa,512,512,189,367,0.088409,0.443359,0.029297,2
confirmation-3720,confirmation,summarization,512,512,205,373,0.092338,0.478516,0.039062,2
confirmation-3721,confirmation,open_qa,512,512,209,395,0.05501,0.453125,0.058594,2
confirmation-3722,confirmation,classification,512,512,78,140,0.646365,0.863281,0.085938,2
confirmation-3723,confirmation,open_qa,512,512,168,339,0.133595,0.533203,0.056641,2
confirmation-3724,confirmation,closed_qa,512,512,167,319,0.19057,0.462891,0.037109,2
confirmation-3725,confirmation,classification,512,512,130,236,0.392927,0.519531,0.054688,3
confirmation-3726,confirmation,brainstorming,512,512,214,373,0.072692,0.451172,0.044922,2
confirmation-3727,confirmation,creative_writing,512,512,97,185,0.420432,0.65625,0.095703,2
confirmation-3728,confirmation,closed_qa,512,512,225,390,0.104126,0.392578,0.039062,2
confirmation-3729,confirmation,open_qa,512,512,97,195,0.369352,0.607422,0.089844,2
confirmation-3730,confirmation,general_qa,512,512,130,250,0.32613,0.599609,0.027344,2
confirmation-3731,confirmation,open_qa,512,512,125,211,0.434185,0.576172,0.025391,3
confirmation-3732,confirmation,closed_qa,512,512,133,254,0.310413,0.583984,0.050781,2
confirmation-3733,confirmation,classification,512,512,151,268,0.324165,0.513672,0.082031,3
confirmation-3734,confirmation,open_qa,512,512,148,295,0.159136,0.548828,0.025391,2
confirmation-3735,confirmation,general_qa,512,512,160,276,0.347741,0.634766,0.037109,2
confirmation-3736,confirmation,brainstorming,512,512,210,403,0.039293,0.439453,0.035156,2
confirmation-3737,confirmation,creative_writing,512,512,142,284,0.243615,0.544922,0.019531,3
confirmation-3738,confirmation,open_qa,512,512,176,311,0.210216,0.546875,0.1875,2
confirmation-3739,confirmation,brainstorming,512,512,124,229,0.385069,0.527344,0.070312,2
confirmation-3740,confirmation,classification,512,512,162,342,0.145383,0.472656,0.064453,2
confirmation-3741,confirmation,closed_qa,512,512,87,144,0.62279,0.695312,0.111328,2
confirmation-3742,confirmation,open_qa,512,512,84,189,0.37721,0.6875,0.056641,2
confirmation-3743,confirmation,summarization,512,512,57,151,0.398821,0.828125,0.050781,3
confirmation-3744,confirmation,classification,512,512,151,314,0.155206,0.535156,0.042969,2
confirmation-3745,confirmation,closed_qa,512,512,52,81,0.801572,0.929688,0.113281,2
confirmation-3746,confirmation,open_qa,512,512,166,318,0.166994,0.513672,0.046875,2
confirmation-3747,confirmation,open_qa,512,512,214,373,0.125737,0.4375,0.056641,2
confirmation-3748,confirmation,classification,512,512,194,394,0.066798,0.4375,0.060547,2
confirmation-3749,confirmation,general_qa,512,512,218,405,0.08055,0.427734,0.054688,2
confirmation-3750,confirmation,open_qa,512,512,165,298,0.208251,0.550781,0.037109,2
confirmation-3751,confirmation,information_extraction,512,512,106,179,0.575639,0.738281,0.083984,2
confirmation-3752,confirmation,brainstorming,512,512,138,303,0.1611,0.546875,0.03125,2
confirmation-3753,confirmation,general_qa,512,512,168,329,0.149312,0.564453,0.054688,2
confirmation-3754,confirmation,open_qa,512,512,92,183,0.48723,0.623047,0.027344,2
confirmation-3755,confirmation,classification,512,512,119,184,0.559921,0.509766,0.056641,1
confirmation-3756,confirmation,creative_writing,512,512,142,294,0.202358,0.548828,0.064453,2
confirmation-3757,confirmation,closed_qa,512,512,115,196,0.508841,0.542969,0.0625,2
confirmation-3758,confirmation,classification,512,512,95,195,0.426326,0.695312,0.064453,3
confirmation-3759,confirmation,information_extraction,512,512,192,397,0.049116,0.4375,0.013672,2
confirmation-3760,confirmation,general_qa,512,512,178,369,0.064833,0.466797,0.0625,2
confirmation-3761,confirmation,information_extraction,512,512,140,261,0.267191,0.556641,0.033203,2
confirmation-3762,confirmation,open_qa,512,512,113,240,0.306483,0.617188,0.029297,3
confirmation-3763,confirmation,brainstorming,512,512,160,276,0.261297,0.556641,0.035156,2
confirmation-3764,confirmation,general_qa,512,512,204,361,0.086444,0.439453,0.09375,2
confirmation-3765,confirmation,brainstorming,512,512,99,199,0.434185,0.699219,0.074219,2
confirmation-3766,confirmation,closed_qa,512,512,177,331,0.133595,0.46875,0.072266,2
confirmation-3767,confirmation,brainstorming,512,512,129,230,0.40275,0.496094,0.060547,2
confirmation-3768,confirmation,general_qa,512,512,46,72,0.777996,0.9375,0.0,1
confirmation-3769,confirmation,brainstorming,512,512,141,277,0.19057,0.558594,0.027344,2
confirmation-3770,confirmation,brainstorming,512,512,179,286,0.363458,0.416016,0.046875,2
confirmation-3771,confirmation,general_qa,512,512,222,395,0.086444,0.425781,0.091797,2
confirmation-3772,confirmation,classification,512,512,178,325,0.141454,0.521484,0.054688,2
confirmation-3773,confirmation,open_qa,512,512,88,172,0.577603,0.78125,0.027344,3
confirmation-3774,confirmation,classification,512,512,73,142,0.504912,0.767578,0.107422,2
confirmation-3775,confirmation,closed_qa,512,512,132,283,0.202358,0.535156,0.046875,2
confirmation-3776,confirmation,open_qa,512,512,73,141,0.561886,0.675781,0.109375,2
confirmation-3777,confirmation,summarization,512,512,139,229,0.453831,0.470703,0.023438,2
confirmation-3778,confirmation,open_qa,512,512,187,361,0.084479,0.427734,0.046875,2
confirmation-3779,confirmation,closed_qa,512,512,41,83,0.785855,0.904297,0.005859,2
confirmation-3780,confirmation,open_qa,512,512,168,274,0.357564,0.402344,0.035156,2
confirmation-3781,confirmation,general_qa,512,512,132,289,0.204322,0.556641,0.09375,2
confirmation-3782,confirmation,open_qa,512,512,231,408,0.070727,0.417969,0.060547,2
confirmation-3783,confirmation,open_qa,512,512,136,242,0.369352,0.605469,0.138672,2
confirmation-3784,confirmation,summarization,512,512,164,305,0.204322,0.509766,0.042969,2
confirmation-3785,confirmation,open_qa,512,512,153,295,0.182711,0.517578,0.021484,3
confirmation-3786,confirmation,classification,512,512,109,183,0.540275,0.515625,0.080078,2
confirmation-3787,confirmation,closed_qa,512,512,209,389,0.072692,0.474609,0.023438,2
confirmation-3788,confirmation,closed_qa,512,512,156,308,0.159136,0.550781,0.044922,2
confirmation-3789,confirmation,open_qa,512,512,176,308,0.24165,0.455078,0.087891,2
confirmation-3790,confirmation,closed_qa,512,512,168,292,0.294695,0.460938,0.029297,2
confirmation-3791,confirmation,information_extraction,512,512,134,242,0.263261,0.552734,0.048828,2
confirmation-3792,confirmation,open_qa,512,512,159,334,0.125737,0.507812,0.027344,2
confirmation-3793,confirmation,closed_qa,512,512,129,251,0.275049,0.585938,0.125,2
confirmation-3794,confirmation,information_extraction,512,512,163,327,0.143418,0.509766,0.066406,2
confirmation-3795,confirmation,summarization,512,512,123,237,0.373281,0.675781,0.068359,2
confirmation-3796,confirmation,creative_writing,512,512,229,432,0.021611,0.449219,0.050781,2
confirmation-3797,confirmation,open_qa,512,512,221,369,0.127701,0.400391,0.080078,2
confirmation-3798,confirmation,closed_qa,512,512,107,247,0.294695,0.626953,0.046875,3
confirmation-3799,confirmation,creative_writing,512,512,189,375,0.084479,0.439453,0.074219,2
confirmation-3800,confirmation,open_qa,512,512,123,265,0.194499,0.578125,0.033203,3
confirmation-3801,confirmation,open_qa,512,512,175,348,0.11002,0.462891,0.044922,2
confirmation-3802,confirmation,classification,512,512,204,368,0.119843,0.421875,0.056641,2
confirmation-3803,confirmation,summarization,512,512,158,331,0.113949,0.544922,0.052734,2
confirmation-3804,confirmation,classification,512,512,134,248,0.375246,0.554688,0.082031,2
confirmation-3805,confirmation,general_qa,512,512,125,211,0.430255,0.548828,0.082031,2
confirmation-3806,confirmation,creative_writing,512,512,130,258,0.263261,0.576172,0.044922,6
confirmation-3807,confirmation,brainstorming,512,512,197,379,0.078585,0.472656,0.068359,2
confirmation-3808,confirmation,brainstorming,512,512,15,88,0.693517,1.0,0.0,3
confirmation-3809,confirmation,information_extraction,512,512,179,345,0.147348,0.429688,0.033203,2
confirmation-3810,confirmation,information_extraction,512,512,145,287,0.220039,0.501953,0.035156,3
confirmation-3811,confirmation,information_extraction,512,512,138,236,0.37721,0.480469,0.035156,3
confirmation-3812,confirmation,open_qa,512,512,222,409,0.043222,0.427734,0.060547,2
confirmation-3813,confirmation,brainstorming,512,512,127,233,0.388998,0.529297,0.033203,2
confirmation-3814,confirmation,brainstorming,512,512,217,400,0.027505,0.451172,0.048828,2
confirmation-3815,confirmation,open_qa,512,512,189,363,0.102161,0.484375,0.048828,2
confirmation-3816,confirmation,information_extraction,512,512,148,290,0.235756,0.539062,0.068359,3
confirmation-3817,confirmation,general_qa,512,512,211,379,0.111984,0.457031,0.046875,2
confirmation-3818,confirmation,open_qa,512,512,214,380,0.088409,0.462891,0.080078,2
confirmation-3819,confirmation,general_qa,512,512,101,181,0.491159,0.667969,0.083984,2
confirmation-3820,confirmation,open_qa,512,512,50,90,0.734774,0.791016,0.097656,2
confirmation-3821,confirmation,open_qa,512,512,199,398,0.027505,0.457031,0.035156,2
confirmation-3822,confirmation,creative_writing,512,512,134,304,0.127701,0.550781,0.005859,2
confirmation-3823,confirmation,general_qa,512,512,208,371,0.082515,0.449219,0.054688,2
confirmation-3824,confirmation,closed_qa,512,512,189,359,0.108055,0.441406,0.058594,2
confirmation-3825,confirmation,summarization,512,512,108,181,0.544204,0.658203,0.117188,2
confirmation-3826,confirmation,general_qa,512,512,165,372,0.068762,0.478516,0.041016,2
confirmation-3827,confirmation,general_qa,512,512,207,380,0.090373,0.421875,0.027344,2
confirmation-3828,confirmation,general_qa,512,512,55,111,0.650295,0.798828,0.003906,1
confirmation-3829,confirmation,brainstorming,512,512,171,353,0.111984,0.523438,0.066406,2
confirmation-3830,confirmation,closed_qa,512,512,157,324,0.125737,0.544922,0.0625,2
confirmation-3831,confirmation,general_qa,512,512,190,381,0.033399,0.421875,0.070312,3
confirmation-3832,confirmation,information_extraction,512,512,145,250,0.314342,0.525391,0.068359,2
confirmation-3833,confirmation,classification,512,512,144,273,0.229862,0.578125,0.070312,2
confirmation-3834,confirmation,brainstorming,512,512,88,198,0.294695,0.697266,0.019531,2
confirmation-3835,confirmation,general_qa,512,512,175,341,0.117878,0.486328,0.039062,2
confirmation-3836,confirmation,information_extraction,512,512,245,415,0.041257,0.460938,0.017578,2
confirmation-3837,confirmation,classification,512,512,16,25,0.948919,1.0,0.0,1
confirmation-3838,confirmation,open_qa,512,512,83,145,0.46169,0.804688,0.033203,7
confirmation-3839,confirmation,classification,512,512,162,285,0.310413,0.484375,0.080078,2
confirmation-3840,confirmation,creative_writing,512,512,200,382,0.10609,0.464844,0.076172,2
confirmation-3841,confirmation,information_extraction,512,512,20,26,0.937132,1.0,0.365234,2
confirmation-3842,confirmation,summarization,512,512,191,376,0.051081,0.466797,0.041016,2
confirmation-3843,confirmation,open_qa,512,512,173,316,0.212181,0.451172,0.056641,2
confirmation-3844,confirmation,closed_qa,512,512,158,323,0.123772,0.513672,0.021484,2
confirmation-3845,confirmation,brainstorming,512,512,149,241,0.469548,0.421875,0.066406,2
confirmation-3846,confirmation,open_qa,512,512,138,306,0.149312,0.544922,0.027344,1
confirmation-3847,confirmation,classification,512,512,96,184,0.463654,0.662109,0.035156,2
confirmation-3848,confirmation,brainstorming,512,512,114,248,0.275049,0.623047,0.074219,3
confirmation-3849,confirmation,open_qa,512,512,124,246,0.365422,0.548828,0.0625,2
confirmation-3850,confirmation,brainstorming,512,512,101,170,0.48723,0.71875,0.035156,4
confirmation-3851,confirmation,classification,512,512,143,214,0.530452,0.716797,0.025391,2
confirmation-3852,confirmation,brainstorming,512,512,185,368,0.119843,0.474609,0.048828,2
confirmation-3853,confirmation,open_qa,512,512,68,135,0.508841,0.824219,0.007812,2
confirmation-3854,confirmation,classification,512,512,63,94,0.803536,0.916016,0.025391,2
confirmation-3855,confirmation,summarization,512,512,143,243,0.414538,0.484375,0.041016,2
confirmation-3856,confirmation,closed_qa,512,512,135,246,0.37721,0.542969,0.035156,2
confirmation-3857,confirmation,classification,512,512,103,184,0.508841,0.619141,0.089844,3
confirmation-3858,confirmation,classification,512,512,95,153,0.581532,0.693359,0.015625,2
confirmation-3859,confirmation,closed_qa,512,512,127,227,0.414538,0.564453,0.064453,2
confirmation-3860,confirmation,open_qa,512,512,236,414,0.051081,0.392578,0.046875,2
confirmation-3861,confirmation,general_qa,512,512,165,325,0.13556,0.464844,0.027344,2
confirmation-3862,confirmation,open_qa,512,512,89,161,0.508841,0.650391,0.0625,2
confirmation-3863,confirmation,classification,512,512,193,372,0.119843,0.458984,0.060547,2
confirmation-3864,confirmation,information_extraction,512,512,117,190,0.514735,0.488281,0.052734,2
confirmation-3865,confirmation,general_qa,512,512,84,148,0.557957,0.712891,0.046875,2
confirmation-3866,confirmation,open_qa,512,512,77,144,0.506876,0.810547,0.003906,1
confirmation-3867,confirmation,general_qa,512,512,187,359,0.155206,0.488281,0.050781,2
confirmation-3868,confirmation,brainstorming,512,512,92,124,0.70334,0.556641,0.101562,2
confirmation-3869,confirmation,information_extraction,512,512,146,272,0.269155,0.490234,0.068359,2
confirmation-3870,confirmation,open_qa,512,512,55,105,0.671906,0.84375,0.132812,2
confirmation-3871,confirmation,open_qa,512,512,205,395,0.060904,0.410156,0.041016,2
confirmation-3872,confirmation,open_qa,512,512,153,305,0.210216,0.472656,0.056641,2
confirmation-3873,confirmation,general_qa,512,512,188,306,0.280943,0.460938,0.052734,2
confirmation-3874,confirmation,summarization,512,512,164,308,0.182711,0.496094,0.021484,2
confirmation-3875,confirmation,open_qa,512,512,158,274,0.387033,0.662109,0.029297,188
confirmation-3876,confirmation,closed_qa,512,512,102,233,0.284872,0.724609,0.066406,3
confirmation-3877,confirmation,closed_qa,512,512,55,96,0.75442,0.703125,0.058594,2
confirmation-3878,confirmation,classification,512,512,119,207,0.465619,0.572266,0.082031,2
confirmation-3879,confirmation,closed_qa,512,512,106,196,0.502947,0.621094,0.074219,2
confirmation-3880,confirmation,open_qa,512,512,89,158,0.571709,0.794922,0.119141,2
confirmation-3881,confirmation,classification,512,512,136,238,0.292731,0.548828,0.125,2
confirmation-3882,confirmation,brainstorming,512,512,110,159,0.626719,0.6875,0.048828,2
confirmation-3883,confirmation,open_qa,512,512,62,153,0.373281,0.779297,0.054688,2
confirmation-3884,confirmation,classification,512,512,20,55,0.764244,1.0,0.076172,9
confirmation-3885,confirmation,open_qa,512,512,155,340,0.068762,0.546875,0.119141,2
confirmation-3886,confirmation,classification,512,512,126,210,0.516699,0.544922,0.072266,2
confirmation-3887,confirmation,general_qa,512,512,145,266,0.27112,0.517578,0.082031,2
confirmation-3888,confirmation,summarization,512,512,208,409,0.039293,0.488281,0.050781,2
confirmation-3889,confirmation,closed_qa,512,512,176,335,0.117878,0.505859,0.056641,2
confirmation-3890,confirmation,brainstorming,512,512,170,345,0.129666,0.490234,0.039062,2
confirmation-3891,confirmation,brainstorming,512,512,173,297,0.335953,0.613281,0.082031,2
confirmation-3892,confirmation,closed_qa,512,512,71,102,0.742633,0.583984,0.111328,2
confirmation-3893,confirmation,general_qa,512,512,107,159,0.660118,0.8125,0.46875,2
confirmation-3894,confirmation,brainstorming,512,512,188,376,0.100196,0.455078,0.058594,2
confirmation-3895,confirmation,open_qa,512,512,118,229,0.304519,0.572266,0.078125,2
confirmation-3896,confirmation,closed_qa,512,512,104,189,0.471513,0.644531,0.087891,2
confirmation-3897,confirmation,general_qa,512,512,202,405,0.047151,0.439453,0.044922,2
confirmation-3898,confirmation,brainstorming,512,512,116,203,0.383104,0.587891,0.179688,2
confirmation-3899,confirmation,information_extraction,512,512,143,275,0.231827,0.523438,0.046875,3
confirmation-3900,confirmation,open_qa,512,512,185,382,0.041257,0.509766,0.035156,2
confirmation-3901,confirmation,classification,512,512,190,379,0.072692,0.4375,0.041016,2
confirmation-3902,confirmation,general_qa,512,512,195,379,0.086444,0.478516,0.042969,2
confirmation-3903,confirmation,general_qa,512,512,231,403,0.035363,0.449219,0.027344,2
confirmation-3904,confirmation,general_qa,512,512,222,414,0.027505,0.412109,0.021484,1
confirmation-3905,confirmation,summarization,512,512,147,257,0.367387,0.466797,0.041016,2
confirmation-3906,confirmation,open_qa,512,512,180,363,0.070727,0.462891,0.0625,2
confirmation-3907,confirmation,classification,512,512,141,263,0.233792,0.529297,0.066406,2
confirmation-3908,confirmation,general_qa,512,512,238,416,0.017682,0.423828,0.048828,2
confirmation-3909,confirmation,creative_writing,512,512,170,328,0.147348,0.521484,0.056641,2
confirmation-3910,confirmation,open_qa,512,512,176,331,0.113949,0.541016,0.056641,1
confirmation-3911,confirmation,general_qa,512,512,238,418,0.02947,0.443359,0.054688,2
confirmation-3912,confirmation,general_qa,512,512,159,290,0.277014,0.541016,0.042969,2
confirmation-3913,confirmation,general_qa,512,512,172,337,0.141454,0.472656,0.03125,2
confirmation-3914,confirmation,closed_qa,512,512,175,334,0.151277,0.462891,0.027344,2
confirmation-3915,confirmation,classification,512,512,47,69,0.833006,0.753906,0.089844,2
confirmation-3916,confirmation,open_qa,512,512,74,120,0.56778,0.716797,0.1875,2
confirmation-3917,confirmation,closed_qa,512,512,51,79,0.811395,0.689453,0.074219,2
confirmation-3918,confirmation,classification,512,512,148,298,0.208251,0.533203,0.064453,2
confirmation-3919,confirmation,closed_qa,512,512,111,197,0.445972,0.578125,0.089844,3
confirmation-3920,confirmation,classification,512,512,97,171,0.571709,0.703125,0.070312,2
confirmation-3921,confirmation,open_qa,512,512,127,252,0.302554,0.574219,0.021484,3
confirmation-3922,confirmation,general_qa,512,512,181,364,0.08055,0.4375,0.039062,2
confirmation-3923,confirmation,open_qa,512,512,185,330,0.251473,0.421875,0.050781,2
confirmation-3924,confirmation,general_qa,512,512,45,112,0.548134,0.945312,0.052734,3
confirmation-3925,confirmation,open_qa,512,512,106,185,0.398821,0.603516,0.089844,2
confirmation-3926,confirmation,closed_qa,512,512,52,73,0.815324,0.841797,0.070312,2
confirmation-3927,confirmation,brainstorming,512,512,164,332,0.133595,0.451172,0.042969,2
confirmation-3928,confirmation,open_qa,512,512,179,341,0.123772,0.484375,0.042969,2
confirmation-3929,confirmation,brainstorming,512,512,132,243,0.277014,0.582031,0.072266,2
confirmation-3930,confirmation,information_extraction,512,512,210,374,0.070727,0.492188,0.050781,2
confirmation-3931,confirmation,brainstorming,512,512,215,413,0.033399,0.429688,0.017578,2
confirmation-3932,confirmation,closed_qa,512,512,161,300,0.147348,0.5,0.035156,3
confirmation-3933,confirmation,brainstorming,512,512,182,354,0.102161,0.486328,0.044922,3
confirmation-3934,confirmation,summarization,512,512,182,309,0.204322,0.443359,0.076172,2
confirmation-3935,confirmation,open_qa,512,512,218,384,0.08055,0.414062,0.037109,2
confirmation-3936,confirmation,brainstorming,512,512,183,380,0.092338,0.470703,0.041016,2
confirmation-3937,confirmation,closed_qa,512,512,121,233,0.35167,0.626953,0.091797,2
confirmation-3938,confirmation,open_qa,512,512,169,318,0.182711,0.570312,0.039062,2
confirmation-3939,confirmation,open_qa,512,512,119,239,0.375246,0.636719,0.087891,2
confirmation-3940,confirmation,summarization,512,512,177,325,0.247544,0.458984,0.041016,3
confirmation-3941,confirmation,open_qa,512,512,53,106,0.671906,0.857422,0.105469,2
confirmation-3942,confirmation,general_qa,512,512,145,256,0.3222,0.501953,0.052734,2
confirmation-3943,confirmation,open_qa,512,512,123,288,0.159136,0.552734,0.050781,2
confirmation-3944,confirmation,general_qa,512,512,210,400,0.060904,0.439453,0.042969,2
confirmation-3945,confirmation,information_extraction,512,512,20,33,0.895874,1.0,0.001953,1
confirmation-3946,confirmation,summarization,512,512,170,329,0.178782,0.537109,0.03125,2
confirmation-3947,confirmation,general_qa,512,512,118,219,0.371316,0.666016,0.068359,2
confirmation-3948,confirmation,classification,512,512,174,357,0.056974,0.521484,0.013672,1
confirmation-3949,confirmation,general_qa,512,512,71,102,0.750491,0.896484,0.212891,2
confirmation-3950,confirmation,classification,512,512,188,354,0.100196,0.4375,0.046875,2
confirmation-3951,confirmation,closed_qa,512,512,180,321,0.227898,0.46875,0.017578,2
confirmation-3952,confirmation,summarization,512,512,171,331,0.141454,0.476562,0.039062,2
confirmation-3953,confirmation,summarization,512,512,59,141,0.612967,0.777344,0.007812,2
confirmation-3954,confirmation,general_qa,512,512,42,103,0.658153,0.925781,0.021484,2
confirmation-3955,confirmation,closed_qa,512,512,174,339,0.100196,0.529297,0.037109,2
confirmation-3956,confirmation,open_qa,512,512,67,96,0.738703,0.705078,0.097656,2
confirmation-3957,confirmation,classification,512,512,183,325,0.257367,0.443359,0.046875,2
confirmation-3958,confirmation,general_qa,512,512,149,279,0.239686,0.578125,0.080078,2
confirmation-3959,confirmation,information_extraction,512,512,123,209,0.473477,0.558594,0.046875,2
confirmation-3960,confirmation,classification,512,512,81,151,0.520629,0.728516,0.048828,3
confirmation-3961,confirmation,classification,512,512,175,354,0.108055,0.496094,0.03125,2
confirmation-3962,confirmation,general_qa,512,512,173,317,0.178782,0.476562,0.058594,2
confirmation-3963,confirmation,open_qa,512,512,106,214,0.324165,0.628906,0.015625,2
confirmation-3964,confirmation,summarization,512,512,100,182,0.473477,0.603516,0.046875,3
confirmation-3965,confirmation,summarization,512,512,65,99,0.717092,0.898438,0.244141,2
confirmation-3966,confirmation,general_qa,512,512,195,357,0.176817,0.46875,0.064453,2
confirmation-3967,confirmation,classification,512,512,169,365,0.066798,0.519531,0.027344,2
confirmation-3968,confirmation,open_qa,512,512,56,92,0.772102,0.916016,0.144531,2
confirmation-3969,confirmation,open_qa,512,512,198,357,0.127701,0.414062,0.041016,2
confirmation-3970,confirmation,general_qa,512,512,160,273,0.282908,0.482422,0.072266,2
confirmation-3971,confirmation,classification,512,512,89,176,0.43222,0.65625,0.101562,2
confirmation-3972,confirmation,classification,512,512,174,358,0.10609,0.505859,0.101562,3
confirmation-3973,confirmation,classification,512,512,194,364,0.115914,0.445312,0.058594,2
confirmation-3974,confirmation,brainstorming,512,512,29,45,0.8389,0.890625,0.0,2
confirmation-3975,confirmation,closed_qa,512,512,118,211,0.416503,0.605469,0.035156,2
confirmation-3976,confirmation,closed_qa,512,512,151,271,0.3222,0.451172,0.03125,2
confirmation-3977,confirmation,open_qa,512,512,185,383,0.041257,0.484375,0.027344,2
confirmation-3978,confirmation,classification,512,512,163,304,0.253438,0.464844,0.044922,2
confirmation-3979,confirmation,closed_qa,512,512,147,313,0.143418,0.542969,0.107422,2
confirmation-3980,confirmation,creative_writing,512,512,44,74,0.785855,0.873047,0.105469,2
confirmation-3981,confirmation,open_qa,512,512,138,284,0.24165,0.523438,0.013672,3
confirmation-3982,confirmation,general_qa,512,512,67,128,0.54224,0.783203,0.039062,2
confirmation-3983,confirmation,information_extraction,512,512,152,286,0.223969,0.527344,0.103516,2
confirmation-3984,confirmation,open_qa,512,512,114,216,0.412574,0.683594,0.042969,2
confirmation-3985,confirmation,open_qa,512,512,140,271,0.222004,0.535156,0.111328,2
confirmation-3986,confirmation,general_qa,512,512,213,379,0.08055,0.466797,0.066406,2
confirmation-3987,confirmation,classification,512,512,149,275,0.308448,0.626953,0.025391,2
confirmation-3988,confirmation,brainstorming,512,512,210,396,0.051081,0.474609,0.056641,2
confirmation-3989,confirmation,general_qa,512,512,253,430,0.045187,0.40625,0.035156,2
confirmation-3990,confirmation,open_qa,512,512,189,366,0.078585,0.476562,0.056641,2
confirmation-3991,confirmation,open_qa,512,512,56,162,0.43222,0.791016,0.085938,2
confirmation-3992,confirmation,classification,512,512,96,167,0.536346,0.720703,0.087891,2
confirmation-3993,confirmation,open_qa,512,512,152,286,0.284872,0.564453,0.066406,2
confirmation-3994,confirmation,information_extraction,512,512,152,296,0.231827,0.515625,0.0625,2
confirmation-3995,confirmation,brainstorming,512,512,118,187,0.585462,0.433594,0.0625,2
confirmation-3996,confirmation,open_qa,512,512,66,145,0.532417,0.755859,0.029297,2
confirmation-3997,confirmation,summarization,512,512,162,337,0.10609,0.537109,0.046875,2
confirmation-3998,confirmation,open_qa,512,512,72,129,0.614931,0.626953,0.083984,2
confirmation-3999,confirmation,open_qa,512,512,179,350,0.111984,0.46875,0.033203,2
confirmation-4000,confirmation,general_qa,512,512,145,274,0.273084,0.580078,0.017578,3
confirmation-4001,confirmation,information_extraction,512,512,154,300,0.208251,0.533203,0.056641,2
confirmation-4002,confirmation,closed_qa,512,512,95,160,0.561886,0.591797,0.039062,2
confirmation-4003,confirmation,information_extraction,512,512,125,185,0.563851,0.496094,0.037109,2
confirmation-4004,confirmation,general_qa,512,512,235,418,0.045187,0.425781,0.050781,2
confirmation-4005,confirmation,open_qa,512,512,87,154,0.557957,0.585938,0.09375,2
confirmation-4006,confirmation,open_qa,512,512,209,387,0.070727,0.449219,0.03125,2
confirmation-4007,confirmation,open_qa,512,512,203,402,0.041257,0.46875,0.029297,2
confirmation-4008,confirmation,general_qa,512,512,158,311,0.204322,0.5,0.03125,2
confirmation-4009,confirmation,information_extraction,512,512,118,213,0.408644,0.558594,0.060547,2
confirmation-4010,confirmation,brainstorming,512,512,209,397,0.088409,0.419922,0.042969,2
confirmation-4011,confirmation,open_qa,512,512,96,210,0.332024,0.708984,0.029297,2
confirmation-4012,confirmation,open_qa,512,512,172,327,0.192534,0.492188,0.066406,2
confirmation-4013,confirmation,classification,512,512,182,344,0.133595,0.478516,0.046875,2
confirmation-4014,confirmation,brainstorming,512,512,261,448,0.009823,0.400391,0.027344,2
confirmation-4015,confirmation,open_qa,512,512,252,433,0.02554,0.386719,0.019531,2
confirmation-4016,confirmation,open_qa,512,512,59,113,0.612967,0.796875,0.138672,2
confirmation-4017,confirmation,open_qa,512,512,129,253,0.282908,0.517578,0.052734,2
confirmation-4018,confirmation,closed_qa,512,512,103,197,0.40275,0.621094,0.042969,2
confirmation-4019,confirmation,general_qa,512,512,181,361,0.05501,0.519531,0.033203,2
confirmation-4020,confirmation,open_qa,512,512,143,299,0.180747,0.621094,0.023438,3
confirmation-4021,confirmation,summarization,512,512,142,263,0.304519,0.541016,0.023438,2
confirmation-4022,confirmation,closed_qa,512,512,169,313,0.163065,0.542969,0.039062,2
confirmation-4023,confirmation,general_qa,512,512,193,361,0.094303,0.482422,0.035156,2
confirmation-4024,confirmation,information_extraction,512,512,75,117,0.722986,0.630859,0.089844,3
confirmation-4025,confirmation,open_qa,512,512,109,203,0.444008,0.708984,0.070312,2
confirmation-4026,confirmation,closed_qa,512,512,100,205,0.392927,0.626953,0.029297,2
confirmation-4027,confirmation,general_qa,512,512,171,312,0.151277,0.533203,0.039062,2
confirmation-4028,confirmation,summarization,512,512,104,178,0.48723,0.621094,0.128906,2
confirmation-4029,confirmation,closed_qa,512,512,97,224,0.278978,0.603516,0.041016,2
confirmation-4030,confirmation,classification,512,512,126,197,0.518664,0.535156,0.103516,2
confirmation-4031,confirmation,creative_writing,512,512,225,403,0.047151,0.419922,0.082031,2
confirmation-4032,confirmation,information_extraction,512,512,103,166,0.559921,0.503906,0.054688,2
confirmation-4033,confirmation,open_qa,512,512,74,119,0.675835,0.714844,0.060547,2
confirmation-4034,confirmation,summarization,512,512,135,217,0.48723,0.498047,0.054688,2
confirmation-4035,confirmation,brainstorming,512,512,114,227,0.335953,0.5625,0.035156,2
confirmation-4036,confirmation,open_qa,512,512,205,369,0.094303,0.455078,0.054688,2
confirmation-4037,confirmation,brainstorming,512,512,178,351,0.064833,0.509766,0.0625,2
confirmation-4038,confirmation,summarization,512,512,105,179,0.532417,0.525391,0.066406,2
confirmation-4039,confirmation,information_extraction,512,512,91,163,0.546169,0.601562,0.085938,2
confirmation-4040,confirmation,open_qa,512,512,151,263,0.286837,0.525391,0.115234,2
confirmation-4041,confirmation,open_qa,512,512,195,372,0.082515,0.457031,0.035156,2
confirmation-4042,confirmation,general_qa,512,512,166,353,0.10609,0.5,0.042969,2
confirmation-4043,confirmation,classification,512,512,141,252,0.347741,0.507812,0.013672,1
confirmation-4044,confirmation,open_qa,512,512,149,291,0.233792,0.542969,0.087891,2
confirmation-4045,confirmation,open_qa,512,512,213,419,0.015717,0.457031,0.019531,2
confirmation-4046,confirmation,summarization,512,512,145,269,0.308448,0.5,0.082031,2
confirmation-4047,confirmation,classification,512,512,129,234,0.373281,0.615234,0.115234,3
confirmation-4048,confirmation,general_qa,512,512,230,427,0.015717,0.421875,0.0625,2
confirmation-4049,confirmation,classification,512,512,142,276,0.265226,0.496094,0.03125,2
confirmation-4050,confirmation,open_qa,512,512,211,372,0.117878,0.396484,0.048828,2
confirmation-4051,confirmation,brainstorming,512,512,118,217,0.475442,0.597656,0.115234,2
confirmation-4052,confirmation,open_qa,512,512,98,186,0.465619,0.65625,0.056641,2
confirmation-4053,confirmation,open_qa,512,512,71,129,0.634578,0.835938,0.019531,2
confirmation-4054,confirmation,open_qa,512,512,206,388,0.049116,0.480469,0.017578,3
confirmation-4055,confirmation,summarization,512,512,82,145,0.557957,0.658203,0.025391,2
confirmation-4056,confirmation,general_qa,512,512,137,279,0.222004,0.583984,0.023438,2
confirmation-4057,confirmation,creative_writing,512,512,115,285,0.108055,0.578125,0.019531,2
confirmation-4058,confirmation,information_extraction,512,512,156,322,0.13556,0.503906,0.046875,2
confirmation-4059,confirmation,closed_qa,512,512,124,237,0.37721,0.623047,0.070312,2
confirmation-4060,confirmation,general_qa,512,512,190,387,0.051081,0.462891,0.037109,2
confirmation-4061,confirmation,information_extraction,512,512,243,421,0.023576,0.423828,0.054688,2
confirmation-4062,confirmation,open_qa,512,512,202,373,0.121807,0.40625,0.052734,2
confirmation-4063,confirmation,open_qa,512,512,169,332,0.149312,0.511719,0.041016,2
confirmation-4064,confirmation,information_extraction,512,512,169,292,0.24165,0.505859,0.052734,2
confirmation-4065,confirmation,brainstorming,512,512,158,282,0.235756,0.572266,0.085938,2
confirmation-4066,confirmation,open_qa,512,512,232,423,0.049116,0.457031,0.054688,2
confirmation-4067,confirmation,creative_writing,512,512,156,310,0.178782,0.535156,0.09375,2
confirmation-4068,confirmation,general_qa,512,512,162,316,0.214145,0.494141,0.019531,1
confirmation-4069,confirmation,brainstorming,512,512,47,55,0.876228,0.947266,0.0,1
confirmation-4070,confirmation,general_qa,512,512,172,330,0.141454,0.492188,0.058594,2
confirmation-4071,confirmation,classification,512,512,176,360,0.08055,0.474609,0.048828,2
confirmation-4072,confirmation,classification,512,512,86,162,0.459725,0.701172,0.105469,2
confirmation-4073,confirmation,general_qa,512,512,191,390,0.047151,0.447266,0.070312,2
confirmation-4074,confirmation,open_qa,512,512,159,334,0.096267,0.548828,0.033203,2
confirmation-4075,confirmation,information_extraction,512,512,57,76,0.833006,0.927734,0.234375,2
confirmation-4076,confirmation,classification,512,512,81,161,0.459725,0.775391,0.130859,2
confirmation-4077,confirmation,general_qa,512,512,98,207,0.365422,0.742188,0.0,1
confirmation-4078,confirmation,general_qa,512,512,200,379,0.072692,0.441406,0.078125,3
confirmation-4079,confirmation,open_qa,512,512,227,425,0.019646,0.458984,0.080078,2
confirmation-4080,confirmation,brainstorming,512,512,148,256,0.251473,0.619141,0.042969,3
confirmation-4081,confirmation,open_qa,512,512,109,198,0.449902,0.585938,0.050781,2
confirmation-4082,confirmation,brainstorming,512,512,127,233,0.359528,0.537109,0.054688,2
confirmation-4083,confirmation,creative_writing,512,512,216,394,0.072692,0.445312,0.03125,2
confirmation-4084,confirmation,brainstorming,512,512,203,349,0.119843,0.474609,0.03125,2
confirmation-4085,confirmation,open_qa,512,512,17,65,0.687623,1.0,0.279297,2
confirmation-4086,confirmation,general_qa,512,512,144,278,0.222004,0.556641,0.03125,2
confirmation-4087,confirmation,classification,512,512,123,195,0.544204,0.763672,0.121094,2
confirmation-4088,confirmation,classification,512,512,209,391,0.05501,0.474609,0.085938,2
confirmation-4089,confirmation,classification,512,512,18,21,0.950884,1.0,0.0,1
confirmation-4090,confirmation,information_extraction,512,512,119,225,0.40275,0.599609,0.027344,2
confirmation-4091,confirmation,closed_qa,512,512,50,131,0.504912,0.857422,0.009766,2
confirmation-4092,confirmation,general_qa,512,512,135,255,0.277014,0.642578,0.03125,2
confirmation-4093,confirmation,general_qa,512,512,190,373,0.039293,0.496094,0.058594,3
confirmation-4094,confirmation,information_extraction,512,512,114,197,0.506876,0.578125,0.052734,2
confirmation-4095,confirmation,open_qa,512,512,101,211,0.412574,0.671875,0.03125,2
confirmation-4096,confirmation,classification,512,512,82,149,0.536346,0.732422,0.117188,2
confirmation-4097,confirmation,creative_writing,512,512,227,408,0.043222,0.421875,0.03125,2
confirmation-4098,confirmation,closed_qa,512,512,120,203,0.500982,0.673828,0.105469,2
confirmation-4099,confirmation,closed_qa,512,512,192,365,0.113949,0.482422,0.050781,3
confirmation-4100,confirmation,information_extraction,512,512,161,304,0.168959,0.482422,0.023438,3
confirmation-4101,confirmation,open_qa,512,512,125,256,0.251473,0.574219,0.050781,2
confirmation-4102,confirmation,open_qa,512,512,158,316,0.139489,0.552734,0.023438,2
confirmation-4103,confirmation,brainstorming,512,512,166,353,0.088409,0.492188,0.054688,2
confirmation-4104,confirmation,information_extraction,512,512,228,395,0.092338,0.410156,0.076172,2
confirmation-4105,confirmation,brainstorming,512,512,220,414,0.035363,0.435547,0.050781,2
confirmation-4106,confirmation,classification,512,512,189,379,0.078585,0.433594,0.052734,2
confirmation-4107,confirmation,information_extraction,512,512,163,298,0.19057,0.568359,0.052734,2
confirmation-4108,confirmation,general_qa,512,512,170,325,0.168959,0.472656,0.041016,2
confirmation-4109,confirmation,classification,512,512,208,344,0.210216,0.392578,0.048828,2
confirmation-4110,confirmation,classification,512,512,86,162,0.620825,0.789062,0.074219,2
confirmation-4111,confirmation,summarization,512,512,78,144,0.579568,0.708984,0.103516,2
confirmation-4112,confirmation,brainstorming,512,512,123,245,0.328094,0.521484,0.015625,1
confirmation-4113,confirmation,classification,512,512,196,359,0.137525,0.445312,0.039062,3
confirmation-4114,confirmation,brainstorming,512,512,191,361,0.127701,0.453125,0.064453,2
confirmation-4115,confirmation,open_qa,512,512,179,333,0.115914,0.527344,0.029297,2
confirmation-4116,confirmation,summarization,512,512,169,325,0.165029,0.498047,0.052734,2
confirmation-4117,confirmation,open_qa,512,512,82,121,0.685658,0.695312,0.097656,2
confirmation-4118,confirmation,open_qa,512,512,234,413,0.037328,0.427734,0.066406,2
confirmation-4119,confirmation,classification,512,512,117,194,0.53831,0.675781,0.095703,2
confirmation-4120,confirmation,classification,512,512,101,228,0.255403,0.689453,0.027344,2
confirmation-4121,confirmation,summarization,512,512,156,329,0.096267,0.492188,0.078125,2
confirmation-4122,confirmation,classification,512,512,141,232,0.420432,0.691406,0.154297,2
confirmation-4123,confirmation,creative_writing,512,512,111,213,0.416503,0.566406,0.005859,1
confirmation-4124,confirmation,brainstorming,512,512,202,403,0.043222,0.435547,0.03125,2
confirmation-4125,confirmation,general_qa,512,512,217,399,0.039293,0.498047,0.035156,2
confirmation-4126,confirmation,general_qa,512,512,115,221,0.43222,0.546875,0.033203,2
confirmation-4127,confirmation,information_extraction,512,512,103,177,0.514735,0.570312,0.070312,2
confirmation-4128,confirmation,general_qa,512,512,105,178,0.520629,0.556641,0.117188,2
confirmation-4129,confirmation,open_qa,512,512,189,358,0.143418,0.451172,0.074219,2
confirmation-4130,confirmation,general_qa,512,512,69,93,0.797642,0.507812,0.080078,2
confirmation-4131,confirmation,open_qa,512,512,21,25,0.939096,0.998047,0.052734,1
confirmation-4132,confirmation,brainstorming,512,512,175,312,0.18664,0.455078,0.066406,2
confirmation-4133,confirmation,general_qa,512,512,180,369,0.070727,0.490234,0.048828,2
confirmation-4134,confirmation,classification,512,512,166,310,0.247544,0.486328,0.054688,2
confirmation-4135,confirmation,open_qa,512,512,176,343,0.163065,0.480469,0.046875,2
confirmation-4136,confirmation,creative_writing,512,512,195,373,0.084479,0.492188,0.027344,2
confirmation-4137,confirmation,open_qa,512,512,166,286,0.369352,0.466797,0.050781,2
confirmation-4138,confirmation,classification,512,512,151,304,0.212181,0.539062,0.083984,2
confirmation-4139,confirmation,open_qa,512,512,205,374,0.074656,0.480469,0.042969,2
confirmation-4140,confirmation,general_qa,512,512,205,405,0.007859,0.496094,0.027344,2
confirmation-4141,confirmation,open_qa,512,512,201,373,0.056974,0.486328,0.039062,3
confirmation-4142,confirmation,creative_writing,512,512,176,363,0.062868,0.505859,0.064453,2
confirmation-4143,confirmation,brainstorming,512,512,117,181,0.524558,0.677734,0.1875,2
confirmation-4144,confirmation,information_extraction,512,512,45,53,0.884086,0.949219,0.087891,2
confirmation-4145,confirmation,open_qa,512,512,137,256,0.357564,0.496094,0.132812,2
confirmation-4146,confirmation,information_extraction,512,512,64,94,0.795678,0.683594,0.048828,2
confirmation-4147,confirmation,general_qa,512,512,161,344,0.119843,0.490234,0.027344,2
confirmation-4148,confirmation,information_extraction,512,512,110,198,0.506876,0.550781,0.056641,2
confirmation-4149,confirmation,open_qa,512,512,107,197,0.400786,0.582031,0.101562,2
confirmation-4150,confirmation,brainstorming,512,512,183,288,0.337917,0.519531,0.064453,2
confirmation-4151,confirmation,information_extraction,512,512,77,144,0.565815,0.673828,0.048828,2
confirmation-4152,confirmation,information_extraction,512,512,130,255,0.3222,0.544922,0.046875,2
confirmation-4153,confirmation,summarization,512,512,112,169,0.640472,0.462891,0.03125,2
confirmation-4154,confirmation,closed_qa,512,512,220,384,0.090373,0.425781,0.037109,2
confirmation-4155,confirmation,information_extraction,512,512,123,204,0.495088,0.636719,0.117188,2
confirmation-4156,confirmation,brainstorming,512,512,241,427,0.019646,0.40625,0.035156,2
confirmation-4157,confirmation,summarization,512,512,230,414,0.02947,0.421875,0.035156,3
confirmation-4158,confirmation,brainstorming,512,512,148,252,0.396857,0.462891,0.0625,2
confirmation-4159,confirmation,general_qa,512,512,163,319,0.151277,0.507812,0.089844,2
confirmation-4160,confirmation,information_extraction,512,512,88,164,0.483301,0.623047,0.027344,2
confirmation-4161,confirmation,classification,512,512,211,393,0.056974,0.453125,0.042969,2
confirmation-4162,confirmation,closed_qa,512,512,147,267,0.284872,0.503906,0.060547,2
confirmation-4163,confirmation,open_qa,512,512,81,153,0.518664,0.728516,0.083984,2
confirmation-4164,confirmation,information_extraction,512,512,93,146,0.640472,0.509766,0.046875,2
confirmation-4165,confirmation,closed_qa,512,512,198,396,0.043222,0.484375,0.021484,3
confirmation-4166,confirmation,closed_qa,512,512,208,392,0.056974,0.445312,0.03125,2
confirmation-4167,confirmation,classification,512,512,172,350,0.100196,0.458984,0.066406,2
confirmation-4168,confirmation,open_qa,512,512,140,252,0.35167,0.537109,0.068359,2
confirmation-4169,confirmation,classification,512,512,156,283,0.259332,0.445312,0.046875,2
confirmation-4170,confirmation,open_qa,512,512,146,277,0.212181,0.550781,0.070312,2
confirmation-4171,confirmation,brainstorming,512,512,207,399,0.060904,0.4375,0.054688,2
confirmation-4172,confirmation,open_qa,512,512,110,218,0.345776,0.673828,0.0,3
confirmation-4173,confirmation,closed_qa,512,512,120,216,0.46169,0.496094,0.064453,2
confirmation-4174,confirmation,open_qa,512,512,162,293,0.222004,0.509766,0.078125,2
confirmation-4175,confirmation,brainstorming,512,512,204,393,0.047151,0.443359,0.037109,2
confirmation-4176,confirmation,open_qa,512,512,159,292,0.273084,0.527344,0.037109,2
confirmation-4177,confirmation,information_extraction,512,512,142,275,0.235756,0.523438,0.017578,2
confirmation-4178,confirmation,open_qa,512,512,66,137,0.534381,0.857422,0.027344,2
confirmation-4179,confirmation,information_extraction,512,512,191,298,0.286837,0.427734,0.056641,2
confirmation-4180,confirmation,open_qa,512,512,137,279,0.141454,0.582031,0.03125,2
confirmation-4181,confirmation,general_qa,512,512,199,363,0.133595,0.509766,0.064453,2
confirmation-4182,confirmation,classification,512,512,102,203,0.359528,0.587891,0.054688,2
confirmation-4183,confirmation,open_qa,512,512,149,319,0.086444,0.580078,0.023438,2
confirmation-4184,confirmation,summarization,512,512,138,242,0.383104,0.476562,0.042969,2
confirmation-4185,confirmation,brainstorming,512,512,178,367,0.08055,0.435547,0.060547,2
confirmation-4186,confirmation,information_extraction,512,512,161,287,0.235756,0.513672,0.054688,3
confirmation-4187,confirmation,general_qa,512,512,201,404,0.043222,0.453125,0.035156,2
confirmation-4188,confirmation,creative_writing,512,512,187,333,0.163065,0.412109,0.066406,2
confirmation-4189,confirmation,information_extraction,512,512,194,377,0.068762,0.412109,0.03125,2
confirmation-4190,confirmation,open_qa,512,512,208,377,0.076621,0.460938,0.046875,2
confirmation-4191,confirmation,open_qa,512,512,198,378,0.096267,0.464844,0.0625,2
confirmation-4192,confirmation,open_qa,512,512,47,96,0.64833,0.832031,0.023438,2
confirmation-4193,confirmation,general_qa,512,512,246,429,0.027505,0.394531,0.046875,2
confirmation-4194,confirmation,closed_qa,512,512,110,196,0.506876,0.71875,0.136719,2
confirmation-4195,confirmation,information_extraction,512,512,105,190,0.483301,0.599609,0.082031,2
confirmation-4196,confirmation,classification,512,512,45,93,0.620825,0.894531,0.060547,3
confirmation-4197,confirmation,closed_qa,512,512,157,293,0.222004,0.572266,0.058594,2
confirmation-4198,confirmation,brainstorming,512,512,167,280,0.24558,0.484375,0.046875,2
confirmation-4199,confirmation,open_qa,512,512,168,270,0.381139,0.544922,0.142578,2
confirmation-4200,confirmation,closed_qa,512,512,180,368,0.082515,0.453125,0.025391,3
confirmation-4201,confirmation,classification,512,512,83,149,0.530452,0.716797,0.138672,2
confirmation-4202,confirmation,general_qa,512,512,125,231,0.410609,0.605469,0.083984,2
confirmation-4203,confirmation,creative_writing,512,512,200,358,0.10609,0.421875,0.064453,2
confirmation-4204,confirmation,general_qa,512,512,124,236,0.357564,0.617188,0.048828,2
confirmation-4205,confirmation,creative_writing,512,512,108,201,0.420432,0.693359,0.050781,2
confirmation-4206,confirmation,open_qa,512,512,80,141,0.585462,0.771484,0.185547,2
confirmation-4207,confirmation,open_qa,512,512,207,380,0.072692,0.441406,0.039062,2
confirmation-4208,confirmation,creative_writing,512,512,158,309,0.180747,0.548828,0.082031,2
confirmation-4209,confirmation,open_qa,512,512,145,254,0.333988,0.490234,0.033203,2
confirmation-4210,confirmation,classification,512,512,112,220,0.320236,0.574219,0.080078,2
confirmation-4211,confirmation,classification,512,512,227,398,0.084479,0.427734,0.046875,2
confirmation-4212,confirmation,brainstorming,512,512,71,97,0.781925,0.884766,0.066406,2
confirmation-4213,confirmation,open_qa,512,512,157,313,0.174853,0.496094,0.044922,2
confirmation-4214,confirmation,open_qa,512,512,195,376,0.088409,0.472656,0.042969,2
confirmation-4215,confirmation,closed_qa,512,512,147,261,0.349705,0.449219,0.058594,2
confirmation-4216,confirmation,classification,512,512,97,185,0.518664,0.669922,0.111328,2
confirmation-4217,confirmation,creative_writing,512,512,185,360,0.068762,0.484375,0.023438,2
confirmation-4218,confirmation,open_qa,512,512,117,262,0.247544,0.595703,0.035156,2
confirmation-4219,confirmation,information_extraction,512,512,150,278,0.286837,0.443359,0.039062,2
confirmation-4220,confirmation,open_qa,512,512,190,370,0.115914,0.455078,0.060547,2
confirmation-4221,confirmation,open_qa,512,512,124,226,0.449902,0.537109,0.046875,2
confirmation-4222,confirmation,open_qa,512,512,186,403,0.015717,0.482422,0.019531,1
confirmation-4223,confirmation,brainstorming,512,512,199,378,0.086444,0.441406,0.076172,2
confirmation-4224,confirmation,general_qa,512,512,104,206,0.418468,0.703125,0.126953,2
confirmation-4225,confirmation,closed_qa,512,512,189,366,0.104126,0.474609,0.054688,2
confirmation-4226,confirmation,open_qa,512,512,142,256,0.316306,0.578125,0.046875,2
confirmation-4227,confirmation,classification,512,512,205,413,0.039293,0.505859,0.041016,2
confirmation-4228,confirmation,closed_qa,512,512,231,402,0.094303,0.394531,0.074219,2
confirmation-4229,confirmation,general_qa,512,512,202,388,0.08055,0.423828,0.044922,2
confirmation-4230,confirmation,closed_qa,512,512,175,299,0.255403,0.414062,0.048828,2
confirmation-4231,confirmation,information_extraction,512,512,171,324,0.151277,0.462891,0.041016,2
confirmation-4232,confirmation,open_qa,512,512,203,370,0.117878,0.414062,0.046875,2
confirmation-4233,confirmation,creative_writing,512,512,224,389,0.070727,0.480469,0.068359,2
confirmation-4234,confirmation,brainstorming,512,512,193,353,0.104126,0.501953,0.033203,2
confirmation-4235,confirmation,brainstorming,512,512,228,411,0.02554,0.410156,0.03125,2
confirmation-4236,confirmation,open_qa,512,512,72,166,0.504912,0.792969,0.160156,2
confirmation-4237,confirmation,brainstorming,512,512,166,311,0.227898,0.474609,0.046875,2
confirmation-4238,confirmation,brainstorming,512,512,170,301,0.24165,0.421875,0.037109,2
confirmation-4239,confirmation,information_extraction,512,512,131,204,0.485265,0.476562,0.089844,2
confirmation-4240,confirmation,open_qa,512,512,89,182,0.40668,0.744141,0.064453,2
confirmation-4241,confirmation,creative_writing,512,512,241,424,0.009823,0.451172,0.052734,2
confirmation-4242,confirmation,brainstorming,512,512,174,316,0.210216,0.474609,0.0625,3
confirmation-4243,confirmation,summarization,512,512,206,378,0.084479,0.429688,0.03125,2
confirmation-4244,confirmation,closed_qa,512,512,44,66,0.831041,0.931641,0.1875,2
confirmation-4245,confirmation,open_qa,512,512,197,375,0.045187,0.476562,0.019531,2
confirmation-4246,confirmation,open_qa,512,512,191,337,0.184676,0.478516,0.050781,2
confirmation-4247,confirmation,general_qa,512,512,176,375,0.100196,0.455078,0.044922,2
confirmation-4248,confirmation,open_qa,512,512,185,346,0.19057,0.458984,0.066406,2
confirmation-4249,confirmation,classification,512,512,178,317,0.247544,0.449219,0.082031,3
confirmation-4250,confirmation,closed_qa,512,512,154,287,0.249509,0.433594,0.03125,2
confirmation-4251,confirmation,open_qa,512,512,166,266,0.40668,0.527344,0.052734,2
confirmation-4252,confirmation,summarization,512,512,145,256,0.328094,0.466797,0.048828,2
confirmation-4253,confirmation,open_qa,512,512,199,367,0.115914,0.501953,0.046875,2
confirmation-4254,confirmation,classification,512,512,171,329,0.1611,0.464844,0.042969,3
confirmation-4255,confirmation,closed_qa,512,512,141,258,0.345776,0.484375,0.054688,7
confirmation-4256,confirmation,open_qa,512,512,213,395,0.041257,0.457031,0.044922,2
confirmation-4257,confirmation,brainstorming,512,512,180,354,0.119843,0.458984,0.060547,2
confirmation-4258,confirmation,open_qa,512,512,82,171,0.40275,0.746094,0.064453,2
confirmation-4259,confirmation,summarization,512,512,64,107,0.713163,0.880859,0.15625,2
confirmation-4260,confirmation,closed_qa,512,512,171,325,0.159136,0.494141,0.046875,2
confirmation-4261,confirmation,open_qa,512,512,150,310,0.188605,0.558594,0.056641,2
confirmation-4262,confirmation,closed_qa,512,512,201,359,0.088409,0.447266,0.029297,2
confirmation-4263,confirmation,open_qa,512,512,169,350,0.123772,0.472656,0.041016,2
confirmation-4264,confirmation,open_qa,512,512,156,284,0.288802,0.599609,0.091797,2
confirmation-4265,confirmation,classification,512,512,136,324,0.074656,0.535156,0.019531,2
confirmation-4266,confirmation,general_qa,512,512,180,313,0.235756,0.507812,0.09375,2
confirmation-4267,confirmation,open_qa,512,512,158,332,0.145383,0.464844,0.056641,2
confirmation-4268,confirmation,creative_writing,512,512,234,425,0.017682,0.447266,0.033203,2
confirmation-4269,confirmation,summarization,512,512,103,196,0.424361,0.617188,0.056641,3
confirmation-4270,confirmation,brainstorming,512,512,73,125,0.695481,0.865234,0.029297,317
confirmation-4271,confirmation,open_qa,512,512,183,343,0.127701,0.451172,0.076172,2
confirmation-4272,confirmation,closed_qa,512,512,170,341,0.137525,0.476562,0.074219,2
confirmation-4273,confirmation,open_qa,512,512,111,191,0.534381,0.53125,0.058594,2
confirmation-4274,confirmation,open_qa,512,512,75,157,0.526523,0.710938,0.035156,3
confirmation-4275,confirmation,summarization,512,512,101,153,0.614931,0.621094,0.054688,2
confirmation-4276,confirmation,classification,512,512,108,199,0.473477,0.765625,0.160156,2
confirmation-4277,confirmation,open_qa,512,512,160,307,0.255403,0.523438,0.072266,2
confirmation-4278,confirmation,summarization,512,512,170,327,0.145383,0.53125,0.029297,2
confirmation-4279,confirmation,general_qa,512,512,94,141,0.687623,0.75,0.220703,2
confirmation-4280,confirmation,creative_writing,512,512,189,368,0.056974,0.503906,0.027344,2
confirmation-4281,confirmation,classification,512,512,126,224,0.387033,0.501953,0.033203,2
confirmation-4282,confirmation,information_extraction,512,512,93,173,0.465619,0.544922,0.091797,2
confirmation-4283,confirmation,creative_writing,512,512,147,282,0.292731,0.455078,0.033203,2
confirmation-4284,confirmation,general_qa,512,512,203,401,0.033399,0.492188,0.042969,2
confirmation-4285,confirmation,closed_qa,512,512,188,317,0.204322,0.482422,0.050781,2
confirmation-4286,confirmation,general_qa,512,512,212,415,0.023576,0.486328,0.025391,2
confirmation-4287,confirmation,information_extraction,512,512,32,43,0.89391,0.941406,0.222656,2
confirmation-4288,confirmation,classification,512,512,177,311,0.202358,0.507812,0.097656,2
confirmation-4289,confirmation,general_qa,512,512,193,343,0.115914,0.464844,0.048828,2
confirmation-4290,confirmation,classification,512,512,228,382,0.115914,0.4375,0.044922,2
confirmation-4291,confirmation,brainstorming,512,512,187,358,0.078585,0.445312,0.03125,2
confirmation-4292,confirmation,brainstorming,512,512,185,348,0.098232,0.509766,0.037109,2
confirmation-4293,confirmation,classification,512,512,88,179,0.463654,0.730469,0.023438,1
confirmation-4294,confirmation,open_qa,512,512,74,119,0.664047,0.6875,0.0,1
confirmation-4295,confirmation,brainstorming,512,512,225,408,0.02947,0.435547,0.035156,2
confirmation-4296,confirmation,classification,512,512,103,217,0.387033,0.611328,0.050781,2
confirmation-4297,confirmation,summarization,512,512,188,362,0.092338,0.544922,0.041016,2
confirmation-4298,confirmation,summarization,512,512,131,249,0.304519,0.515625,0.058594,2
confirmation-4299,confirmation,brainstorming,512,512,177,315,0.223969,0.46875,0.070312,2
confirmation-4300,confirmation,open_qa,512,512,128,255,0.251473,0.595703,0.107422,2
confirmation-4301,confirmation,general_qa,512,512,170,341,0.111984,0.5,0.044922,2
confirmation-4302,confirmation,information_extraction,512,512,124,261,0.255403,0.589844,0.058594,3
confirmation-4303,confirmation,open_qa,512,512,82,182,0.444008,0.6875,0.029297,2
confirmation-4304,confirmation,classification,512,512,127,196,0.53831,0.767578,0.019531,2
confirmation-4305,confirmation,classification,512,512,106,157,0.616896,0.574219,0.060547,2
confirmation-4306,confirmation,open_qa,512,512,121,223,0.408644,0.558594,0.095703,2
confirmation-4307,confirmation,closed_qa,512,512,85,149,0.573674,0.664062,0.074219,2
confirmation-4308,confirmation,open_qa,512,512,217,395,0.070727,0.439453,0.048828,2
confirmation-4309,confirmation,open_qa,512,512,207,381,0.08055,0.462891,0.050781,2
confirmation-4310,confirmation,open_qa,512,512,154,285,0.237721,0.595703,0.027344,2
confirmation-4311,confirmation,information_extraction,512,512,167,307,0.155206,0.544922,0.082031,2
confirmation-4312,confirmation,information_extraction,512,512,131,245,0.349705,0.640625,0.074219,2
confirmation-4313,confirmation,creative_writing,512,512,159,351,0.072692,0.501953,0.03125,2
confirmation-4314,confirmation,information_extraction,512,512,140,264,0.290766,0.632812,0.058594,2
confirmation-4315,confirmation,summarization,512,512,117,232,0.373281,0.587891,0.082031,2
confirmation-4316,confirmation,general_qa,512,512,223,410,0.051081,0.414062,0.044922,2
confirmation-4317,confirmation,brainstorming,512,512,197,356,0.108055,0.453125,0.048828,2
confirmation-4318,confirmation,brainstorming,512,512,143,250,0.35167,0.644531,0.066406,2
confirmation-4319,confirmation,general_qa,512,512,70,115,0.699411,0.789062,0.210938,2
confirmation-4320,confirmation,open_qa,512,512,211,389,0.056974,0.427734,0.035156,2
confirmation-4321,confirmation,summarization,512,512,104,169,0.550098,0.59375,0.078125,2
confirmation-4322,confirmation,summarization,512,512,112,206,0.444008,0.634766,0.039062,2
confirmation-4323,confirmation,closed_qa,512,512,80,146,0.618861,0.609375,0.03125,2
confirmation-4324,confirmation,closed_qa,512,512,112,194,0.471513,0.515625,0.058594,2
confirmation-4325,confirmation,summarization,512,512,172,364,0.047151,0.515625,0.042969,2
confirmation-4326,confirmation,information_extraction,512,512,217,396,0.027505,0.46875,0.033203,3
confirmation-4327,confirmation,open_qa,512,512,191,379,0.058939,0.472656,0.066406,2
confirmation-4328,confirmation,closed_qa,512,512,163,343,0.076621,0.552734,0.015625,2
confirmation-4329,confirmation,summarization,512,512,136,290,0.180747,0.560547,0.023438,2
confirmation-4330,confirmation,open_qa,512,512,170,339,0.184676,0.474609,0.044922,2
confirmation-4331,confirmation,open_qa,512,512,168,315,0.174853,0.488281,0.054688,2
confirmation-4332,confirmation,open_qa,512,512,209,420,0.017682,0.427734,0.033203,2
confirmation-4333,confirmation,closed_qa,512,512,158,299,0.231827,0.501953,0.074219,2
confirmation-4334,confirmation,closed_qa,512,512,141,232,0.385069,0.550781,0.091797,2
confirmation-4335,confirmation,closed_qa,512,512,206,386,0.096267,0.425781,0.046875,2
confirmation-4336,confirmation,open_qa,512,512,159,302,0.200393,0.523438,0.046875,1
confirmation-4337,confirmation,information_extraction,512,512,77,154,0.471513,0.6875,0.136719,3
confirmation-4338,confirmation,creative_writing,512,512,227,414,0.02947,0.455078,0.037109,2
confirmation-4339,confirmation,open_qa,512,512,189,383,0.02947,0.484375,0.044922,2
confirmation-4340,confirmation,brainstorming,512,512,93,143,0.656189,0.644531,0.066406,15
confirmation-4341,confirmation,brainstorming,512,512,187,360,0.133595,0.447266,0.068359,2
confirmation-4342,confirmation,general_qa,512,512,210,403,0.045187,0.439453,0.042969,2
confirmation-4343,confirmation,brainstorming,512,512,207,395,0.033399,0.464844,0.068359,2
confirmation-4344,confirmation,open_qa,512,512,214,386,0.049116,0.425781,0.048828,2
confirmation-4345,confirmation,creative_writing,512,512,157,307,0.196464,0.503906,0.070312,2
confirmation-4346,confirmation,creative_writing,512,512,190,363,0.082515,0.486328,0.080078,7
confirmation-4347,confirmation,summarization,512,512,174,306,0.261297,0.470703,0.015625,3
confirmation-4348,confirmation,summarization,512,512,172,307,0.265226,0.519531,0.060547,3
confirmation-4349,confirmation,brainstorming,512,512,234,420,0.047151,0.40625,0.060547,2
confirmation-4350,confirmation,brainstorming,512,512,174,355,0.100196,0.470703,0.015625,2
confirmation-4351,confirmation,information_extraction,512,512,122,221,0.400786,0.587891,0.078125,2
confirmation-4352,confirmation,information_extraction,512,512,122,245,0.345776,0.509766,0.039062,3
confirmation-4353,confirmation,summarization,512,512,142,283,0.255403,0.556641,0.085938,2
confirmation-4354,confirmation,general_qa,512,512,8,8,0.984283,1.0,0.142578,1
confirmation-4355,confirmation,creative_writing,512,512,188,374,0.111984,0.435547,0.042969,2
confirmation-4356,confirmation,closed_qa,512,512,142,230,0.40668,0.621094,0.125,2
confirmation-4357,confirmation,open_qa,512,512,139,253,0.292731,0.587891,0.070312,2
confirmation-4358,confirmation,general_qa,512,512,86,152,0.591356,0.828125,0.091797,2
confirmation-4359,confirmation,open_qa,512,512,140,247,0.371316,0.513672,0.003906,1
confirmation-4360,confirmation,information_extraction,512,512,191,385,0.064833,0.449219,0.023438,2
confirmation-4361,confirmation,classification,512,512,149,312,0.170923,0.498047,0.054688,2
confirmation-4362,confirmation,creative_writing,512,512,166,317,0.194499,0.472656,0.027344,2
confirmation-4363,confirmation,open_qa,512,512,220,394,0.045187,0.449219,0.041016,2
confirmation-4364,confirmation,open_qa,512,512,199,368,0.100196,0.433594,0.041016,2
confirmation-4365,confirmation,closed_qa,512,512,121,219,0.477407,0.505859,0.042969,2
confirmation-4366,confirmation,information_extraction,512,512,98,258,0.222004,0.640625,0.023438,2
confirmation-4367,confirmation,classification,512,512,179,335,0.137525,0.462891,0.013672,2
confirmation-4368,confirmation,open_qa,512,512,177,328,0.19057,0.513672,0.041016,2
confirmation-4369,confirmation,brainstorming,512,512,216,413,0.033399,0.462891,0.048828,2
confirmation-4370,confirmation,classification,512,512,154,301,0.202358,0.601562,0.0625,5
confirmation-4371,confirmation,open_qa,512,512,140,260,0.324165,0.552734,0.089844,44
confirmation-4372,confirmation,general_qa,512,512,174,318,0.184676,0.548828,0.087891,3
confirmation-4373,confirmation,open_qa,512,512,175,298,0.302554,0.480469,0.042969,2
confirmation-4374,confirmation,closed_qa,512,512,199,340,0.1611,0.447266,0.060547,2
confirmation-4375,confirmation,general_qa,512,512,98,149,0.67387,0.496094,0.009766,1
confirmation-4376,confirmation,general_qa,512,512,192,331,0.218075,0.441406,0.044922,2
confirmation-4377,confirmation,general_qa,512,512,167,354,0.082515,0.46875,0.039062,2
confirmation-4378,confirmation,summarization,512,512,159,353,0.088409,0.464844,0.015625,3
confirmation-4379,confirmation,general_qa,512,512,171,326,0.182711,0.447266,0.001953,3
confirmation-4380,confirmation,general_qa,512,512,199,366,0.117878,0.441406,0.058594,2
confirmation-4381,confirmation,closed_qa,512,512,103,192,0.477407,0.6875,0.070312,2
confirmation-4382,confirmation,information_extraction,512,512,112,195,0.422397,0.644531,0.097656,2
confirmation-4383,confirmation,brainstorming,512,512,73,126,0.634578,0.660156,0.042969,2
confirmation-4384,confirmation,open_qa,512,512,211,426,0.009823,0.423828,0.027344,2
confirmation-4385,confirmation,closed_qa,512,512,146,308,0.157171,0.511719,0.054688,2
confirmation-4386,confirmation,open_qa,512,512,85,149,0.624754,0.798828,0.115234,2
confirmation-4387,confirmation,general_qa,512,512,186,387,0.031434,0.486328,0.035156,2
confirmation-4388,confirmation,classification,512,512,135,249,0.371316,0.550781,0.027344,2
confirmation-4389,confirmation,open_qa,512,512,42,83,0.75835,0.859375,0.177734,2
confirmation-4390,confirmation,classification,512,512,174,348,0.104126,0.455078,0.058594,2
confirmation-4391,confirmation,brainstorming,512,512,194,372,0.084479,0.470703,0.046875,2
confirmation-4392,confirmation,classification,512,512,145,280,0.233792,0.476562,0.123047,2
confirmation-4393,confirmation,general_qa,512,512,210,396,0.039293,0.455078,0.027344,2
confirmation-4394,confirmation,open_qa,512,512,151,307,0.1611,0.521484,0.056641,2
confirmation-4395,confirmation,open_qa,512,512,114,193,0.451866,0.681641,0.175781,2
confirmation-4396,confirmation,open_qa,512,512,180,356,0.13556,0.449219,0.056641,3
confirmation-4397,confirmation,general_qa,512,512,204,384,0.098232,0.466797,0.050781,2
confirmation-4398,confirmation,closed_qa,512,512,150,339,0.068762,0.556641,0.023438,2
confirmation-4399,confirmation,classification,512,512,106,194,0.455796,0.658203,0.089844,2
confirmation-4400,confirmation,brainstorming,512,512,200,380,0.078585,0.453125,0.050781,2
confirmation-4401,confirmation,closed_qa,512,512,143,262,0.381139,0.501953,0.027344,2
confirmation-4402,confirmation,brainstorming,512,512,207,334,0.235756,0.429688,0.074219,2
confirmation-4403,confirmation,open_qa,512,512,111,211,0.390963,0.667969,0.072266,2
confirmation-4404,confirmation,closed_qa,512,512,30,54,0.81336,0.980469,0.103516,2
confirmation-4405,confirmation,information_extraction,512,512,143,284,0.239686,0.535156,0.052734,2
confirmation-4406,confirmation,closed_qa,512,512,89,199,0.369352,0.748047,0.039062,2
confirmation-4407,confirmation,general_qa,512,512,129,245,0.353635,0.609375,0.019531,2
confirmation-4408,confirmation,classification,512,512,211,413,0.031434,0.4375,0.035156,2
confirmation-4409,confirmation,brainstorming,512,512,144,284,0.261297,0.505859,0.074219,2
confirmation-4410,confirmation,closed_qa,512,512,191,355,0.125737,0.457031,0.050781,2
confirmation-4411,confirmation,general_qa,512,512,156,283,0.280943,0.5,0.080078,2
confirmation-4412,confirmation,information_extraction,512,512,170,304,0.275049,0.470703,0.015625,3
confirmation-4413,confirmation,classification,512,512,189,346,0.143418,0.494141,0.044922,2
confirmation-4414,confirmation,closed_qa,512,512,166,320,0.206287,0.478516,0.054688,2
confirmation-4415,confirmation,brainstorming,512,512,231,418,0.051081,0.400391,0.046875,3
confirmation-4416,confirmation,information_extraction,512,512,135,275,0.24558,0.53125,0.054688,2
confirmation-4417,confirmation,closed_qa,512,512,228,408,0.041257,0.402344,0.041016,3
confirmation-4418,confirmation,closed_qa,512,512,176,333,0.133595,0.519531,0.089844,2
confirmation-4419,confirmation,brainstorming,512,512,182,347,0.155206,0.425781,0.076172,2
confirmation-4420,confirmation,creative_writing,512,512,164,259,0.447937,0.447266,0.052734,2
confirmation-4421,confirmation,classification,512,512,181,365,0.121807,0.488281,0.037109,2
confirmation-4422,confirmation,information_extraction,512,512,116,165,0.581532,0.65625,0.066406,2
confirmation-4423,confirmation,closed_qa,512,512,155,283,0.308448,0.527344,0.064453,2
confirmation-4424,confirmation,open_qa,512,512,99,155,0.56778,0.623047,0.158203,2
confirmation-4425,confirmation,general_qa,512,512,145,263,0.308448,0.486328,0.019531,2
confirmation-4426,confirmation,general_qa,512,512,183,330,0.163065,0.509766,0.044922,2
confirmation-4427,confirmation,closed_qa,512,512,145,277,0.220039,0.5625,0.050781,2
confirmation-4428,confirmation,open_qa,512,512,186,374,0.094303,0.4375,0.041016,2
confirmation-4429,confirmation,classification,512,512,195,365,0.092338,0.464844,0.103516,2
confirmation-4430,confirmation,summarization,512,512,147,256,0.32613,0.5625,0.042969,2
confirmation-4431,confirmation,information_extraction,512,512,168,312,0.180747,0.464844,0.027344,2
confirmation-4432,confirmation,closed_qa,512,512,126,235,0.32613,0.591797,0.03125,2
confirmation-4433,confirmation,open_qa,512,512,49,87,0.662083,0.800781,0.154297,2
confirmation-4434,confirmation,general_qa,512,512,202,397,0.043222,0.435547,0.042969,2
confirmation-4435,confirmation,closed_qa,512,512,152,274,0.316306,0.503906,0.044922,2
confirmation-4436,confirmation,information_extraction,512,512,196,370,0.082515,0.490234,0.035156,3
confirmation-4437,confirmation,classification,512,512,179,355,0.078585,0.470703,0.042969,3
confirmation-4438,confirmation,brainstorming,512,512,77,154,0.504912,0.748047,0.029297,2
confirmation-4439,confirmation,general_qa,512,512,192,381,0.123772,0.476562,0.037109,2
confirmation-4440,confirmation,information_extraction,512,512,62,102,0.709234,0.662109,0.078125,2
confirmation-4441,confirmation,closed_qa,512,512,78,117,0.717092,0.847656,0.013672,2
confirmation-4442,confirmation,closed_qa,512,512,117,195,0.520629,0.492188,0.019531,2
confirmation-4443,confirmation,closed_qa,512,512,88,138,0.654224,0.666016,0.052734,2
confirmation-4444,confirmation,classification,512,512,108,226,0.328094,0.697266,0.03125,2
confirmation-4445,confirmation,closed_qa,512,512,137,235,0.40668,0.634766,0.060547,2
confirmation-4446,confirmation,general_qa,512,512,241,440,0.015717,0.398438,0.058594,2
confirmation-4447,confirmation,general_qa,512,512,201,360,0.082515,0.462891,0.074219,2
confirmation-4448,confirmation,brainstorming,512,512,79,168,0.45776,0.753906,0.042969,3
confirmation-4449,confirmation,brainstorming,512,512,204,379,0.058939,0.466797,0.039062,2
confirmation-4450,confirmation,classification,512,512,125,225,0.300589,0.585938,0.140625,2
confirmation-4451,confirmation,closed_qa,512,512,177,330,0.178782,0.453125,0.039062,3
confirmation-4452,confirmation,brainstorming,512,512,187,372,0.05501,0.527344,0.03125,2
confirmation-4453,confirmation,creative_writing,512,512,179,351,0.10609,0.513672,0.0625,2
confirmation-4454,confirmation,brainstorming,512,512,220,394,0.056974,0.429688,0.048828,2
confirmation-4455,confirmation,open_qa,512,512,180,343,0.159136,0.439453,0.035156,2
confirmation-4456,confirmation,general_qa,512,512,195,379,0.096267,0.447266,0.0625,2
confirmation-4457,confirmation,open_qa,512,512,171,295,0.24165,0.470703,0.046875,3
confirmation-4458,confirmation,brainstorming,512,512,204,352,0.155206,0.527344,0.046875,23
confirmation-4459,confirmation,general_qa,512,512,168,333,0.163065,0.466797,0.083984,2
confirmation-4460,confirmation,open_qa,512,512,126,229,0.388998,0.53125,0.060547,2
confirmation-4461,confirmation,classification,512,512,117,198,0.412574,0.701172,0.013672,19
confirmation-4462,confirmation,information_extraction,512,512,198,332,0.208251,0.425781,0.054688,3
confirmation-4463,confirmation,closed_qa,512,512,147,285,0.308448,0.486328,0.027344,2
confirmation-4464,confirmation,classification,512,512,195,374,0.076621,0.443359,0.107422,2
confirmation-4465,confirmation,summarization,512,512,176,344,0.11002,0.488281,0.03125,2
confirmation-4466,confirmation,summarization,512,512,158,288,0.261297,0.451172,0.044922,2
confirmation-4467,confirmation,information_extraction,512,512,162,282,0.27112,0.470703,0.042969,16
confirmation-4468,confirmation,creative_writing,512,512,223,359,0.222004,0.353516,0.0625,3
confirmation-4469,confirmation,open_qa,512,512,157,320,0.210216,0.541016,0.119141,2
confirmation-4470,confirmation,open_qa,512,512,201,380,0.051081,0.466797,0.041016,2
confirmation-4471,confirmation,summarization,512,512,179,339,0.168959,0.470703,0.027344,2
confirmation-4472,confirmation,open_qa,512,512,132,239,0.383104,0.464844,0.046875,2
confirmation-4473,confirmation,general_qa,512,512,75,134,0.628684,0.779297,0.042969,2
confirmation-4474,confirmation,information_extraction,512,512,168,319,0.145383,0.453125,0.025391,2
confirmation-4475,confirmation,classification,512,512,138,257,0.353635,0.511719,0.070312,2
confirmation-4476,confirmation,general_qa,512,512,155,322,0.159136,0.523438,0.019531,2
confirmation-4477,confirmation,open_qa,512,512,117,272,0.178782,0.591797,0.035156,2
confirmation-4478,confirmation,open_qa,512,512,205,386,0.082515,0.451172,0.042969,2
confirmation-4479,confirmation,open_qa,512,512,159,323,0.139489,0.53125,0.03125,2
confirmation-4480,confirmation,general_qa,512,512,178,342,0.121807,0.458984,0.064453,2
confirmation-4481,confirmation,information_extraction,512,512,170,342,0.113949,0.521484,0.019531,2
confirmation-4482,confirmation,open_qa,512,512,151,307,0.147348,0.541016,0.027344,2
confirmation-4483,confirmation,creative_writing,512,512,164,272,0.345776,0.503906,0.089844,2
confirmation-4484,confirmation,open_qa,512,512,107,192,0.449902,0.642578,0.078125,2
confirmation-4485,confirmation,summarization,512,512,218,411,0.031434,0.435547,0.021484,2
confirmation-4486,confirmation,closed_qa,512,512,158,281,0.267191,0.494141,0.048828,2
confirmation-4487,confirmation,open_qa,512,512,105,164,0.536346,0.566406,0.064453,2
confirmation-4488,confirmation,general_qa,512,512,219,416,0.037328,0.417969,0.039062,3
confirmation-4489,confirmation,classification,512,512,101,168,0.526523,0.720703,0.197266,2
confirmation-4490,confirmation,open_qa,512,512,146,316,0.10609,0.521484,0.041016,2
confirmation-4491,confirmation,creative_writing,512,512,209,403,0.02554,0.455078,0.054688,2
confirmation-4492,confirmation,closed_qa,512,512,191,356,0.096267,0.462891,0.03125,3
confirmation-4493,confirmation,summarization,512,512,19,27,0.927308,1.0,0.113281,2
confirmation-4494,confirmation,classification,512,512,157,327,0.131631,0.443359,0.078125,2
confirmation-4495,confirmation,closed_qa,512,512,126,273,0.243615,0.583984,0.064453,3
confirmation-4496,confirmation,general_qa,512,512,142,251,0.339882,0.533203,0.097656,2
confirmation-4497,confirmation,brainstorming,512,512,150,278,0.237721,0.566406,0.027344,2
confirmation-4498,confirmation,information_extraction,512,512,95,174,0.500982,0.666016,0.095703,2
confirmation-4499,confirmation,open_qa,512,512,182,352,0.086444,0.494141,0.0625,2
confirmation-4500,confirmation,open_qa,512,512,193,394,0.047151,0.476562,0.035156,2
confirmation-4501,confirmation,open_qa,512,512,194,364,0.13556,0.460938,0.050781,2
confirmation-4502,confirmation,open_qa,512,512,190,325,0.204322,0.517578,0.046875,2
confirmation-4503,confirmation,classification,512,512,197,365,0.098232,0.496094,0.042969,2
confirmation-4504,confirmation,classification,512,512,198,369,0.092338,0.490234,0.054688,2
confirmation-4505,confirmation,general_qa,512,512,224,423,0.035363,0.439453,0.03125,2
confirmation-4506,confirmation,classification,512,512,159,282,0.229862,0.578125,0.039062,2
confirmation-4507,confirmation,general_qa,512,512,206,422,0.017682,0.462891,0.011719,2
confirmation-4508,confirmation,closed_qa,512,512,137,232,0.43222,0.630859,0.117188,2
confirmation-4509,confirmation,closed_qa,512,512,79,121,0.669941,0.685547,0.138672,2
confirmation-4510,confirmation,general_qa,512,512,147,281,0.257367,0.501953,0.076172,2
confirmation-4511,confirmation,closed_qa,512,512,168,301,0.210216,0.542969,0.035156,2
confirmation-4512,confirmation,brainstorming,512,512,229,411,0.019646,0.431641,0.035156,2
confirmation-4513,confirmation,brainstorming,512,512,63,92,0.746562,0.697266,0.066406,2
confirmation-4514,confirmation,information_extraction,512,512,60,103,0.756385,0.685547,0.048828,3
confirmation-4515,confirmation,open_qa,512,512,189,345,0.125737,0.439453,0.041016,2
confirmation-4516,confirmation,open_qa,512,512,107,173,0.56778,0.720703,0.160156,2
confirmation-4517,confirmation,general_qa,512,512,181,365,0.058939,0.53125,0.027344,2
confirmation-4518,confirmation,summarization,512,512,199,385,0.062868,0.511719,0.035156,2
confirmation-4519,confirmation,classification,512,512,118,211,0.330059,0.666016,0.105469,2
confirmation-4520,confirmation,general_qa,512,512,90,177,0.373281,0.75,0.105469,2
confirmation-4521,confirmation,open_qa,512,512,165,320,0.159136,0.505859,0.056641,2
confirmation-4522,confirmation,classification,512,512,67,107,0.654224,0.847656,0.0,1
confirmation-4523,confirmation,summarization,512,512,181,270,0.363458,0.375,0.029297,2
confirmation-4524,confirmation,open_qa,512,512,131,265,0.316306,0.496094,0.046875,2
confirmation-4525,confirmation,classification,512,512,214,401,0.027505,0.431641,0.029297,2
confirmation-4526,confirmation,closed_qa,512,512,94,219,0.343811,0.789062,0.0,2
confirmation-4527,confirmation,summarization,512,512,122,215,0.438114,0.585938,0.041016,2
confirmation-4528,confirmation,general_qa,512,512,198,382,0.064833,0.466797,0.015625,2
confirmation-4529,confirmation,classification,512,512,185,364,0.086444,0.460938,0.054688,2
confirmation-4530,confirmation,brainstorming,512,512,209,409,0.049116,0.453125,0.052734,2
confirmation-4531,confirmation,information_extraction,512,512,138,256,0.277014,0.589844,0.080078,2
confirmation-4532,confirmation,classification,512,512,238,432,0.019646,0.423828,0.044922,2
confirmation-4533,confirmation,creative_writing,512,512,230,428,0.035363,0.441406,0.058594,2
confirmation-4534,confirmation,general_qa,512,512,126,217,0.416503,0.570312,0.035156,2
confirmation-4535,confirmation,open_qa,512,512,108,211,0.383104,0.587891,0.101562,2
confirmation-4536,confirmation,open_qa,512,512,134,257,0.304519,0.554688,0.044922,2
confirmation-4537,confirmation,information_extraction,512,512,105,156,0.614931,0.644531,0.083984,2
confirmation-4538,confirmation,open_qa,512,512,129,243,0.349705,0.638672,0.085938,2
confirmation-4539,confirmation,open_qa,512,512,170,287,0.257367,0.517578,0.070312,2
confirmation-4540,confirmation,general_qa,512,512,182,346,0.168959,0.476562,0.066406,2
confirmation-4541,confirmation,information_extraction,512,512,117,236,0.308448,0.595703,0.052734,2
confirmation-4542,confirmation,general_qa,512,512,94,136,0.687623,0.816406,0.09375,2
confirmation-4543,confirmation,open_qa,512,512,203,386,0.056974,0.509766,0.035156,2
confirmation-4544,confirmation,classification,512,512,45,68,0.805501,0.935547,0.019531,2
confirmation-4545,confirmation,open_qa,512,512,104,169,0.605108,0.517578,0.041016,2
confirmation-4546,confirmation,classification,512,512,180,309,0.212181,0.488281,0.039062,2
confirmation-4547,confirmation,brainstorming,512,512,190,370,0.070727,0.46875,0.041016,2
confirmation-4548,confirmation,general_qa,512,512,226,416,0.051081,0.421875,0.060547,2
confirmation-4549,confirmation,open_qa,512,512,132,263,0.239686,0.548828,0.046875,2
confirmation-4550,confirmation,open_qa,512,512,164,309,0.18664,0.484375,0.035156,2
confirmation-4551,confirmation,classification,512,512,80,160,0.522593,0.757812,0.044922,1
confirmation-4552,confirmation,classification,512,512,168,369,0.051081,0.494141,0.023438,2
confirmation-4553,confirmation,open_qa,512,512,215,413,0.015717,0.472656,0.064453,2
confirmation-4554,confirmation,open_qa,512,512,110,204,0.416503,0.566406,0.023438,2
confirmation-4555,confirmation,creative_writing,512,512,233,400,0.043222,0.423828,0.042969,2
confirmation-4556,confirmation,open_qa,512,512,181,379,0.05501,0.494141,0.048828,2
confirmation-4557,confirmation,classification,512,512,222,400,0.058939,0.417969,0.039062,2
confirmation-4558,confirmation,closed_qa,512,512,174,314,0.214145,0.460938,0.058594,2
confirmation-4559,confirmation,general_qa,512,512,207,388,0.066798,0.46875,0.070312,2
confirmation-4560,confirmation,brainstorming,512,512,198,355,0.13556,0.447266,0.052734,2
confirmation-4561,confirmation,open_qa,512,512,165,294,0.290766,0.509766,0.052734,3
confirmation-4562,confirmation,classification,512,512,73,107,0.650295,0.703125,0.042969,2
confirmation-4563,confirmation,open_qa,512,512,107,184,0.388998,0.613281,0.089844,2
confirmation-4564,confirmation,creative_writing,512,512,170,332,0.133595,0.556641,0.005859,1
confirmation-4565,confirmation,open_qa,512,512,111,232,0.324165,0.677734,0.050781,2
confirmation-4566,confirmation,summarization,512,512,123,228,0.355599,0.558594,0.076172,2
confirmation-4567,confirmation,open_qa,512,512,81,128,0.595285,0.675781,0.162109,2
confirmation-4568,confirmation,information_extraction,512,512,100,180,0.483301,0.605469,0.113281,3
confirmation-4569,confirmation,closed_qa,512,512,123,236,0.32613,0.558594,0.070312,2
confirmation-4570,confirmation,classification,512,512,126,229,0.365422,0.632812,0.064453,2
confirmation-4571,confirmation,open_qa,512,512,90,195,0.304519,0.683594,0.099609,2
confirmation-4572,confirmation,creative_writing,512,512,202,411,0.031434,0.425781,0.056641,2
confirmation-4573,confirmation,open_qa,512,512,139,235,0.422397,0.595703,0.041016,1
confirmation-4574,confirmation,brainstorming,512,512,203,373,0.131631,0.431641,0.046875,2
confirmation-4575,confirmation,closed_qa,512,512,95,137,0.660118,0.820312,0.158203,2
confirmation-4576,confirmation,open_qa,512,512,49,64,0.850688,0.943359,0.240234,2
confirmation-4577,confirmation,information_extraction,512,512,28,71,0.722986,0.976562,0.068359,2
confirmation-4578,confirmation,information_extraction,512,512,134,279,0.172888,0.671875,0.03125,2
confirmation-4579,confirmation,open_qa,512,512,97,167,0.559921,0.726562,0.052734,2
confirmation-4580,confirmation,creative_writing,512,512,211,403,0.011788,0.486328,0.03125,2
confirmation-4581,confirmation,general_qa,512,512,160,302,0.255403,0.492188,0.054688,2
confirmation-4582,confirmation,classification,512,512,72,106,0.713163,0.876953,0.181641,2
confirmation-4583,confirmation,classification,512,512,128,224,0.394892,0.542969,0.050781,2
confirmation-4584,confirmation,closed_qa,512,512,166,331,0.139489,0.478516,0.046875,2
confirmation-4585,confirmation,brainstorming,512,512,204,395,0.037328,0.449219,0.039062,2
confirmation-4586,confirmation,general_qa,512,512,191,358,0.117878,0.457031,0.050781,2
confirmation-4587,confirmation,summarization,512,512,95,160,0.609037,0.623047,0.042969,3
confirmation-4588,confirmation,closed_qa,512,512,54,77,0.799607,0.650391,0.078125,2
confirmation-4589,confirmation,classification,512,512,71,112,0.717092,0.835938,0.097656,2
confirmation-4590,confirmation,classification,512,512,230,411,0.037328,0.435547,0.060547,2
confirmation-4591,confirmation,information_extraction,512,512,170,295,0.257367,0.552734,0.054688,2
confirmation-4592,confirmation,information_extraction,512,512,148,270,0.233792,0.476562,0.019531,3
confirmation-4593,confirmation,open_qa,512,512,190,397,0.045187,0.482422,0.050781,2
confirmation-4594,confirmation,open_qa,512,512,196,359,0.10609,0.474609,0.041016,2
confirmation-4595,confirmation,open_qa,512,512,71,122,0.660118,0.734375,0.177734,2
confirmation-4596,confirmation,classification,512,512,225,415,0.039293,0.462891,0.050781,2
confirmation-4597,confirmation,open_qa,512,512,194,395,0.043222,0.455078,0.035156,2
confirmation-4598,confirmation,open_qa,512,512,50,79,0.744597,0.833984,0.054688,2
confirmation-4599,confirmation,open_qa,512,512,200,402,0.033399,0.484375,0.039062,2
confirmation-4600,confirmation,brainstorming,512,512,162,329,0.155206,0.466797,0.0,2
confirmation-4601,confirmation,classification,512,512,190,367,0.082515,0.447266,0.058594,2
confirmation-4602,confirmation,open_qa,512,512,183,366,0.078585,0.521484,0.050781,2
confirmation-4603,confirmation,closed_qa,512,512,193,335,0.123772,0.4375,0.050781,2
confirmation-4604,confirmation,information_extraction,512,512,94,178,0.522593,0.669922,0.091797,2
confirmation-4605,confirmation,closed_qa,512,512,174,307,0.202358,0.480469,0.029297,2
confirmation-4606,confirmation,open_qa,512,512,100,155,0.634578,0.820312,0.337891,2
confirmation-4607,confirmation,classification,512,512,117,238,0.267191,0.675781,0.023438,2
confirmation-4608,confirmation,closed_qa,512,512,163,321,0.108055,0.525391,0.009766,3
confirmation-4609,confirmation,brainstorming,512,512,188,360,0.13556,0.4375,0.052734,2
confirmation-4610,confirmation,classification,512,512,232,412,0.058939,0.423828,0.064453,2
confirmation-4611,confirmation,closed_qa,512,512,140,269,0.251473,0.539062,0.03125,2
confirmation-4612,confirmation,general_qa,512,512,216,410,0.027505,0.466797,0.048828,2
confirmation-4613,confirmation,summarization,512,512,96,160,0.609037,0.558594,0.033203,2
confirmation-4614,confirmation,brainstorming,512,512,116,252,0.314342,0.591797,0.039062,2
confirmation-4615,confirmation,creative_writing,512,512,133,306,0.141454,0.583984,0.005859,1
confirmation-4616,confirmation,brainstorming,512,512,186,328,0.235756,0.501953,0.056641,2
confirmation-4617,confirmation,general_qa,512,512,166,304,0.261297,0.486328,0.021484,1
confirmation-4618,confirmation,classification,512,512,136,285,0.13556,0.578125,0.070312,2
confirmation-4619,confirmation,general_qa,512,512,196,372,0.090373,0.398438,0.058594,2
confirmation-4620,confirmation,summarization,512,512,55,92,0.770138,0.730469,0.121094,2
confirmation-4621,confirmation,open_qa,512,512,215,389,0.078585,0.486328,0.019531,2
confirmation-4622,confirmation,summarization,512,512,155,305,0.223969,0.470703,0.025391,2
confirmation-4623,confirmation,general_qa,512,512,203,401,0.033399,0.462891,0.03125,2
confirmation-4624,confirmation,general_qa,512,512,174,353,0.092338,0.466797,0.027344,2
confirmation-4625,confirmation,general_qa,512,512,162,327,0.129666,0.523438,0.027344,2
confirmation-4626,confirmation,brainstorming,512,512,168,327,0.194499,0.404297,0.037109,2
confirmation-4627,confirmation,information_extraction,512,512,174,305,0.239686,0.474609,0.019531,2
confirmation-4628,confirmation,creative_writing,512,512,159,306,0.223969,0.501953,0.044922,2
confirmation-4629,confirmation,closed_qa,512,512,109,213,0.392927,0.705078,0.074219,2
confirmation-4630,confirmation,information_extraction,512,512,214,363,0.133595,0.394531,0.013672,2
confirmation-4631,confirmation,closed_qa,512,512,189,352,0.141454,0.466797,0.035156,2
confirmation-4632,confirmation,classification,512,512,18,32,0.903733,1.0,0.328125,2
confirmation-4633,confirmation,brainstorming,512,512,169,352,0.125737,0.435547,0.058594,2
confirmation-4634,confirmation,classification,512,512,95,165,0.54224,0.681641,0.142578,2
confirmation-4635,confirmation,open_qa,512,512,185,368,0.072692,0.482422,0.048828,2
confirmation-4636,confirmation,brainstorming,512,512,128,219,0.416503,0.46875,0.054688,2
confirmation-4637,confirmation,open_qa,512,512,199,402,0.02554,0.490234,0.035156,2
confirmation-4638,confirmation,open_qa,512,512,98,170,0.499018,0.685547,0.089844,2
confirmation-4639,confirmation,information_extraction,512,512,101,182,0.506876,0.554688,0.068359,2
confirmation-4640,confirmation,information_extraction,512,512,236,398,0.092338,0.425781,0.011719,2
confirmation-4641,confirmation,general_qa,512,512,133,241,0.379175,0.482422,0.058594,2
confirmation-4642,confirmation,summarization,512,512,184,320,0.19057,0.492188,0.056641,2
confirmation-4643,confirmation,general_qa,512,512,137,247,0.375246,0.548828,0.03125,2
confirmation-4644,confirmation,closed_qa,512,512,171,348,0.127701,0.445312,0.033203,2
confirmation-4645,confirmation,open_qa,512,512,113,187,0.555992,0.751953,0.052734,2
confirmation-4646,confirmation,brainstorming,512,512,155,292,0.220039,0.513672,0.076172,2
confirmation-4647,confirmation,classification,512,512,113,172,0.56778,0.605469,0.15625,2
confirmation-4648,confirmation,information_extraction,512,512,210,403,0.027505,0.425781,0.060547,2
confirmation-4649,confirmation,general_qa,512,512,146,281,0.231827,0.548828,0.09375,2
confirmation-4650,confirmation,open_qa,512,512,196,373,0.056974,0.494141,0.039062,2
confirmation-4651,confirmation,summarization,512,512,94,184,0.520629,0.732422,0.070312,2
confirmation-4652,confirmation,brainstorming,512,512,130,234,0.387033,0.488281,0.158203,2
confirmation-4653,confirmation,closed_qa,512,512,191,355,0.10609,0.513672,0.011719,2
confirmation-4654,confirmation,closed_qa,512,512,162,309,0.166994,0.455078,0.054688,2
confirmation-4655,confirmation,summarization,512,512,125,268,0.247544,0.552734,0.019531,2
confirmation-4656,confirmation,brainstorming,512,512,191,330,0.13556,0.476562,0.070312,2
confirmation-4657,confirmation,closed_qa,512,512,206,370,0.096267,0.421875,0.035156,2
confirmation-4658,confirmation,brainstorming,512,512,221,394,0.11002,0.416016,0.066406,2
confirmation-4659,confirmation,general_qa,512,512,232,412,0.035363,0.433594,0.023438,2
confirmation-4660,confirmation,open_qa,512,512,206,372,0.115914,0.423828,0.091797,2
confirmation-4661,confirmation,closed_qa,512,512,161,260,0.400786,0.482422,0.0625,2
confirmation-4662,confirmation,general_qa,512,512,173,336,0.18664,0.494141,0.080078,2
confirmation-4663,confirmation,closed_qa,512,512,160,303,0.210216,0.474609,0.052734,2
confirmation-4664,confirmation,closed_qa,512,512,104,189,0.491159,0.595703,0.007812,2
confirmation-4665,confirmation,classification,512,512,208,373,0.060904,0.460938,0.046875,2
confirmation-4666,confirmation,classification,512,512,185,345,0.194499,0.445312,0.050781,3
confirmation-4667,confirmation,open_qa,512,512,233,420,0.031434,0.429688,0.042969,2
confirmation-4668,confirmation,general_qa,512,512,193,371,0.098232,0.462891,0.068359,2
confirmation-4669,confirmation,general_qa,512,512,248,436,0.031434,0.421875,0.035156,2
confirmation-4670,confirmation,open_qa,512,512,75,111,0.675835,0.59375,0.068359,2
confirmation-4671,confirmation,open_qa,512,512,191,364,0.100196,0.458984,0.074219,3
confirmation-4672,confirmation,brainstorming,512,512,182,360,0.090373,0.472656,0.070312,3
confirmation-4673,confirmation,information_extraction,512,512,180,326,0.155206,0.542969,0.041016,2
confirmation-4674,confirmation,open_qa,512,512,47,78,0.78389,0.90625,0.03125,2
confirmation-4675,confirmation,classification,512,512,202,346,0.163065,0.478516,0.042969,2
confirmation-4676,confirmation,brainstorming,512,512,100,156,0.624754,0.681641,0.152344,2
confirmation-4677,confirmation,open_qa,512,512,201,349,0.13556,0.457031,0.052734,2
confirmation-4678,confirmation,open_qa,512,512,132,239,0.387033,0.462891,0.082031,2
confirmation-4679,confirmation,brainstorming,512,512,113,204,0.467583,0.699219,0.082031,137
confirmation-4680,confirmation,open_qa,512,512,232,402,0.047151,0.439453,0.052734,2
confirmation-4681,confirmation,information_extraction,512,512,174,356,0.05501,0.523438,0.015625,1
confirmation-4682,confirmation,general_qa,512,512,224,426,0.02554,0.416016,0.068359,2
confirmation-4683,confirmation,brainstorming,512,512,187,374,0.094303,0.490234,0.041016,2
confirmation-4684,confirmation,general_qa,512,512,232,415,0.056974,0.408203,0.025391,2
confirmation-4685,confirmation,closed_qa,512,512,197,359,0.145383,0.40625,0.025391,2
confirmation-4686,confirmation,classification,512,512,151,274,0.333988,0.521484,0.083984,2
confirmation-4687,confirmation,open_qa,512,512,183,388,0.068762,0.480469,0.044922,2
confirmation-4688,confirmation,summarization,512,512,148,264,0.369352,0.466797,0.019531,2
confirmation-4689,confirmation,classification,512,512,139,242,0.392927,0.691406,0.148438,2
confirmation-4690,confirmation,closed_qa,512,512,141,272,0.353635,0.464844,0.042969,2
confirmation-4691,confirmation,classification,512,512,98,224,0.341847,0.638672,0.066406,2
confirmation-4692,confirmation,information_extraction,512,512,63,120,0.646365,0.6875,0.023438,2
confirmation-4693,confirmation,open_qa,512,512,85,155,0.575639,0.605469,0.037109,2
confirmation-4694,confirmation,open_qa,512,512,109,201,0.396857,0.652344,0.054688,2
confirmation-4695,confirmation,open_qa,512,512,138,284,0.147348,0.578125,0.050781,2
confirmation-4696,confirmation,classification,512,512,57,122,0.552063,0.816406,0.074219,2
confirmation-4697,confirmation,summarization,512,512,171,354,0.102161,0.484375,0.03125,2
confirmation-4698,confirmation,general_qa,512,512,187,367,0.111984,0.478516,0.0625,2
confirmation-4699,confirmation,classification,512,512,36,71,0.652259,0.939453,0.048828,2
confirmation-4700,confirmation,classification,512,512,216,372,0.129666,0.384766,0.03125,2
confirmation-4701,confirmation,classification,512,512,136,272,0.294695,0.578125,0.0625,2
confirmation-4702,confirmation,summarization,512,512,157,248,0.398821,0.544922,0.097656,2
confirmation-4703,confirmation,open_qa,512,512,172,358,0.096267,0.486328,0.029297,1
confirmation-4704,confirmation,brainstorming,512,512,191,344,0.184676,0.449219,0.080078,2
confirmation-4705,confirmation,information_extraction,512,512,61,112,0.632613,0.707031,0.070312,2
confirmation-4706,confirmation,classification,512,512,179,322,0.253438,0.460938,0.066406,2
confirmation-4707,confirmation,information_extraction,512,512,177,353,0.08055,0.527344,0.011719,3
confirmation-4708,confirmation,creative_writing,512,512,225,420,0.033399,0.445312,0.052734,2
confirmation-4709,confirmation,closed_qa,512,512,166,333,0.129666,0.519531,0.025391,3
confirmation-4710,confirmation,general_qa,512,512,206,411,0.02554,0.482422,0.037109,2
confirmation-4711,confirmation,classification,512,512,127,211,0.40668,0.503906,0.068359,2
confirmation-4712,confirmation,open_qa,512,512,155,313,0.141454,0.53125,0.03125,2
confirmation-4713,confirmation,open_qa,512,512,141,286,0.19057,0.591797,0.039062,2
confirmation-4714,confirmation,open_qa,512,512,165,294,0.265226,0.474609,0.035156,2
confirmation-4715,confirmation,brainstorming,512,512,185,349,0.131631,0.435547,0.011719,2
confirmation-4716,confirmation,open_qa,512,512,192,384,0.027505,0.445312,0.019531,2
confirmation-4717,confirmation,general_qa,512,512,206,378,0.060904,0.439453,0.039062,2
confirmation-4718,confirmation,open_qa,512,512,192,344,0.147348,0.451172,0.03125,2
confirmation-4719,confirmation,brainstorming,512,512,222,389,0.05501,0.464844,0.033203,2
confirmation-4720,confirmation,open_qa,512,512,87,155,0.59725,0.818359,0.029297,2
confirmation-4721,confirmation,open_qa,512,512,214,366,0.10609,0.451172,0.03125,2
confirmation-4722,confirmation,information_extraction,512,512,118,213,0.40275,0.525391,0.064453,2
confirmation-4723,confirmation,classification,512,512,232,414,0.02554,0.400391,0.058594,2
confirmation-4724,confirmation,closed_qa,512,512,130,267,0.222004,0.638672,0.035156,2
confirmation-4725,confirmation,general_qa,512,512,119,225,0.410609,0.6875,0.035156,150
confirmation-4726,confirmation,classification,512,512,162,324,0.214145,0.46875,0.0625,2
confirmation-4727,confirmation,classification,512,512,133,249,0.21611,0.59375,0.076172,2
confirmation-4728,confirmation,brainstorming,512,512,107,224,0.379175,0.630859,0.046875,2
confirmation-4729,confirmation,open_qa,512,512,182,349,0.11002,0.482422,0.097656,2
confirmation-4730,confirmation,creative_writing,512,512,198,390,0.078585,0.486328,0.023438,2
confirmation-4731,confirmation,general_qa,512,512,228,426,0.033399,0.419922,0.046875,2
confirmation-4732,confirmation,summarization,512,512,101,172,0.577603,0.779297,0.0625,2
confirmation-4733,confirmation,information_extraction,512,512,176,340,0.108055,0.505859,0.03125,2
confirmation-4734,confirmation,open_qa,512,512,39,60,0.842829,0.757812,0.019531,1
confirmation-4735,confirmation,open_qa,512,512,167,325,0.125737,0.525391,0.03125,2
confirmation-4736,confirmation,general_qa,512,512,174,353,0.098232,0.529297,0.03125,2
confirmation-4737,confirmation,classification,512,512,174,323,0.182711,0.449219,0.042969,2
confirmation-4738,confirmation,summarization,512,512,168,299,0.233792,0.457031,0.052734,2
confirmation-4739,confirmation,open_qa,512,512,109,208,0.353635,0.648438,0.064453,3
confirmation-4740,confirmation,information_extraction,512,512,92,158,0.569745,0.769531,0.035156,2
confirmation-4741,confirmation,summarization,512,512,111,214,0.465619,0.599609,0.007812,2
confirmation-4742,confirmation,open_qa,512,512,212,394,0.049116,0.449219,0.039062,2
confirmation-4743,confirmation,open_qa,512,512,176,352,0.100196,0.496094,0.029297,2
confirmation-4744,confirmation,general_qa,512,512,202,387,0.064833,0.460938,0.041016,2
confirmation-4745,confirmation,closed_qa,512,512,153,297,0.202358,0.564453,0.039062,2
confirmation-4746,confirmation,summarization,512,512,85,155,0.599214,0.636719,0.082031,2
confirmation-4747,confirmation,open_qa,512,512,172,261,0.37721,0.619141,0.03125,2
confirmation-4748,confirmation,general_qa,512,512,129,302,0.192534,0.544922,0.027344,3
confirmation-4749,confirmation,classification,512,512,101,151,0.614931,0.802734,0.224609,2
confirmation-4750,confirmation,classification,512,512,173,314,0.194499,0.472656,0.066406,2
confirmation-4751,confirmation,brainstorming,512,512,179,340,0.119843,0.451172,0.048828,2
confirmation-4752,confirmation,information_extraction,512,512,201,369,0.078585,0.445312,0.03125,2
confirmation-4753,confirmation,open_qa,512,512,160,263,0.392927,0.398438,0.042969,2
confirmation-4754,confirmation,brainstorming,512,512,205,387,0.096267,0.419922,0.029297,2
confirmation-4755,confirmation,summarization,512,512,79,124,0.660118,0.785156,0.046875,2
confirmation-4756,confirmation,classification,512,512,207,363,0.147348,0.453125,0.03125,2
confirmation-4757,confirmation,summarization,512,512,123,204,0.467583,0.693359,0.089844,2
confirmation-4758,confirmation,open_qa,512,512,171,316,0.182711,0.484375,0.044922,2
confirmation-4759,confirmation,classification,512,512,197,382,0.053045,0.4375,0.050781,2
confirmation-4760,confirmation,information_extraction,512,512,212,374,0.115914,0.425781,0.019531,3
confirmation-4761,confirmation,classification,512,512,194,345,0.163065,0.449219,0.039062,2
confirmation-4762,confirmation,general_qa,512,512,218,380,0.104126,0.447266,0.044922,2
confirmation-4763,confirmation,general_qa,512,512,133,258,0.282908,0.666016,0.082031,2
confirmation-4764,confirmation,closed_qa,512,512,214,383,0.066798,0.466797,0.033203,3
confirmation-4765,confirmation,brainstorming,512,512,157,340,0.064833,0.519531,0.066406,2
confirmation-4766,confirmation,general_qa,512,512,187,349,0.111984,0.453125,0.03125,2
confirmation-4767,confirmation,classification,512,512,92,141,0.640472,0.785156,0.015625,2
confirmation-4768,confirmation,summarization,512,512,96,156,0.589391,0.634766,0.029297,2
confirmation-4769,confirmation,information_extraction,512,512,196,363,0.137525,0.445312,0.066406,2
confirmation-4770,confirmation,open_qa,512,512,89,200,0.35167,0.748047,0.097656,2
confirmation-4771,confirmation,classification,512,512,93,132,0.599214,0.765625,0.003906,2
confirmation-4772,confirmation,general_qa,512,512,160,278,0.375246,0.615234,0.078125,2
confirmation-4773,confirmation,brainstorming,512,512,160,283,0.170923,0.498047,0.109375,2
confirmation-4774,confirmation,open_qa,512,512,69,103,0.774067,0.896484,0.166016,2
confirmation-4775,confirmation,classification,512,512,217,382,0.086444,0.453125,0.048828,2
confirmation-4776,confirmation,general_qa,512,512,136,245,0.306483,0.554688,0.074219,2
confirmation-4777,confirmation,information_extraction,512,512,127,202,0.508841,0.533203,0.015625,2
confirmation-4778,confirmation,information_extraction,512,512,116,253,0.269155,0.59375,0.074219,2
confirmation-4779,confirmation,classification,512,512,155,280,0.239686,0.550781,0.029297,2
confirmation-4780,confirmation,classification,512,512,73,129,0.650295,0.78125,0.121094,2
confirmation-4781,confirmation,open_qa,512,512,111,208,0.390963,0.552734,0.097656,2
confirmation-4782,confirmation,open_qa,512,512,124,266,0.223969,0.615234,0.025391,2
confirmation-4783,confirmation,open_qa,512,512,102,166,0.534381,0.751953,0.125,2
confirmation-4784,confirmation,general_qa,512,512,170,274,0.381139,0.595703,0.076172,2
confirmation-4785,confirmation,closed_qa,512,512,218,364,0.170923,0.423828,0.035156,2
confirmation-4786,confirmation,brainstorming,512,512,126,189,0.575639,0.480469,0.0625,2
confirmation-4787,confirmation,brainstorming,512,512,53,106,0.56778,0.765625,0.134766,2
confirmation-4788,confirmation,open_qa,512,512,151,291,0.176817,0.541016,0.070312,2
confirmation-4789,confirmation,creative_writing,512,512,219,428,0.009823,0.46875,0.041016,2
confirmation-4790,confirmation,classification,512,512,26,53,0.825147,0.988281,0.0,1
confirmation-4791,confirmation,open_qa,512,512,199,380,0.078585,0.474609,0.0625,2
confirmation-4792,confirmation,general_qa,512,512,206,395,0.060904,0.431641,0.007812,2
confirmation-4793,confirmation,open_qa,512,512,170,347,0.068762,0.517578,0.029297,2
confirmation-4794,confirmation,general_qa,512,512,209,394,0.047151,0.470703,0.033203,2
confirmation-4795,confirmation,closed_qa,512,512,101,163,0.616896,0.771484,0.099609,3
confirmation-4796,confirmation,open_qa,512,512,45,83,0.691552,0.841797,0.068359,5
confirmation-4797,confirmation,creative_writing,512,512,187,358,0.070727,0.474609,0.007812,2
confirmation-4798,confirmation,open_qa,512,512,190,371,0.100196,0.470703,0.064453,2
confirmation-4799,confirmation,classification,512,512,217,412,0.027505,0.453125,0.052734,2
confirmation-4800,confirmation,classification,512,512,111,203,0.394892,0.638672,0.064453,2
confirmation-4801,confirmation,brainstorming,512,512,216,361,0.145383,0.445312,0.070312,2
confirmation-4802,confirmation,general_qa,512,512,178,321,0.227898,0.417969,0.039062,3
confirmation-4803,confirmation,classification,512,512,218,389,0.058939,0.414062,0.027344,2
confirmation-4804,confirmation,classification,512,512,132,220,0.485265,0.480469,0.023438,2
confirmation-4805,confirmation,general_qa,512,512,171,347,0.133595,0.482422,0.0,1
confirmation-4806,confirmation,classification,512,512,170,348,0.066798,0.513672,0.048828,2
confirmation-4807,confirmation,closed_qa,512,512,141,292,0.192534,0.576172,0.056641,2
confirmation-4808,confirmation,classification,512,512,59,100,0.667976,0.892578,0.056641,2
confirmation-4809,confirmation,summarization,512,512,143,285,0.239686,0.521484,0.066406,2
confirmation-4810,confirmation,closed_qa,512,512,157,298,0.176817,0.541016,0.03125,3
confirmation-4811,confirmation,open_qa,512,512,161,275,0.324165,0.453125,0.042969,2
confirmation-4812,confirmation,classification,512,512,101,233,0.314342,0.634766,0.023438,3
confirmation-4813,confirmation,open_qa,512,512,140,248,0.347741,0.478516,0.039062,2
confirmation-4814,confirmation,classification,512,512,46,74,0.781925,0.833984,0.089844,2
confirmation-4815,confirmation,brainstorming,512,512,194,372,0.100196,0.482422,0.0625,2
confirmation-4816,confirmation,open_qa,512,512,143,298,0.212181,0.449219,0.039062,2
confirmation-4817,confirmation,brainstorming,512,512,212,420,0.035363,0.419922,0.033203,2
confirmation-4818,confirmation,open_qa,512,512,236,421,0.082515,0.376953,0.015625,2
confirmation-4819,confirmation,open_qa,512,512,87,124,0.6778,0.65625,0.146484,2
confirmation-4820,confirmation,open_qa,512,512,179,352,0.125737,0.457031,0.015625,2
confirmation-4821,confirmation,summarization,512,512,168,283,0.353635,0.40625,0.037109,2
confirmation-4822,confirmation,information_extraction,512,512,165,316,0.176817,0.517578,0.042969,2
confirmation-4823,confirmation,classification,512,512,179,358,0.174853,0.455078,0.054688,2
confirmation-4824,confirmation,classification,512,512,110,225,0.365422,0.675781,0.041016,2
confirmation-4825,confirmation,closed_qa,512,512,107,191,0.447937,0.646484,0.037109,2
confirmation-4826,confirmation,open_qa,512,512,148,266,0.318271,0.486328,0.0625,2
confirmation-4827,confirmation,brainstorming,512,512,222,382,0.066798,0.386719,0.054688,2
confirmation-4828,confirmation,open_qa,512,512,212,389,0.100196,0.421875,0.083984,2
confirmation-4829,confirmation,closed_qa,512,512,119,203,0.459725,0.566406,0.09375,2
confirmation-4830,confirmation,classification,512,512,210,347,0.151277,0.478516,0.039062,2
confirmation-4831,confirmation,closed_qa,512,512,243,412,0.041257,0.359375,0.039062,2
confirmation-4832,confirmation,classification,512,512,232,409,0.02947,0.458984,0.054688,2
confirmation-4833,confirmation,closed_qa,512,512,116,206,0.442043,0.462891,0.027344,2
confirmation-4834,confirmation,brainstorming,512,512,81,124,0.70334,0.855469,0.232422,2
confirmation-4835,confirmation,general_qa,512,512,159,335,0.141454,0.525391,0.023438,2
confirmation-4836,confirmation,open_qa,512,512,218,392,0.088409,0.439453,0.060547,2
confirmation-4837,confirmation,open_qa,512,512,146,278,0.24558,0.490234,0.058594,3
confirmation-4838,confirmation,closed_qa,512,512,156,321,0.117878,0.507812,0.03125,3
confirmation-4839,confirmation,summarization,512,512,81,155,0.575639,0.574219,0.091797,2
confirmation-4840,confirmation,classification,512,512,32,47,0.888016,0.976562,0.033203,1
confirmation-4841,confirmation,open_qa,512,512,72,128,0.603143,0.6875,0.109375,2
confirmation-4842,confirmation,classification,512,512,204,366,0.078585,0.470703,0.046875,2
confirmation-4843,confirmation,general_qa,512,512,177,322,0.269155,0.572266,0.1875,2
confirmation-4844,confirmation,open_qa,512,512,94,187,0.447937,0.607422,0.035156,2
confirmation-4845,confirmation,brainstorming,512,512,228,413,0.051081,0.40625,0.052734,2
confirmation-4846,confirmation,open_qa,512,512,144,237,0.306483,0.548828,0.109375,2
confirmation-4847,confirmation,brainstorming,512,512,244,420,0.031434,0.382812,0.039062,2
confirmation-4848,confirmation,open_qa,512,512,130,280,0.194499,0.617188,0.035156,2
confirmation-4849,confirmation,creative_writing,512,512,138,288,0.172888,0.578125,0.076172,2
confirmation-4850,confirmation,general_qa,512,512,191,369,0.084479,0.427734,0.058594,2
confirmation-4851,confirmation,information_extraction,512,512,97,217,0.3222,0.617188,0.058594,2
confirmation-4852,confirmation,open_qa,512,512,182,362,0.064833,0.525391,0.052734,2
confirmation-4853,confirmation,open_qa,512,512,220,425,0.02947,0.408203,0.035156,2
confirmation-4854,confirmation,open_qa,512,512,156,310,0.125737,0.521484,0.023438,2
confirmation-4855,confirmation,open_qa,512,512,226,416,0.033399,0.4375,0.039062,2
confirmation-4856,confirmation,general_qa,512,512,189,349,0.11002,0.501953,0.027344,2
confirmation-4857,confirmation,brainstorming,512,512,202,345,0.204322,0.4375,0.048828,2
confirmation-4858,confirmation,open_qa,512,512,137,255,0.328094,0.556641,0.037109,2
confirmation-4859,confirmation,general_qa,512,512,74,128,0.555992,0.728516,0.146484,2
confirmation-4860,confirmation,summarization,512,512,112,188,0.544204,0.582031,0.064453,2
confirmation-4861,confirmation,classification,512,512,182,346,0.092338,0.523438,0.074219,2
confirmation-4862,confirmation,brainstorming,512,512,206,373,0.092338,0.490234,0.03125,2
confirmation-4863,confirmation,open_qa,512,512,229,428,0.02554,0.474609,0.044922,2
confirmation-4864,confirmation,general_qa,512,512,147,236,0.428291,0.529297,0.023438,2
confirmation-4865,confirmation,summarization,512,512,173,308,0.208251,0.521484,0.027344,2
confirmation-4866,confirmation,brainstorming,512,512,216,409,0.02947,0.408203,0.039062,2
confirmation-4867,confirmation,general_qa,512,512,211,404,0.045187,0.462891,0.039062,2
confirmation-4868,confirmation,open_qa,512,512,203,361,0.143418,0.417969,0.056641,2
confirmation-4869,confirmation,closed_qa,512,512,99,181,0.518664,0.503906,0.056641,2
confirmation-4870,confirmation,closed_qa,512,512,166,318,0.147348,0.560547,0.029297,2
confirmation-4871,confirmation,brainstorming,512,512,211,395,0.053045,0.478516,0.050781,2
confirmation-4872,confirmation,information_extraction,512,512,201,355,0.113949,0.472656,0.039062,2
confirmation-4873,confirmation,general_qa,512,512,180,333,0.139489,0.496094,0.066406,2
confirmation-4874,confirmation,brainstorming,512,512,188,335,0.235756,0.466797,0.078125,2
confirmation-4875,confirmation,general_qa,512,512,183,347,0.127701,0.482422,0.09375,2
confirmation-4876,confirmation,closed_qa,512,512,175,360,0.084479,0.519531,0.019531,3
confirmation-4877,confirmation,general_qa,512,512,92,160,0.571709,0.669922,0.076172,2
confirmation-4878,confirmation,brainstorming,512,512,192,381,0.070727,0.445312,0.052734,2
confirmation-4879,confirmation,open_qa,512,512,125,217,0.430255,0.523438,0.097656,2
confirmation-4880,confirmation,open_qa,512,512,97,153,0.618861,0.582031,0.052734,2
confirmation-4881,confirmation,summarization,512,512,118,231,0.302554,0.664062,0.021484,2
confirmation-4882,confirmation,creative_writing,512,512,172,314,0.178782,0.607422,0.060547,2
confirmation-4883,confirmation,summarization,512,512,141,265,0.294695,0.542969,0.078125,2
confirmation-4884,confirmation,creative_writing,512,512,146,270,0.320236,0.517578,0.041016,2
confirmation-4885,confirmation,open_qa,512,512,52,67,0.856582,0.572266,0.033203,1
confirmation-4886,confirmation,brainstorming,512,512,194,368,0.10609,0.433594,0.080078,2
confirmation-4887,confirmation,open_qa,512,512,155,269,0.345776,0.486328,0.066406,2
confirmation-4888,confirmation,general_qa,512,512,118,231,0.341847,0.691406,0.099609,2
confirmation-4889,confirmation,summarization,512,512,123,237,0.330059,0.578125,0.068359,3
confirmation-4890,confirmation,general_qa,512,512,139,291,0.165029,0.617188,0.042969,2
confirmation-4891,confirmation,summarization,512,512,165,316,0.1611,0.533203,0.021484,3
confirmation-4892,confirmation,classification,512,512,82,156,0.534381,0.648438,0.037109,2
confirmation-4893,confirmation,general_qa,512,512,50,98,0.701375,0.919922,0.152344,2
confirmation-4894,confirmation,open_qa,512,512,144,215,0.489194,0.691406,0.023438,2
confirmation-4895,confirmation,creative_writing,512,512,142,211,0.516699,0.544922,0.070312,2
confirmation-4896,confirmation,information_extraction,512,512,179,316,0.19057,0.472656,0.058594,2
confirmation-4897,confirmation,open_qa,512,512,251,443,0.017682,0.386719,0.044922,2
confirmation-4898,confirmation,classification,512,512,162,321,0.153242,0.539062,0.0625,2
confirmation-4899,confirmation,closed_qa,512,512,105,168,0.591356,0.556641,0.046875,2
confirmation-4900,confirmation,brainstorming,512,512,92,145,0.552063,0.664062,0.054688,2
confirmation-4901,confirmation,general_qa,512,512,204,349,0.137525,0.425781,0.058594,2
confirmation-4902,confirmation,open_qa,512,512,119,213,0.436149,0.703125,0.066406,4
confirmation-4903,confirmation,summarization,512,512,146,285,0.239686,0.517578,0.029297,2
confirmation-4904,confirmation,information_extraction,512,512,200,384,0.051081,0.439453,0.025391,2
confirmation-4905,confirmation,open_qa,512,512,91,149,0.632613,0.740234,0.107422,2
confirmation-4906,confirmation,classification,512,512,138,254,0.292731,0.552734,0.035156,2
confirmation-4907,confirmation,creative_writing,512,512,183,337,0.139489,0.501953,0.046875,2
confirmation-4908,confirmation,information_extraction,512,512,209,391,0.037328,0.494141,0.056641,2
confirmation-4909,confirmation,classification,512,512,170,287,0.324165,0.455078,0.058594,2
confirmation-4910,confirmation,information_extraction,512,512,149,309,0.139489,0.5625,0.089844,2
confirmation-4911,confirmation,brainstorming,512,512,216,405,0.039293,0.435547,0.039062,2
confirmation-4912,confirmation,information_extraction,512,512,202,364,0.121807,0.453125,0.039062,2
confirmation-4913,confirmation,open_qa,512,512,117,206,0.436149,0.628906,0.126953,2
confirmation-4914,confirmation,open_qa,512,512,201,359,0.123772,0.482422,0.085938,3
confirmation-4915,confirmation,brainstorming,512,512,116,204,0.424361,0.634766,0.058594,2
confirmation-4916,confirmation,closed_qa,512,512,132,234,0.40668,0.556641,0.066406,2
confirmation-4917,confirmation,classification,512,512,150,248,0.428291,0.626953,0.027344,2
confirmation-4918,confirmation,brainstorming,512,512,205,418,0.009823,0.433594,0.023438,2
confirmation-4919,confirmation,general_qa,512,512,156,294,0.253438,0.505859,0.050781,2
confirmation-4920,confirmation,closed_qa,512,512,166,329,0.178782,0.515625,0.025391,2
confirmation-4921,confirmation,open_qa,512,512,168,288,0.294695,0.421875,0.056641,2
confirmation-4922,confirmation,classification,512,512,98,197,0.449902,0.691406,0.060547,2
confirmation-4923,confirmation,classification,512,512,122,224,0.408644,0.554688,0.050781,2
confirmation-4924,confirmation,open_qa,512,512,191,358,0.10609,0.435547,0.023438,2
confirmation-4925,confirmation,brainstorming,512,512,229,416,0.058939,0.382812,0.052734,2
confirmation-4926,confirmation,closed_qa,512,512,149,271,0.3222,0.488281,0.041016,2
confirmation-4927,confirmation,brainstorming,512,512,202,383,0.084479,0.457031,0.046875,2
confirmation-4928,confirmation,general_qa,512,512,108,193,0.43222,0.587891,0.078125,2
confirmation-4929,confirmation,brainstorming,512,512,204,384,0.08055,0.427734,0.041016,2
confirmation-4930,confirmation,creative_writing,512,512,159,326,0.086444,0.580078,0.044922,2
confirmation-4931,confirmation,open_qa,512,512,185,366,0.05501,0.519531,0.03125,2
confirmation-4932,confirmation,closed_qa,512,512,189,344,0.194499,0.4375,0.046875,2
confirmation-4933,confirmation,brainstorming,512,512,51,119,0.465619,0.84375,0.0,3
confirmation-4934,confirmation,classification,512,512,146,255,0.385069,0.599609,0.083984,2
confirmation-4935,confirmation,open_qa,512,512,90,138,0.64833,0.746094,0.107422,2
confirmation-4936,confirmation,closed_qa,512,512,206,389,0.064833,0.441406,0.023438,2
confirmation-4937,confirmation,general_qa,512,512,201,384,0.102161,0.455078,0.056641,2
confirmation-4938,confirmation,closed_qa,512,512,133,295,0.10609,0.662109,0.044922,3
confirmation-4939,confirmation,closed_qa,512,512,113,188,0.569745,0.511719,0.042969,2
confirmation-4940,confirmation,brainstorming,512,512,140,224,0.491159,0.421875,0.060547,2
confirmation-4941,confirmation,information_extraction,512,512,141,272,0.280943,0.574219,0.087891,2
confirmation-4942,confirmation,general_qa,512,512,198,386,0.053045,0.484375,0.039062,2
confirmation-4943,confirmation,summarization,512,512,24,53,0.787819,0.980469,0.21875,2
confirmation-4944,confirmation,creative_writing,512,512,217,400,0.113949,0.40625,0.042969,2
confirmation-4945,confirmation,brainstorming,512,512,110,170,0.571709,0.789062,0.318359,2
confirmation-4946,confirmation,creative_writing,512,512,223,408,0.037328,0.480469,0.035156,2
confirmation-4947,confirmation,brainstorming,512,512,155,268,0.35167,0.466797,0.048828,2
confirmation-4948,confirmation,brainstorming,512,512,190,384,0.078585,0.464844,0.089844,2
confirmation-4949,confirmation,closed_qa,512,512,132,203,0.536346,0.470703,0.046875,2
confirmation-4950,confirmation,creative_writing,512,512,144,276,0.249509,0.564453,0.023438,2
confirmation-4951,confirmation,classification,512,512,121,245,0.300589,0.626953,0.060547,2
confirmation-4952,confirmation,classification,512,512,191,316,0.233792,0.484375,0.078125,2
confirmation-4953,confirmation,general_qa,512,512,171,289,0.300589,0.498047,0.035156,2
confirmation-4954,confirmation,classification,512,512,227,408,0.023576,0.455078,0.017578,1
confirmation-4955,confirmation,classification,512,512,111,150,0.660118,0.800781,0.013672,2
confirmation-4956,confirmation,open_qa,512,512,174,309,0.196464,0.441406,0.042969,2
confirmation-4957,confirmation,open_qa,512,512,75,100,0.779961,0.695312,0.105469,2
confirmation-4958,confirmation,classification,512,512,86,152,0.563851,0.582031,0.0625,2
confirmation-4959,confirmation,brainstorming,512,512,159,244,0.373281,0.517578,0.056641,2
confirmation-4960,confirmation,summarization,512,512,136,249,0.320236,0.517578,0.089844,2
confirmation-4961,confirmation,open_qa,512,512,65,115,0.6778,0.826172,0.140625,2
confirmation-4962,confirmation,information_extraction,512,512,207,364,0.117878,0.455078,0.033203,2
confirmation-4963,confirmation,closed_qa,512,512,121,280,0.192534,0.564453,0.041016,3
confirmation-4964,confirmation,classification,512,512,82,124,0.616896,0.820312,0.171875,2
confirmation-4965,confirmation,classification,512,512,106,202,0.430255,0.710938,0.039062,2
confirmation-4966,confirmation,closed_qa,512,512,178,329,0.206287,0.449219,0.054688,2
confirmation-4967,confirmation,classification,512,512,166,329,0.159136,0.476562,0.042969,2
confirmation-4968,confirmation,open_qa,512,512,159,325,0.115914,0.521484,0.035156,2
confirmation-4969,confirmation,brainstorming,512,512,165,325,0.145383,0.482422,0.058594,2
confirmation-4970,confirmation,open_qa,512,512,172,304,0.212181,0.488281,0.070312,2
confirmation-4971,confirmation,information_extraction,512,512,164,329,0.121807,0.5625,0.054688,2
confirmation-4972,confirmation,information_extraction,512,512,169,312,0.168959,0.503906,0.042969,2
confirmation-4973,confirmation,classification,512,512,189,343,0.147348,0.412109,0.064453,2
confirmation-4974,confirmation,information_extraction,512,512,63,88,0.78389,0.632812,0.107422,2
confirmation-4975,confirmation,summarization,512,512,190,333,0.229862,0.443359,0.068359,2
confirmation-4976,confirmation,classification,512,512,138,260,0.332024,0.542969,0.035156,2
confirmation-4977,confirmation,information_extraction,512,512,114,190,0.532417,0.525391,0.056641,2
confirmation-4978,confirmation,closed_qa,512,512,212,391,0.078585,0.421875,0.025391,2
confirmation-4979,confirmation,classification,512,512,44,65,0.81336,0.925781,0.095703,1
confirmation-4980,confirmation,information_extraction,512,512,141,270,0.231827,0.482422,0.066406,2
confirmation-4981,confirmation,summarization,512,512,167,337,0.094303,0.464844,0.011719,2
confirmation-4982,confirmation,general_qa,512,512,125,226,0.337917,0.626953,0.089844,2
confirmation-4983,confirmation,general_qa,512,512,166,333,0.137525,0.482422,0.0625,2
confirmation-4984,confirmation,open_qa,512,512,208,391,0.056974,0.460938,0.039062,2
confirmation-4985,confirmation,brainstorming,512,512,186,318,0.204322,0.546875,0.048828,6
confirmation-4986,confirmation,summarization,512,512,145,310,0.196464,0.488281,0.039062,2
confirmation-4987,confirmation,general_qa,512,512,175,326,0.145383,0.455078,0.074219,3
confirmation-4988,confirmation,information_extraction,512,512,199,365,0.104126,0.443359,0.050781,2
confirmation-4989,confirmation,open_qa,512,512,148,317,0.170923,0.552734,0.027344,2
confirmation-4990,confirmation,general_qa,512,512,219,412,0.074656,0.421875,0.048828,2
confirmation-4991,confirmation,open_qa,512,512,116,217,0.424361,0.609375,0.09375,17
confirmation-4992,confirmation,classification,512,512,180,303,0.172888,0.464844,0.066406,2
confirmation-4993,confirmation,general_qa,512,512,147,276,0.261297,0.482422,0.046875,2
confirmation-4994,confirmation,classification,512,512,140,257,0.288802,0.535156,0.039062,2
confirmation-4995,confirmation,summarization,512,512,145,306,0.115914,0.626953,0.019531,3
confirmation-4996,confirmation,general_qa,512,512,91,203,0.396857,0.701172,0.001953,1
confirmation-4997,confirmation,open_qa,512,512,109,225,0.310413,0.548828,0.041016,1
confirmation-4998,confirmation,general_qa,512,512,53,98,0.693517,0.685547,0.042969,1
confirmation-4999,confirmation,brainstorming,512,512,156,276,0.269155,0.517578,0.021484,2
